bank_id,cert,bank_name,report_date,segment,audit_sample_role,taxonomy_transition_audit,raw_source_files,source_archive_members,charge_off_raw_fields_and_values,recovery_raw_fields_and_values,transformation,quarterly_charge_off_thousands,quarterly_recovery_thousands,derived_segment_nco_thousands,panel_segment_nco_thousands,raw_archive_to_standard_match,derived_to_panel_match,flow_component_completeness,missing_flow_components,reviewer,reviewer_conclusion,reviewer_note,limitation
12311,6560,HUNTINGTON NATIONAL BANK,2007-12-31,CRE,CRE_TAXONOMY_TRANSITION,True,FFIEC CDR Call Bulk All Schedules 09302007.zip; FFIEC CDR Call Bulk All Schedules 12312007.zip,FFIEC CDR Call Bulk All Schedules 09302007.zip::FFIEC CDR Call Schedule RIBI 09302007.txt; FFIEC CDR Call Bulk All Schedules 12312007.zip::FFIEC CDR Call Schedule RIBI 12312007.txt; FFIEC CDR Call Bulk All Schedules 09302007.zip::FFIEC CDR Call Schedule RIBI 09302007.txt; FFIEC CDR Call Bulk All Schedules 12312007.zip::FFIEC CDR Call Schedule RIBI 12312007.txt,RIAD3582: current_ytd=23658; prior_ytd=14293; quarterly=9365 | RIAD3588: current_ytd=3395; prior_ytd=33; quarterly=3362 | RIAD3590: current_ytd=25172; prior_ytd=5573; quarterly=19599,RIAD3583: current_ytd=1; prior_ytd=1; quarterly=0 | RIAD3589: current_ytd=2; prior_ytd=1; quarterly=1 | RIAD3591: current_ytd=1949; prior_ytd=1583; quarterly=366,Q1: quarterly=YTD; Q2-Q4: quarterly=current YTD-prior-quarter YTD; segment NCO=quarterly charge-offs-quarterly recoveries,32326.0,367.0,31959.0,31959.0,True,True,True,,Batch 1 acceptance repair operator,PASS,Direct FFIEC archive members and values were inspected; raw-to-standard and recomputed-to-panel traces agree.,"This is a fixed reproducible 100-observation source-document sample with required transition rows, not evidence that all unreviewed reporting-detail changes are absent."
143662,17266,COLUMBIA BANK,2007-12-31,CRE,CRE_TAXONOMY_TRANSITION,True,FFIEC CDR Call Bulk All Schedules 09302007.zip; FFIEC CDR Call Bulk All Schedules 12312007.zip,FFIEC CDR Call Bulk All Schedules 09302007.zip::FFIEC CDR Call Schedule RIBI 09302007.txt; FFIEC CDR Call Bulk All Schedules 12312007.zip::FFIEC CDR Call Schedule RIBI 12312007.txt; FFIEC CDR Call Bulk All Schedules 09302007.zip::FFIEC CDR Call Schedule RIBI 09302007.txt; FFIEC CDR Call Bulk All Schedules 12312007.zip::FFIEC CDR Call Schedule RIBI 12312007.txt,RIAD3582: current_ytd=26817; prior_ytd=14711; quarterly=12106 | RIAD3588: current_ytd=0; prior_ytd=0; quarterly=0 | RIAD3590: current_ytd=3255; prior_ytd=1358; quarterly=1897,RIAD3583: current_ytd=312; prior_ytd=309; quarterly=3 | RIAD3589: current_ytd=0; prior_ytd=0; quarterly=0 | RIAD3591: current_ytd=719; prior_ytd=450; quarterly=269,Q1: quarterly=YTD; Q2-Q4: quarterly=current YTD-prior-quarter YTD; segment NCO=quarterly charge-offs-quarterly recoveries,14003.0,272.0,13731.0,13731.0,True,True,True,,Batch 1 acceptance repair operator,PASS,Direct FFIEC archive members and values were inspected; raw-to-standard and recomputed-to-panel traces agree.,"This is a fixed reproducible 100-observation source-document sample with required transition rows, not evidence that all unreviewed reporting-detail changes are absent."
12311,6560,HUNTINGTON NATIONAL BANK,2008-03-31,CRE,CRE_TAXONOMY_TRANSITION,True,FFIEC CDR Call Bulk All Schedules 03312008.zip,FFIEC CDR Call Bulk All Schedules 03312008.zip::FFIEC CDR Call Schedule RIBI 03312008.txt; FFIEC CDR Call Bulk All Schedules 03312008.zip::FFIEC CDR Call Schedule RIBI 03312008.txt,RIAD3588: current_ytd=0; quarterly=current_ytd | RIADC891: current_ytd=362; quarterly=current_ytd | RIADC893: current_ytd=1708; quarterly=current_ytd | RIADC895: current_ytd=487; quarterly=current_ytd | RIADC897: current_ytd=4869; quarterly=current_ytd,RIAD3589: current_ytd=3; quarterly=current_ytd | RIADC892: current_ytd=2; quarterly=current_ytd | RIADC894: current_ytd=0; quarterly=current_ytd | RIADC896: current_ytd=590; quarterly=current_ytd | RIADC898: current_ytd=0; quarterly=current_ytd,Q1: quarterly=YTD; Q2-Q4: quarterly=current YTD-prior-quarter YTD; segment NCO=quarterly charge-offs-quarterly recoveries,7426.0,595.0,6831.0,6831.0,True,True,True,,Batch 1 acceptance repair operator,PASS,Direct FFIEC archive members and values were inspected; raw-to-standard and recomputed-to-panel traces agree.,"This is a fixed reproducible 100-observation source-document sample with required transition rows, not evidence that all unreviewed reporting-detail changes are absent."
143662,17266,COLUMBIA BANK,2008-03-31,CRE,CRE_TAXONOMY_TRANSITION,True,FFIEC CDR Call Bulk All Schedules 03312008.zip,FFIEC CDR Call Bulk All Schedules 03312008.zip::FFIEC CDR Call Schedule RIBI 03312008.txt; FFIEC CDR Call Bulk All Schedules 03312008.zip::FFIEC CDR Call Schedule RIBI 03312008.txt,RIAD3588: current_ytd=0; quarterly=current_ytd | RIADC891: current_ytd=10853; quarterly=current_ytd | RIADC893: current_ytd=2834; quarterly=current_ytd | RIADC895: current_ytd=40; quarterly=current_ytd | RIADC897: current_ytd=799; quarterly=current_ytd,RIAD3589: current_ytd=0; quarterly=current_ytd | RIADC892: current_ytd=6; quarterly=current_ytd | RIADC894: current_ytd=3; quarterly=current_ytd | RIADC896: current_ytd=0; quarterly=current_ytd | RIADC898: current_ytd=56; quarterly=current_ytd,Q1: quarterly=YTD; Q2-Q4: quarterly=current YTD-prior-quarter YTD; segment NCO=quarterly charge-offs-quarterly recoveries,14526.0,65.0,14461.0,14461.0,True,True,True,,Batch 1 acceptance repair operator,PASS,Direct FFIEC archive members and values were inspected; raw-to-standard and recomputed-to-panel traces agree.,"This is a fixed reproducible 100-observation source-document sample with required transition rows, not evidence that all unreviewed reporting-detail changes are absent."
12311,6560,HUNTINGTON NATIONAL BANK,2008-06-30,CRE,CRE_TAXONOMY_TRANSITION,True,FFIEC CDR Call Bulk All Schedules 03312008.zip; FFIEC CDR Call Bulk All Schedules 06302008.zip,FFIEC CDR Call Bulk All Schedules 03312008.zip::FFIEC CDR Call Schedule RIBI 03312008.txt; FFIEC CDR Call Bulk All Schedules 06302008.zip::FFIEC CDR Call Schedule RIBI 06302008.txt; FFIEC CDR Call Bulk All Schedules 03312008.zip::FFIEC CDR Call Schedule RIBI 03312008.txt; FFIEC CDR Call Bulk All Schedules 06302008.zip::FFIEC CDR Call Schedule RIBI 06302008.txt,RIAD3588: current_ytd=1271; prior_ytd=0; quarterly=1271 | RIADC891: current_ytd=1502; prior_ytd=362; quarterly=1140 | RIADC893: current_ytd=8899; prior_ytd=1708; quarterly=7191 | RIADC895: current_ytd=787; prior_ytd=487; quarterly=300 | RIADC897: current_ytd=12443; prior_ytd=4869; quarterly=7574,RIAD3589: current_ytd=66; prior_ytd=3; quarterly=63 | RIADC892: current_ytd=6; prior_ytd=2; quarterly=4 | RIADC894: current_ytd=10; prior_ytd=0; quarterly=10 | RIADC896: current_ytd=8; prior_ytd=590; quarterly=-582 | RIADC898: current_ytd=1381; prior_ytd=0; quarterly=1381,Q1: quarterly=YTD; Q2-Q4: quarterly=current YTD-prior-quarter YTD; segment NCO=quarterly charge-offs-quarterly recoveries,17476.0,876.0,16600.0,16600.0,True,True,True,,Batch 1 acceptance repair operator,PASS,Direct FFIEC archive members and values were inspected; raw-to-standard and recomputed-to-panel traces agree.,"This is a fixed reproducible 100-observation source-document sample with required transition rows, not evidence that all unreviewed reporting-detail changes are absent."
143662,17266,COLUMBIA BANK,2008-06-30,CRE,CRE_TAXONOMY_TRANSITION,True,FFIEC CDR Call Bulk All Schedules 03312008.zip; FFIEC CDR Call Bulk All Schedules 06302008.zip,FFIEC CDR Call Bulk All Schedules 03312008.zip::FFIEC CDR Call Schedule RIBI 03312008.txt; FFIEC CDR Call Bulk All Schedules 06302008.zip::FFIEC CDR Call Schedule RIBI 06302008.txt; FFIEC CDR Call Bulk All Schedules 03312008.zip::FFIEC CDR Call Schedule RIBI 03312008.txt; FFIEC CDR Call Bulk All Schedules 06302008.zip::FFIEC CDR Call Schedule RIBI 06302008.txt,RIAD3588: current_ytd=0; prior_ytd=0; quarterly=0 | RIADC891: current_ytd=31881; prior_ytd=10853; quarterly=21028 | RIADC893: current_ytd=2695; prior_ytd=2834; quarterly=-139 | RIADC895: current_ytd=301; prior_ytd=40; quarterly=261 | RIADC897: current_ytd=1683; prior_ytd=799; quarterly=884,RIAD3589: current_ytd=0; prior_ytd=0; quarterly=0 | RIADC892: current_ytd=8; prior_ytd=6; quarterly=2 | RIADC894: current_ytd=23; prior_ytd=3; quarterly=20 | RIADC896: current_ytd=0; prior_ytd=0; quarterly=0 | RIADC898: current_ytd=398; prior_ytd=56; quarterly=342,Q1: quarterly=YTD; Q2-Q4: quarterly=current YTD-prior-quarter YTD; segment NCO=quarterly charge-offs-quarterly recoveries,22034.0,364.0,21670.0,21670.0,True,True,True,,Batch 1 acceptance repair operator,PASS,Direct FFIEC archive members and values were inspected; raw-to-standard and recomputed-to-panel traces agree.,"This is a fixed reproducible 100-observation source-document sample with required transition rows, not evidence that all unreviewed reporting-detail changes are absent."
1929247,33555,SOUTHSTATE BANK NA,2005-06-30,CRE,FIXED_RANDOM,False,FFIEC CDR Call Bulk All Schedules 03312005.zip; FFIEC CDR Call Bulk All Schedules 06302005.zip,FFIEC CDR Call Bulk All Schedules 03312005.zip::FFIEC CDR Call Schedule RIBI 03312005.txt; FFIEC CDR Call Bulk All Schedules 06302005.zip::FFIEC CDR Call Schedule RIBI 06302005.txt; FFIEC CDR Call Bulk All Schedules 03312005.zip::FFIEC CDR Call Schedule RIBI 03312005.txt; FFIEC CDR Call Bulk All Schedules 06302005.zip::FFIEC CDR Call Schedule RIBI 06302005.txt,RIAD3582: current_ytd=0; prior_ytd=0; quarterly=0 | RIAD3588: current_ytd=0; prior_ytd=0; quarterly=0 | RIAD3590: current_ytd=0; prior_ytd=0; quarterly=0,RIAD3583: current_ytd=0; prior_ytd=0; quarterly=0 | RIAD3589: current_ytd=0; prior_ytd=0; quarterly=0 | RIAD3591: current_ytd=0; prior_ytd=0; quarterly=0,Q1: quarterly=YTD; Q2-Q4: quarterly=current YTD-prior-quarter YTD; segment NCO=quarterly charge-offs-quarterly recoveries,0.0,0.0,0.0,0.0,True,True,True,,Batch 1 acceptance repair operator,PASS,Direct FFIEC archive members and values were inspected; raw-to-standard and recomputed-to-panel traces agree.,"This is a fixed reproducible 100-observation source-document sample with required transition rows, not evidence that all unreviewed reporting-detail changes are absent."
491224,11063,FIRST-CITIZENS BANK&TRUST CO,2006-03-31,Mortgage,FIXED_RANDOM,False,FFIEC CDR Call Bulk All Schedules 03312006.zip,FFIEC CDR Call Bulk All Schedules 03312006.zip::FFIEC CDR Call Schedule RIBI 03312006.txt; FFIEC CDR Call Bulk All Schedules 03312006.zip::FFIEC CDR Call Schedule RIBI 03312006.txt,RIADC234: current_ytd=121; quarterly=current_ytd | RIADC235: current_ytd=0; quarterly=current_ytd,RIADC217: current_ytd=35; quarterly=current_ytd | RIADC218: current_ytd=0; quarterly=current_ytd,Q1: quarterly=YTD; Q2-Q4: quarterly=current YTD-prior-quarter YTD; segment NCO=quarterly charge-offs-quarterly recoveries,121.0,35.0,86.0,86.0,True,True,True,,Batch 1 acceptance repair operator,PASS,Direct FFIEC archive members and values were inspected; raw-to-standard and recomputed-to-panel traces agree.,"This is a fixed reproducible 100-observation source-document sample with required transition rows, not evidence that all unreviewed reporting-detail changes are absent."
682563,5510,FROST BANK,2006-03-31,CRE,FIXED_RANDOM,False,FFIEC CDR Call Bulk All Schedules 03312006.zip,FFIEC CDR Call Bulk All Schedules 03312006.zip::FFIEC CDR Call Schedule RIBI 03312006.txt; FFIEC CDR Call Bulk All Schedules 03312006.zip::FFIEC CDR Call Schedule RIBI 03312006.txt,RIAD3582: current_ytd=28; quarterly=current_ytd | RIAD3588: current_ytd=0; quarterly=current_ytd | RIAD3590: current_ytd=0; quarterly=current_ytd,RIAD3583: current_ytd=1; quarterly=current_ytd | RIAD3589: current_ytd=0; quarterly=current_ytd | RIAD3591: current_ytd=2; quarterly=current_ytd,Q1: quarterly=YTD; Q2-Q4: quarterly=current YTD-prior-quarter YTD; segment NCO=quarterly charge-offs-quarterly recoveries,28.0,3.0,25.0,25.0,True,True,True,,Batch 1 acceptance repair operator,PASS,Direct FFIEC archive members and values were inspected; raw-to-standard and recomputed-to-panel traces agree.,"This is a fixed reproducible 100-observation source-document sample with required transition rows, not evidence that all unreviewed reporting-detail changes are absent."
761806,18221,WEBSTER BANK NATIONAL ASSN,2006-09-30,CI,FIXED_RANDOM,False,FFIEC CDR Call Bulk All Schedules 06302006.zip; FFIEC CDR Call Bulk All Schedules 09302006.zip,FFIEC CDR Call Bulk All Schedules 06302006.zip::FFIEC CDR Call Schedule RIBI 06302006.txt; FFIEC CDR Call Bulk All Schedules 09302006.zip::FFIEC CDR Call Schedule RIBI 09302006.txt; FFIEC CDR Call Bulk All Schedules 06302006.zip::FFIEC CDR Call Schedule RIBI 06302006.txt; FFIEC CDR Call Bulk All Schedules 09302006.zip::FFIEC CDR Call Schedule RIBI 09302006.txt,RIAD4638: current_ytd=7763; prior_ytd=4404; quarterly=3359,RIAD4608: current_ytd=1313; prior_ytd=896; quarterly=417,Q1: quarterly=YTD; Q2-Q4: quarterly=current YTD-prior-quarter YTD; segment NCO=quarterly charge-offs-quarterly recoveries,3359.0,417.0,2942.0,2942.0,True,True,True,,Batch 1 acceptance repair operator,PASS,Direct FFIEC archive members and values were inspected; raw-to-standard and recomputed-to-panel traces agree.,"This is a fixed reproducible 100-observation source-document sample with required transition rows, not evidence that all unreviewed reporting-detail changes are absent."
208244,3832,OLD NATIONAL BANK,2006-12-31,CI,FIXED_RANDOM,False,FFIEC CDR Call Bulk All Schedules 09302006.zip; FFIEC CDR Call Bulk All Schedules 12312006.zip,FFIEC CDR Call Bulk All Schedules 09302006.zip::FFIEC CDR Call Schedule RIBI 09302006.txt; FFIEC CDR Call Bulk All Schedules 12312006.zip::FFIEC CDR Call Schedule RIBI 12312006.txt; FFIEC CDR Call Bulk All Schedules 09302006.zip::FFIEC CDR Call Schedule RIBI 09302006.txt; FFIEC CDR Call Bulk All Schedules 12312006.zip::FFIEC CDR Call Schedule RIBI 12312006.txt,RIAD4638: current_ytd=10908; prior_ytd=7091; quarterly=3817,RIAD4608: current_ytd=2629; prior_ytd=1699; quarterly=930,Q1: quarterly=YTD; Q2-Q4: quarterly=current YTD-prior-quarter YTD; segment NCO=quarterly charge-offs-quarterly recoveries,3817.0,930.0,2887.0,2887.0,True,True,True,,Batch 1 acceptance repair operator,PASS,Direct FFIEC archive members and values were inspected; raw-to-standard and recomputed-to-panel traces agree.,"This is a fixed reproducible 100-observation source-document sample with required transition rows, not evidence that all unreviewed reporting-detail changes are absent."
1929247,33555,SOUTHSTATE BANK NA,2007-03-31,Mortgage,FIXED_RANDOM,False,FFIEC CDR Call Bulk All Schedules 03312007.zip,FFIEC CDR Call Bulk All Schedules 03312007.zip::FFIEC CDR Call Schedule RIBI 03312007.txt; FFIEC CDR Call Bulk All Schedules 03312007.zip::FFIEC CDR Call Schedule RIBI 03312007.txt,RIADC234: current_ytd=0; quarterly=current_ytd | RIADC235: current_ytd=0; quarterly=current_ytd,RIADC217: current_ytd=3; quarterly=current_ytd | RIADC218: current_ytd=0; quarterly=current_ytd,Q1: quarterly=YTD; Q2-Q4: quarterly=current YTD-prior-quarter YTD; segment NCO=quarterly charge-offs-quarterly recoveries,0.0,3.0,-3.0,-3.0,True,True,True,,Batch 1 acceptance repair operator,PASS,Direct FFIEC archive members and values were inspected; raw-to-standard and recomputed-to-panel traces agree.,"This is a fixed reproducible 100-observation source-document sample with required transition rows, not evidence that all unreviewed reporting-detail changes are absent."
197478,31628,EAST WEST BANK,2007-03-31,CRE,FIXED_RANDOM,False,FFIEC CDR Call Bulk All Schedules 03312007.zip,FFIEC CDR Call Bulk All Schedules 03312007.zip::FFIEC CDR Call Schedule RIBI 03312007.txt; FFIEC CDR Call Bulk All Schedules 03312007.zip::FFIEC CDR Call Schedule RIBI 03312007.txt,RIAD3582: current_ytd=0; quarterly=current_ytd | RIAD3588: current_ytd=0; quarterly=current_ytd | RIAD3590: current_ytd=0; quarterly=current_ytd,RIAD3583: current_ytd=0; quarterly=current_ytd | RIAD3589: current_ytd=0; quarterly=current_ytd | RIAD3591: current_ytd=0; quarterly=current_ytd,Q1: quarterly=YTD; Q2-Q4: quarterly=current YTD-prior-quarter YTD; segment NCO=quarterly charge-offs-quarterly recoveries,0.0,0.0,0.0,0.0,True,True,True,,Batch 1 acceptance repair operator,PASS,Direct FFIEC archive members and values were inspected; raw-to-standard and recomputed-to-panel traces agree.,"This is a fixed reproducible 100-observation source-document sample with required transition rows, not evidence that all unreviewed reporting-detail changes are absent."
197478,31628,EAST WEST BANK,2007-06-30,Mortgage,FIXED_RANDOM,False,FFIEC CDR Call Bulk All Schedules 03312007.zip; FFIEC CDR Call Bulk All Schedules 06302007.zip,FFIEC CDR Call Bulk All Schedules 03312007.zip::FFIEC CDR Call Schedule RIBI 03312007.txt; FFIEC CDR Call Bulk All Schedules 06302007.zip::FFIEC CDR Call Schedule RIBI 06302007.txt; FFIEC CDR Call Bulk All Schedules 03312007.zip::FFIEC CDR Call Schedule RIBI 03312007.txt; FFIEC CDR Call Bulk All Schedules 06302007.zip::FFIEC CDR Call Schedule RIBI 06302007.txt,RIADC234: current_ytd=0; prior_ytd=0; quarterly=0 | RIADC235: current_ytd=0; prior_ytd=0; quarterly=0,RIADC217: current_ytd=0; prior_ytd=0; quarterly=0 | RIADC218: current_ytd=0; prior_ytd=0; quarterly=0,Q1: quarterly=YTD; Q2-Q4: quarterly=current YTD-prior-quarter YTD; segment NCO=quarterly charge-offs-quarterly recoveries,0.0,0.0,0.0,0.0,True,True,True,,Batch 1 acceptance repair operator,PASS,Direct FFIEC archive members and values were inspected; raw-to-standard and recomputed-to-panel traces agree.,"This is a fixed reproducible 100-observation source-document sample with required transition rows, not evidence that all unreviewed reporting-detail changes are absent."
197478,31628,EAST WEST BANK,2008-03-31,CRE,FIXED_RANDOM,False,FFIEC CDR Call Bulk All Schedules 03312008.zip,FFIEC CDR Call Bulk All Schedules 03312008.zip::FFIEC CDR Call Schedule RIBI 03312008.txt; FFIEC CDR Call Bulk All Schedules 03312008.zip::FFIEC CDR Call Schedule RIBI 03312008.txt,RIAD3588: current_ytd=0; quarterly=current_ytd | RIADC891: current_ytd=10469; quarterly=current_ytd | RIADC893: current_ytd=3178; quarterly=current_ytd | RIADC895: current_ytd=0; quarterly=current_ytd | RIADC897: current_ytd=0; quarterly=current_ytd,RIAD3589: current_ytd=0; quarterly=current_ytd | RIADC892: current_ytd=0; quarterly=current_ytd | RIADC894: current_ytd=0; quarterly=current_ytd | RIADC896: current_ytd=0; quarterly=current_ytd | RIADC898: current_ytd=3; quarterly=current_ytd,Q1: quarterly=YTD; Q2-Q4: quarterly=current YTD-prior-quarter YTD; segment NCO=quarterly charge-offs-quarterly recoveries,13647.0,3.0,13644.0,13644.0,True,True,True,,Batch 1 acceptance repair operator,PASS,Direct FFIEC archive members and values were inspected; raw-to-standard and recomputed-to-panel traces agree.,"This is a fixed reproducible 100-observation source-document sample with required transition rows, not evidence that all unreviewed reporting-detail changes are absent."
197478,31628,EAST WEST BANK,2008-09-30,CI,FIXED_RANDOM,False,FFIEC CDR Call Bulk All Schedules 06302008.zip; FFIEC CDR Call Bulk All Schedules 09302008.zip,FFIEC CDR Call Bulk All Schedules 06302008.zip::FFIEC CDR Call Schedule RIBI 06302008.txt; FFIEC CDR Call Bulk All Schedules 09302008.zip::FFIEC CDR Call Schedule RIBI 09302008.txt; FFIEC CDR Call Bulk All Schedules 06302008.zip::FFIEC CDR Call Schedule RIBI 06302008.txt; FFIEC CDR Call Bulk All Schedules 09302008.zip::FFIEC CDR Call Schedule RIBI 09302008.txt,RIAD4638: current_ytd=18136; prior_ytd=13735; quarterly=4401,RIAD4608: current_ytd=678; prior_ytd=507; quarterly=171,Q1: quarterly=YTD; Q2-Q4: quarterly=current YTD-prior-quarter YTD; segment NCO=quarterly charge-offs-quarterly recoveries,4401.0,171.0,4230.0,4230.0,True,True,True,,Batch 1 acceptance repair operator,PASS,Direct FFIEC archive members and values were inspected; raw-to-standard and recomputed-to-panel traces agree.,"This is a fixed reproducible 100-observation source-document sample with required transition rows, not evidence that all unreviewed reporting-detail changes are absent."
339858,4214,BOKF NATIONAL ASSN,2008-09-30,Mortgage,FIXED_RANDOM,False,FFIEC CDR Call Bulk All Schedules 06302008.zip; FFIEC CDR Call Bulk All Schedules 09302008.zip,FFIEC CDR Call Bulk All Schedules 06302008.zip::FFIEC CDR Call Schedule RIBI 06302008.txt; FFIEC CDR Call Bulk All Schedules 09302008.zip::FFIEC CDR Call Schedule RIBI 09302008.txt; FFIEC CDR Call Bulk All Schedules 06302008.zip::FFIEC CDR Call Schedule RIBI 06302008.txt; FFIEC CDR Call Bulk All Schedules 09302008.zip::FFIEC CDR Call Schedule RIBI 09302008.txt,RIADC234: current_ytd=2323; prior_ytd=1118; quarterly=1205 | RIADC235: current_ytd=770; prior_ytd=478; quarterly=292,RIADC217: current_ytd=178; prior_ytd=13; quarterly=165 | RIADC218: current_ytd=125; prior_ytd=96; quarterly=29,Q1: quarterly=YTD; Q2-Q4: quarterly=current YTD-prior-quarter YTD; segment NCO=quarterly charge-offs-quarterly recoveries,1497.0,194.0,1303.0,1303.0,True,True,True,,Batch 1 acceptance repair operator,PASS,Direct FFIEC archive members and values were inspected; raw-to-standard and recomputed-to-panel traces agree.,"This is a fixed reproducible 100-observation source-document sample with required transition rows, not evidence that all unreviewed reporting-detail changes are absent."
208244,3832,OLD NATIONAL BANK,2008-12-31,CRE,FIXED_RANDOM,False,FFIEC CDR Call Bulk All Schedules 09302008.zip; FFIEC CDR Call Bulk All Schedules 12312008.zip,FFIEC CDR Call Bulk All Schedules 09302008.zip::FFIEC CDR Call Schedule RIBI 09302008.txt; FFIEC CDR Call Bulk All Schedules 12312008.zip::FFIEC CDR Call Schedule RIBI 12312008.txt; FFIEC CDR Call Bulk All Schedules 09302008.zip::FFIEC CDR Call Schedule RIBI 09302008.txt; FFIEC CDR Call Bulk All Schedules 12312008.zip::FFIEC CDR Call Schedule RIBI 12312008.txt,RIAD3588: current_ytd=289; prior_ytd=177; quarterly=112 | RIADC891: current_ytd=637; prior_ytd=595; quarterly=42 | RIADC893: current_ytd=9362; prior_ytd=5697; quarterly=3665 | RIADC895: current_ytd=1541; prior_ytd=934; quarterly=607 | RIADC897: current_ytd=8147; prior_ytd=7532; quarterly=615,RIAD3589: current_ytd=31; prior_ytd=31; quarterly=0 | RIADC892: current_ytd=102; prior_ytd=102; quarterly=0 | RIADC894: current_ytd=196; prior_ytd=0; quarterly=196 | RIADC896: current_ytd=1108; prior_ytd=833; quarterly=275 | RIADC898: current_ytd=476; prior_ytd=361; quarterly=115,Q1: quarterly=YTD; Q2-Q4: quarterly=current YTD-prior-quarter YTD; segment NCO=quarterly charge-offs-quarterly recoveries,5041.0,586.0,4455.0,4455.0,True,True,True,,Batch 1 acceptance repair operator,PASS,Direct FFIEC archive members and values were inspected; raw-to-standard and recomputed-to-panel traces agree.,"This is a fixed reproducible 100-observation source-document sample with required transition rows, not evidence that all unreviewed reporting-detail changes are absent."
682563,5510,FROST BANK,2008-12-31,Mortgage,FIXED_RANDOM,False,FFIEC CDR Call Bulk All Schedules 09302008.zip; FFIEC CDR Call Bulk All Schedules 12312008.zip,FFIEC CDR Call Bulk All Schedules 09302008.zip::FFIEC CDR Call Schedule RIBI 09302008.txt; FFIEC CDR Call Bulk All Schedules 12312008.zip::FFIEC CDR Call Schedule RIBI 12312008.txt; FFIEC CDR Call Bulk All Schedules 09302008.zip::FFIEC CDR Call Schedule RIBI 09302008.txt; FFIEC CDR Call Bulk All Schedules 12312008.zip::FFIEC CDR Call Schedule RIBI 12312008.txt,RIADC234: current_ytd=386; prior_ytd=241; quarterly=145 | RIADC235: current_ytd=909; prior_ytd=890; quarterly=19,RIADC217: current_ytd=48; prior_ytd=24; quarterly=24 | RIADC218: current_ytd=387; prior_ytd=25; quarterly=362,Q1: quarterly=YTD; Q2-Q4: quarterly=current YTD-prior-quarter YTD; segment NCO=quarterly charge-offs-quarterly recoveries,164.0,386.0,-222.0,-222.0,True,True,True,,Batch 1 acceptance repair operator,PASS,Direct FFIEC archive members and values were inspected; raw-to-standard and recomputed-to-panel traces agree.,"This is a fixed reproducible 100-observation source-document sample with required transition rows, not evidence that all unreviewed reporting-detail changes are absent."
936855,8273,UMB BANK NATIONAL ASSN,2008-12-31,Mortgage,FIXED_RANDOM,False,FFIEC CDR Call Bulk All Schedules 09302008.zip; FFIEC CDR Call Bulk All Schedules 12312008.zip,FFIEC CDR Call Bulk All Schedules 09302008.zip::FFIEC CDR Call Schedule RIBI 09302008.txt; FFIEC CDR Call Bulk All Schedules 12312008.zip::FFIEC CDR Call Schedule RIBI 12312008.txt; FFIEC CDR Call Bulk All Schedules 09302008.zip::FFIEC CDR Call Schedule RIBI 09302008.txt; FFIEC CDR Call Bulk All Schedules 12312008.zip::FFIEC CDR Call Schedule RIBI 12312008.txt,RIADC234: current_ytd=0; prior_ytd=0; quarterly=0 | RIADC235: current_ytd=0; prior_ytd=0; quarterly=0,RIADC217: current_ytd=0; prior_ytd=0; quarterly=0 | RIADC218: current_ytd=0; prior_ytd=0; quarterly=0,Q1: quarterly=YTD; Q2-Q4: quarterly=current YTD-prior-quarter YTD; segment NCO=quarterly charge-offs-quarterly recoveries,0.0,0.0,0.0,0.0,True,True,True,,Batch 1 acceptance repair operator,PASS,Direct FFIEC archive members and values were inspected; raw-to-standard and recomputed-to-panel traces agree.,"This is a fixed reproducible 100-observation source-document sample with required transition rows, not evidence that all unreviewed reporting-detail changes are absent."
339858,4214,BOKF NATIONAL ASSN,2009-06-30,CI,FIXED_RANDOM,False,FFIEC CDR Call Bulk All Schedules 03312009.zip; FFIEC CDR Call Bulk All Schedules 06302009.zip,FFIEC CDR Call Bulk All Schedules 03312009.zip::FFIEC CDR Call Schedule RIBI 03312009.txt; FFIEC CDR Call Bulk All Schedules 06302009.zip::FFIEC CDR Call Schedule RIBI 06302009.txt; FFIEC CDR Call Bulk All Schedules 03312009.zip::FFIEC CDR Call Schedule RIBI 03312009.txt; FFIEC CDR Call Bulk All Schedules 06302009.zip::FFIEC CDR Call Schedule RIBI 06302009.txt,RIAD4638: current_ytd=11101; prior_ytd=6856; quarterly=4245,RIAD4608: current_ytd=451; prior_ytd=144; quarterly=307,Q1: quarterly=YTD; Q2-Q4: quarterly=current YTD-prior-quarter YTD; segment NCO=quarterly charge-offs-quarterly recoveries,4245.0,307.0,3938.0,3938.0,True,True,True,,Batch 1 acceptance repair operator,PASS,Direct FFIEC archive members and values were inspected; raw-to-standard and recomputed-to-panel traces agree.,"This is a fixed reproducible 100-observation source-document sample with required transition rows, not evidence that all unreviewed reporting-detail changes are absent."
379920,7888,FIRST NB OF PENNSYLVANIA,2009-09-30,CRE,FIXED_RANDOM,False,FFIEC CDR Call Bulk All Schedules 06302009.zip; FFIEC CDR Call Bulk All Schedules 09302009.zip,FFIEC CDR Call Bulk All Schedules 06302009.zip::FFIEC CDR Call Schedule RIBI 06302009.txt; FFIEC CDR Call Bulk All Schedules 09302009.zip::FFIEC CDR Call Schedule RIBI 09302009.txt; FFIEC CDR Call Bulk All Schedules 06302009.zip::FFIEC CDR Call Schedule RIBI 06302009.txt; FFIEC CDR Call Bulk All Schedules 09302009.zip::FFIEC CDR Call Schedule RIBI 09302009.txt,RIAD3588: current_ytd=36; prior_ytd=0; quarterly=36 | RIADC891: current_ytd=15322; prior_ytd=11972; quarterly=3350 | RIADC893: current_ytd=0; prior_ytd=0; quarterly=0 | RIADC895: current_ytd=703; prior_ytd=180; quarterly=523 | RIADC897: current_ytd=7773; prior_ytd=7700; quarterly=73,RIAD3589: current_ytd=2; prior_ytd=2; quarterly=0 | RIADC892: current_ytd=20; prior_ytd=20; quarterly=0 | RIADC894: current_ytd=0; prior_ytd=0; quarterly=0 | RIADC896: current_ytd=196; prior_ytd=162; quarterly=34 | RIADC898: current_ytd=115; prior_ytd=102; quarterly=13,Q1: quarterly=YTD; Q2-Q4: quarterly=current YTD-prior-quarter YTD; segment NCO=quarterly charge-offs-quarterly recoveries,3982.0,47.0,3935.0,3935.0,True,True,True,,Batch 1 acceptance repair operator,PASS,Direct FFIEC archive members and values were inspected; raw-to-standard and recomputed-to-panel traces agree.,"This is a fixed reproducible 100-observation source-document sample with required transition rows, not evidence that all unreviewed reporting-detail changes are absent."
491224,11063,FIRST-CITIZENS BANK&TRUST CO,2009-09-30,CI,FIXED_RANDOM,False,FFIEC CDR Call Bulk All Schedules 06302009.zip; FFIEC CDR Call Bulk All Schedules 09302009.zip,FFIEC CDR Call Bulk All Schedules 06302009.zip::FFIEC CDR Call Schedule RIBI 06302009.txt; FFIEC CDR Call Bulk All Schedules 09302009.zip::FFIEC CDR Call Schedule RIBI 09302009.txt; FFIEC CDR Call Bulk All Schedules 06302009.zip::FFIEC CDR Call Schedule RIBI 06302009.txt; FFIEC CDR Call Bulk All Schedules 09302009.zip::FFIEC CDR Call Schedule RIBI 09302009.txt,RIAD4638: current_ytd=10073; prior_ytd=6828; quarterly=3245,RIAD4608: current_ytd=934; prior_ytd=673; quarterly=261,Q1: quarterly=YTD; Q2-Q4: quarterly=current YTD-prior-quarter YTD; segment NCO=quarterly charge-offs-quarterly recoveries,3245.0,261.0,2984.0,2984.0,True,True,True,,Batch 1 acceptance repair operator,PASS,Direct FFIEC archive members and values were inspected; raw-to-standard and recomputed-to-panel traces agree.,"This is a fixed reproducible 100-observation source-document sample with required transition rows, not evidence that all unreviewed reporting-detail changes are absent."
229801,9396,VALLEY NATIONAL BANK,2009-12-31,Mortgage,FIXED_RANDOM,False,FFIEC CDR Call Bulk All Schedules 09302009.zip; FFIEC CDR Call Bulk All Schedules 12312009.zip,FFIEC CDR Call Bulk All Schedules 09302009.zip::FFIEC CDR Call Schedule RIBI 09302009.txt; FFIEC CDR Call Bulk All Schedules 12312009.zip::FFIEC CDR Call Schedule RIBI 12312009.txt; FFIEC CDR Call Bulk All Schedules 09302009.zip::FFIEC CDR Call Schedule RIBI 09302009.txt; FFIEC CDR Call Bulk All Schedules 12312009.zip::FFIEC CDR Call Schedule RIBI 12312009.txt,RIADC234: current_ytd=2658; prior_ytd=1299; quarterly=1359 | RIADC235: current_ytd=968; prior_ytd=706; quarterly=262,RIADC217: current_ytd=2; prior_ytd=2; quarterly=0 | RIADC218: current_ytd=34; prior_ytd=25; quarterly=9,Q1: quarterly=YTD; Q2-Q4: quarterly=current YTD-prior-quarter YTD; segment NCO=quarterly charge-offs-quarterly recoveries,1621.0,9.0,1612.0,1612.0,True,True,True,,Batch 1 acceptance repair operator,PASS,Direct FFIEC archive members and values were inspected; raw-to-standard and recomputed-to-panel traces agree.,"This is a fixed reproducible 100-observation source-document sample with required transition rows, not evidence that all unreviewed reporting-detail changes are absent."
3303298,57957,CITIZENS BANK NATIONAL ASSN,2009-12-31,CRE,FIXED_RANDOM,False,FFIEC CDR Call Bulk All Schedules 09302009.zip; FFIEC CDR Call Bulk All Schedules 12312009.zip,FFIEC CDR Call Bulk All Schedules 09302009.zip::FFIEC CDR Call Schedule RIBI 09302009.txt; FFIEC CDR Call Bulk All Schedules 12312009.zip::FFIEC CDR Call Schedule RIBI 12312009.txt; FFIEC CDR Call Bulk All Schedules 09302009.zip::FFIEC CDR Call Schedule RIBI 09302009.txt; FFIEC CDR Call Bulk All Schedules 12312009.zip::FFIEC CDR Call Schedule RIBI 12312009.txt,RIAD3588: current_ytd=54694; prior_ytd=31956; quarterly=22738 | RIADC891: current_ytd=7185; prior_ytd=4419; quarterly=2766 | RIADC893: current_ytd=85556; prior_ytd=45879; quarterly=39677 | RIADC895: current_ytd=50658; prior_ytd=33154; quarterly=17504 | RIADC897: current_ytd=138943; prior_ytd=71657; quarterly=67286,RIAD3589: current_ytd=653; prior_ytd=371; quarterly=282 | RIADC892: current_ytd=47; prior_ytd=46; quarterly=1 | RIADC894: current_ytd=250; prior_ytd=233; quarterly=17 | RIADC896: current_ytd=534; prior_ytd=49; quarterly=485 | RIADC898: current_ytd=1915; prior_ytd=1830; quarterly=85,Q1: quarterly=YTD; Q2-Q4: quarterly=current YTD-prior-quarter YTD; segment NCO=quarterly charge-offs-quarterly recoveries,149971.0,870.0,149101.0,149101.0,True,True,True,,Batch 1 acceptance repair operator,PASS,Direct FFIEC archive members and values were inspected; raw-to-standard and recomputed-to-panel traces agree.,"This is a fixed reproducible 100-observation source-document sample with required transition rows, not evidence that all unreviewed reporting-detail changes are absent."
339858,4214,BOKF NATIONAL ASSN,2009-12-31,CI,FIXED_RANDOM,False,FFIEC CDR Call Bulk All Schedules 09302009.zip; FFIEC CDR Call Bulk All Schedules 12312009.zip,FFIEC CDR Call Bulk All Schedules 09302009.zip::FFIEC CDR Call Schedule RIBI 09302009.txt; FFIEC CDR Call Bulk All Schedules 12312009.zip::FFIEC CDR Call Schedule RIBI 12312009.txt; FFIEC CDR Call Bulk All Schedules 09302009.zip::FFIEC CDR Call Schedule RIBI 09302009.txt; FFIEC CDR Call Bulk All Schedules 12312009.zip::FFIEC CDR Call Schedule RIBI 12312009.txt,RIAD4638: current_ytd=26354; prior_ytd=20165; quarterly=6189,RIAD4608: current_ytd=1240; prior_ytd=1062; quarterly=178,Q1: quarterly=YTD; Q2-Q4: quarterly=current YTD-prior-quarter YTD; segment NCO=quarterly charge-offs-quarterly recoveries,6189.0,178.0,6011.0,6011.0,True,True,True,,Batch 1 acceptance repair operator,PASS,Direct FFIEC archive members and values were inspected; raw-to-standard and recomputed-to-panel traces agree.,"This is a fixed reproducible 100-observation source-document sample with required transition rows, not evidence that all unreviewed reporting-detail changes are absent."
940311,34968,BANCO POPULAR DE PUERTO RICO,2010-03-31,CRE,FIXED_RANDOM,False,FFIEC CDR Call Bulk All Schedules 03312010.zip,FFIEC CDR Call Bulk All Schedules 03312010.zip::FFIEC CDR Call Schedule RIBI 03312010.txt; FFIEC CDR Call Bulk All Schedules 03312010.zip::FFIEC CDR Call Schedule RIBI 03312010.txt,RIAD3588: current_ytd=0; quarterly=current_ytd | RIADC891: current_ytd=19000; quarterly=current_ytd | RIADC893: current_ytd=7000; quarterly=current_ytd | RIADC895: current_ytd=16000; quarterly=current_ytd | RIADC897: current_ytd=0; quarterly=current_ytd,RIAD3589: current_ytd=0; quarterly=current_ytd | RIADC892: current_ytd=0; quarterly=current_ytd | RIADC894: current_ytd=0; quarterly=current_ytd | RIADC896: current_ytd=0; quarterly=current_ytd | RIADC898: current_ytd=1000; quarterly=current_ytd,Q1: quarterly=YTD; Q2-Q4: quarterly=current YTD-prior-quarter YTD; segment NCO=quarterly charge-offs-quarterly recoveries,42000.0,1000.0,41000.0,41000.0,True,True,True,,Batch 1 acceptance repair operator,PASS,Direct FFIEC archive members and values were inspected; raw-to-standard and recomputed-to-panel traces agree.,"This is a fixed reproducible 100-observation source-document sample with required transition rows, not evidence that all unreviewed reporting-detail changes are absent."
2925666,35583,PINNACLE BANK,2010-06-30,Mortgage,FIXED_RANDOM,False,FFIEC CDR Call Bulk All Schedules 03312010.zip; FFIEC CDR Call Bulk All Schedules 06302010.zip,FFIEC CDR Call Bulk All Schedules 03312010.zip::FFIEC CDR Call Schedule RIBI 03312010.txt; FFIEC CDR Call Bulk All Schedules 06302010.zip::FFIEC CDR Call Schedule RIBI 06302010.txt; FFIEC CDR Call Bulk All Schedules 03312010.zip::FFIEC CDR Call Schedule RIBI 03312010.txt; FFIEC CDR Call Bulk All Schedules 06302010.zip::FFIEC CDR Call Schedule RIBI 06302010.txt,RIADC234: current_ytd=2545; prior_ytd=1382; quarterly=1163 | RIADC235: current_ytd=1007; prior_ytd=430; quarterly=577,RIADC217: current_ytd=219; prior_ytd=197; quarterly=22 | RIADC218: current_ytd=4; prior_ytd=1; quarterly=3,Q1: quarterly=YTD; Q2-Q4: quarterly=current YTD-prior-quarter YTD; segment NCO=quarterly charge-offs-quarterly recoveries,1740.0,25.0,1715.0,1715.0,True,True,True,,Batch 1 acceptance repair operator,PASS,Direct FFIEC archive members and values were inspected; raw-to-standard and recomputed-to-panel traces agree.,"This is a fixed reproducible 100-observation source-document sample with required transition rows, not evidence that all unreviewed reporting-detail changes are absent."
606046,11813,CADENCE BANK,2010-06-30,Mortgage,FIXED_RANDOM,False,FFIEC CDR Call Bulk All Schedules 03312010.zip; FFIEC CDR Call Bulk All Schedules 06302010.zip,FFIEC CDR Call Bulk All Schedules 03312010.zip::FFIEC CDR Call Schedule RIBI 03312010.txt; FFIEC CDR Call Bulk All Schedules 06302010.zip::FFIEC CDR Call Schedule RIBI 06302010.txt; FFIEC CDR Call Bulk All Schedules 03312010.zip::FFIEC CDR Call Schedule RIBI 03312010.txt; FFIEC CDR Call Bulk All Schedules 06302010.zip::FFIEC CDR Call Schedule RIBI 06302010.txt,RIADC234: current_ytd=7910; prior_ytd=4192; quarterly=3718 | RIADC235: current_ytd=1347; prior_ytd=406; quarterly=941,RIADC217: current_ytd=802; prior_ytd=58; quarterly=744 | RIADC218: current_ytd=80; prior_ytd=6; quarterly=74,Q1: quarterly=YTD; Q2-Q4: quarterly=current YTD-prior-quarter YTD; segment NCO=quarterly charge-offs-quarterly recoveries,4659.0,818.0,3841.0,3841.0,True,True,True,,Batch 1 acceptance repair operator,PASS,Direct FFIEC archive members and values were inspected; raw-to-standard and recomputed-to-panel traces agree.,"This is a fixed reproducible 100-observation source-document sample with required transition rows, not evidence that all unreviewed reporting-detail changes are absent."
491224,11063,FIRST-CITIZENS BANK&TRUST CO,2010-09-30,CI,FIXED_RANDOM,False,FFIEC CDR Call Bulk All Schedules 06302010.zip; FFIEC CDR Call Bulk All Schedules 09302010.zip,FFIEC CDR Call Bulk All Schedules 06302010.zip::FFIEC CDR Call Schedule RIBI 06302010.txt; FFIEC CDR Call Bulk All Schedules 09302010.zip::FFIEC CDR Call Schedule RIBI 09302010.txt; FFIEC CDR Call Bulk All Schedules 06302010.zip::FFIEC CDR Call Schedule RIBI 06302010.txt; FFIEC CDR Call Bulk All Schedules 09302010.zip::FFIEC CDR Call Schedule RIBI 09302010.txt,RIAD4638: current_ytd=12942; prior_ytd=7419; quarterly=5523,RIAD4608: current_ytd=1460; prior_ytd=1221; quarterly=239,Q1: quarterly=YTD; Q2-Q4: quarterly=current YTD-prior-quarter YTD; segment NCO=quarterly charge-offs-quarterly recoveries,5523.0,239.0,5284.0,5284.0,True,True,True,,Batch 1 acceptance repair operator,PASS,Direct FFIEC archive members and values were inspected; raw-to-standard and recomputed-to-panel traces agree.,"This is a fixed reproducible 100-observation source-document sample with required transition rows, not evidence that all unreviewed reporting-detail changes are absent."
606046,11813,CADENCE BANK,2010-09-30,CRE,FIXED_RANDOM,False,FFIEC CDR Call Bulk All Schedules 06302010.zip; FFIEC CDR Call Bulk All Schedules 09302010.zip,FFIEC CDR Call Bulk All Schedules 06302010.zip::FFIEC CDR Call Schedule RIBI 06302010.txt; FFIEC CDR Call Bulk All Schedules 09302010.zip::FFIEC CDR Call Schedule RIBI 09302010.txt; FFIEC CDR Call Bulk All Schedules 06302010.zip::FFIEC CDR Call Schedule RIBI 06302010.txt; FFIEC CDR Call Bulk All Schedules 09302010.zip::FFIEC CDR Call Schedule RIBI 09302010.txt,RIAD3588: current_ytd=746; prior_ytd=166; quarterly=580 | RIADC891: current_ytd=5596; prior_ytd=3446; quarterly=2150 | RIADC893: current_ytd=76170; prior_ytd=43978; quarterly=32192 | RIADC895: current_ytd=7541; prior_ytd=6310; quarterly=1231 | RIADC897: current_ytd=7012; prior_ytd=4705; quarterly=2307,RIAD3589: current_ytd=0; prior_ytd=0; quarterly=0 | RIADC892: current_ytd=758; prior_ytd=159; quarterly=599 | RIADC894: current_ytd=172; prior_ytd=108; quarterly=64 | RIADC896: current_ytd=205; prior_ytd=51; quarterly=154 | RIADC898: current_ytd=137; prior_ytd=39; quarterly=98,Q1: quarterly=YTD; Q2-Q4: quarterly=current YTD-prior-quarter YTD; segment NCO=quarterly charge-offs-quarterly recoveries,38460.0,915.0,37545.0,37545.0,True,True,True,,Batch 1 acceptance repair operator,PASS,Direct FFIEC archive members and values were inspected; raw-to-standard and recomputed-to-panel traces agree.,"This is a fixed reproducible 100-observation source-document sample with required transition rows, not evidence that all unreviewed reporting-detail changes are absent."
395238,873,SYNOVUS BANK,2010-12-31,CRE,FIXED_RANDOM,False,FFIEC CDR Call Bulk All Schedules 09302010.zip; FFIEC CDR Call Bulk All Schedules 12312010.zip,FFIEC CDR Call Bulk All Schedules 09302010.zip::FFIEC CDR Call Schedule RIBI 09302010.txt; FFIEC CDR Call Bulk All Schedules 12312010.zip::FFIEC CDR Call Schedule RIBI 12312010.txt; FFIEC CDR Call Bulk All Schedules 09302010.zip::FFIEC CDR Call Schedule RIBI 09302010.txt; FFIEC CDR Call Bulk All Schedules 12312010.zip::FFIEC CDR Call Schedule RIBI 12312010.txt,RIAD3588: current_ytd=13517; prior_ytd=7892; quarterly=5625 | RIADC891: current_ytd=77258; prior_ytd=61265; quarterly=15993 | RIADC893: current_ytd=620453; prior_ytd=392006; quarterly=228447 | RIADC895: current_ytd=49011; prior_ytd=30548; quarterly=18463 | RIADC897: current_ytd=248856; prior_ytd=212759; quarterly=36097,RIAD3589: current_ytd=120; prior_ytd=102; quarterly=18 | RIADC892: current_ytd=4221; prior_ytd=3802; quarterly=419 | RIADC894: current_ytd=11778; prior_ytd=7412; quarterly=4366 | RIADC896: current_ytd=1823; prior_ytd=1402; quarterly=421 | RIADC898: current_ytd=2640; prior_ytd=1570; quarterly=1070,Q1: quarterly=YTD; Q2-Q4: quarterly=current YTD-prior-quarter YTD; segment NCO=quarterly charge-offs-quarterly recoveries,304625.0,6294.0,298331.0,298331.0,True,True,True,,Batch 1 acceptance repair operator,PASS,Direct FFIEC archive members and values were inspected; raw-to-standard and recomputed-to-panel traces agree.,"This is a fixed reproducible 100-observation source-document sample with required transition rows, not evidence that all unreviewed reporting-detail changes are absent."
413208,57890,HSBC BANK USA NATIONAL ASSN,2011-06-30,Mortgage,FIXED_RANDOM,False,FFIEC CDR Call Bulk All Schedules 03312011.zip; FFIEC CDR Call Bulk All Schedules 06302011.zip,FFIEC CDR Call Bulk All Schedules 03312011.zip::FFIEC CDR Call Schedule RIBI 03312011.txt; FFIEC CDR Call Bulk All Schedules 06302011.zip::FFIEC CDR Call Schedule RIBI 06302011.txt; FFIEC CDR Call Bulk All Schedules 03312011.zip::FFIEC CDR Call Schedule RIBI 03312011.txt; FFIEC CDR Call Bulk All Schedules 06302011.zip::FFIEC CDR Call Schedule RIBI 06302011.txt,RIADC234: current_ytd=54558; prior_ytd=25946; quarterly=28612 | RIADC235: current_ytd=8848; prior_ytd=4800; quarterly=4048,RIADC217: current_ytd=2555; prior_ytd=1137; quarterly=1418 | RIADC218: current_ytd=13; prior_ytd=6; quarterly=7,Q1: quarterly=YTD; Q2-Q4: quarterly=current YTD-prior-quarter YTD; segment NCO=quarterly charge-offs-quarterly recoveries,32660.0,1425.0,31235.0,31235.0,True,True,True,,Batch 1 acceptance repair operator,PASS,Direct FFIEC archive members and values were inspected; raw-to-standard and recomputed-to-panel traces agree.,"This is a fixed reproducible 100-observation source-document sample with required transition rows, not evidence that all unreviewed reporting-detail changes are absent."
339858,4214,BOKF NATIONAL ASSN,2011-09-30,Mortgage,FIXED_RANDOM,False,FFIEC CDR Call Bulk All Schedules 06302011.zip; FFIEC CDR Call Bulk All Schedules 09302011.zip,FFIEC CDR Call Bulk All Schedules 06302011.zip::FFIEC CDR Call Schedule RIBI 06302011.txt; FFIEC CDR Call Bulk All Schedules 09302011.zip::FFIEC CDR Call Schedule RIBI 09302011.txt; FFIEC CDR Call Bulk All Schedules 06302011.zip::FFIEC CDR Call Schedule RIBI 06302011.txt; FFIEC CDR Call Bulk All Schedules 09302011.zip::FFIEC CDR Call Schedule RIBI 09302011.txt,RIADC234: current_ytd=6801; prior_ytd=3773; quarterly=3028 | RIADC235: current_ytd=2741; prior_ytd=2186; quarterly=555,RIADC217: current_ytd=447; prior_ytd=308; quarterly=139 | RIADC218: current_ytd=651; prior_ytd=511; quarterly=140,Q1: quarterly=YTD; Q2-Q4: quarterly=current YTD-prior-quarter YTD; segment NCO=quarterly charge-offs-quarterly recoveries,3583.0,279.0,3304.0,3304.0,True,True,True,,Batch 1 acceptance repair operator,PASS,Direct FFIEC archive members and values were inspected; raw-to-standard and recomputed-to-panel traces agree.,"This is a fixed reproducible 100-observation source-document sample with required transition rows, not evidence that all unreviewed reporting-detail changes are absent."
491224,11063,FIRST-CITIZENS BANK&TRUST CO,2011-09-30,CI,FIXED_RANDOM,False,FFIEC CDR Call Bulk All Schedules 06302011.zip; FFIEC CDR Call Bulk All Schedules 09302011.zip,FFIEC CDR Call Bulk All Schedules 06302011.zip::FFIEC CDR Call Schedule RIBI 06302011.txt; FFIEC CDR Call Bulk All Schedules 09302011.zip::FFIEC CDR Call Schedule RIBI 09302011.txt; FFIEC CDR Call Bulk All Schedules 06302011.zip::FFIEC CDR Call Schedule RIBI 06302011.txt; FFIEC CDR Call Bulk All Schedules 09302011.zip::FFIEC CDR Call Schedule RIBI 09302011.txt,RIAD4638: current_ytd=7726; prior_ytd=5056; quarterly=2670,RIAD4608: current_ytd=838; prior_ytd=294; quarterly=544,Q1: quarterly=YTD; Q2-Q4: quarterly=current YTD-prior-quarter YTD; segment NCO=quarterly charge-offs-quarterly recoveries,2670.0,544.0,2126.0,2126.0,True,True,True,,Batch 1 acceptance repair operator,PASS,Direct FFIEC archive members and values were inspected; raw-to-standard and recomputed-to-panel traces agree.,"This is a fixed reproducible 100-observation source-document sample with required transition rows, not evidence that all unreviewed reporting-detail changes are absent."
229801,9396,VALLEY NATIONAL BANK,2011-12-31,CI,FIXED_RANDOM,False,FFIEC CDR Call Bulk All Schedules 09302011.zip; FFIEC CDR Call Bulk All Schedules 12312011.zip,FFIEC CDR Call Bulk All Schedules 09302011.zip::FFIEC CDR Call Schedule RIBI 09302011.txt; FFIEC CDR Call Bulk All Schedules 12312011.zip::FFIEC CDR Call Schedule RIBI 12312011.txt; FFIEC CDR Call Bulk All Schedules 09302011.zip::FFIEC CDR Call Schedule RIBI 09302011.txt; FFIEC CDR Call Bulk All Schedules 12312011.zip::FFIEC CDR Call Schedule RIBI 12312011.txt,RIAD4638: current_ytd=27746; prior_ytd=18063; quarterly=9683,RIAD4608: current_ytd=2085; prior_ytd=1552; quarterly=533,Q1: quarterly=YTD; Q2-Q4: quarterly=current YTD-prior-quarter YTD; segment NCO=quarterly charge-offs-quarterly recoveries,9683.0,533.0,9150.0,9150.0,True,True,True,,Batch 1 acceptance repair operator,PASS,Direct FFIEC archive members and values were inspected; raw-to-standard and recomputed-to-panel traces agree.,"This is a fixed reproducible 100-observation source-document sample with required transition rows, not evidence that all unreviewed reporting-detail changes are absent."
682563,5510,FROST BANK,2011-12-31,CI,FIXED_RANDOM,False,FFIEC CDR Call Bulk All Schedules 09302011.zip; FFIEC CDR Call Bulk All Schedules 12312011.zip,FFIEC CDR Call Bulk All Schedules 09302011.zip::FFIEC CDR Call Schedule RIBI 09302011.txt; FFIEC CDR Call Bulk All Schedules 12312011.zip::FFIEC CDR Call Schedule RIBI 12312011.txt; FFIEC CDR Call Bulk All Schedules 09302011.zip::FFIEC CDR Call Schedule RIBI 09302011.txt; FFIEC CDR Call Bulk All Schedules 12312011.zip::FFIEC CDR Call Schedule RIBI 12312011.txt,RIAD4638: current_ytd=31671; prior_ytd=26563; quarterly=5108,RIAD4608: current_ytd=3834; prior_ytd=2663; quarterly=1171,Q1: quarterly=YTD; Q2-Q4: quarterly=current YTD-prior-quarter YTD; segment NCO=quarterly charge-offs-quarterly recoveries,5108.0,1171.0,3937.0,3937.0,True,True,True,,Batch 1 acceptance repair operator,PASS,Direct FFIEC archive members and values were inspected; raw-to-standard and recomputed-to-panel traces agree.,"This is a fixed reproducible 100-observation source-document sample with required transition rows, not evidence that all unreviewed reporting-detail changes are absent."
233031,12368,REGIONS BANK,2012-03-31,CRE,FIXED_RANDOM,False,FFIEC CDR Call Bulk All Schedules 03312012.zip,FFIEC CDR Call Bulk All Schedules 03312012.zip::FFIEC CDR Call Schedule RIBI 03312012.txt; FFIEC CDR Call Bulk All Schedules 03312012.zip::FFIEC CDR Call Schedule RIBI 03312012.txt,RIAD3588: current_ytd=11809; quarterly=current_ytd | RIADC891: current_ytd=20950; quarterly=current_ytd | RIADC893: current_ytd=24347; quarterly=current_ytd | RIADC895: current_ytd=51012; quarterly=current_ytd | RIADC897: current_ytd=33755; quarterly=current_ytd,RIAD3589: current_ytd=470; quarterly=current_ytd | RIADC892: current_ytd=3735; quarterly=current_ytd | RIADC894: current_ytd=640; quarterly=current_ytd | RIADC896: current_ytd=2725; quarterly=current_ytd | RIADC898: current_ytd=5661; quarterly=current_ytd,Q1: quarterly=YTD; Q2-Q4: quarterly=current YTD-prior-quarter YTD; segment NCO=quarterly charge-offs-quarterly recoveries,141873.0,13231.0,128642.0,128642.0,True,True,True,,Batch 1 acceptance repair operator,PASS,Direct FFIEC archive members and values were inspected; raw-to-standard and recomputed-to-panel traces agree.,"This is a fixed reproducible 100-observation source-document sample with required transition rows, not evidence that all unreviewed reporting-detail changes are absent."
3212149,57565,UBS BANK USA,2012-03-31,Mortgage,FIXED_RANDOM,False,FFIEC CDR Call Bulk All Schedules 03312012.zip,FFIEC CDR Call Bulk All Schedules 03312012.zip::FFIEC CDR Call Schedule RIBI 03312012.txt; FFIEC CDR Call Bulk All Schedules 03312012.zip::FFIEC CDR Call Schedule RIBI 03312012.txt,RIADC234: current_ytd=0; quarterly=current_ytd | RIADC235: current_ytd=0; quarterly=current_ytd,RIADC217: current_ytd=0; quarterly=current_ytd | RIADC218: current_ytd=0; quarterly=current_ytd,Q1: quarterly=YTD; Q2-Q4: quarterly=current YTD-prior-quarter YTD; segment NCO=quarterly charge-offs-quarterly recoveries,0.0,0.0,0.0,0.0,True,True,True,,Batch 1 acceptance repair operator,PASS,Direct FFIEC archive members and values were inspected; raw-to-standard and recomputed-to-panel traces agree.,"This is a fixed reproducible 100-observation source-document sample with required transition rows, not evidence that all unreviewed reporting-detail changes are absent."
2925666,35583,PINNACLE BANK,2012-06-30,CRE,FIXED_RANDOM,False,FFIEC CDR Call Bulk All Schedules 03312012.zip; FFIEC CDR Call Bulk All Schedules 06302012.zip,FFIEC CDR Call Bulk All Schedules 03312012.zip::FFIEC CDR Call Schedule RIBI 03312012.txt; FFIEC CDR Call Bulk All Schedules 06302012.zip::FFIEC CDR Call Schedule RIBI 06302012.txt; FFIEC CDR Call Bulk All Schedules 03312012.zip::FFIEC CDR Call Schedule RIBI 03312012.txt; FFIEC CDR Call Bulk All Schedules 06302012.zip::FFIEC CDR Call Schedule RIBI 06302012.txt,RIAD3588: current_ytd=0; prior_ytd=0; quarterly=0 | RIADC891: current_ytd=0; prior_ytd=0; quarterly=0 | RIADC893: current_ytd=1437; prior_ytd=1299; quarterly=138 | RIADC895: current_ytd=398; prior_ytd=371; quarterly=27 | RIADC897: current_ytd=225; prior_ytd=68; quarterly=157,RIAD3589: current_ytd=0; prior_ytd=0; quarterly=0 | RIADC892: current_ytd=48; prior_ytd=0; quarterly=48 | RIADC894: current_ytd=653; prior_ytd=545; quarterly=108 | RIADC896: current_ytd=210; prior_ytd=15; quarterly=195 | RIADC898: current_ytd=1; prior_ytd=0; quarterly=1,Q1: quarterly=YTD; Q2-Q4: quarterly=current YTD-prior-quarter YTD; segment NCO=quarterly charge-offs-quarterly recoveries,322.0,352.0,-30.0,-30.0,True,True,True,,Batch 1 acceptance repair operator,PASS,Direct FFIEC archive members and values were inspected; raw-to-standard and recomputed-to-panel traces agree.,"This is a fixed reproducible 100-observation source-document sample with required transition rows, not evidence that all unreviewed reporting-detail changes are absent."
60143,983,COMERICA BANK,2012-09-30,Mortgage,FIXED_RANDOM,False,FFIEC CDR Call Bulk All Schedules 06302012.zip; FFIEC CDR Call Bulk All Schedules 09302012.zip,FFIEC CDR Call Bulk All Schedules 06302012.zip::FFIEC CDR Call Schedule RIBI 06302012.txt; FFIEC CDR Call Bulk All Schedules 09302012.zip::FFIEC CDR Call Schedule RIBI 09302012.txt; FFIEC CDR Call Bulk All Schedules 06302012.zip::FFIEC CDR Call Schedule RIBI 06302012.txt; FFIEC CDR Call Bulk All Schedules 09302012.zip::FFIEC CDR Call Schedule RIBI 09302012.txt,RIADC234: current_ytd=14157; prior_ytd=8263; quarterly=5894 | RIADC235: current_ytd=2951; prior_ytd=1844; quarterly=1107,RIADC217: current_ytd=1577; prior_ytd=1308; quarterly=269 | RIADC218: current_ytd=769; prior_ytd=333; quarterly=436,Q1: quarterly=YTD; Q2-Q4: quarterly=current YTD-prior-quarter YTD; segment NCO=quarterly charge-offs-quarterly recoveries,7001.0,705.0,6296.0,6296.0,True,True,True,,Batch 1 acceptance repair operator,PASS,Direct FFIEC archive members and values were inspected; raw-to-standard and recomputed-to-panel traces agree.,"This is a fixed reproducible 100-observation source-document sample with required transition rows, not evidence that all unreviewed reporting-detail changes are absent."
1842065,33306,CIBC BANK USA,2013-06-30,CRE,FIXED_RANDOM,False,FFIEC CDR Call Bulk All Schedules 03312013.zip; FFIEC CDR Call Bulk All Schedules 06302013.zip,FFIEC CDR Call Bulk All Schedules 03312013.zip::FFIEC CDR Call Schedule RIBI 03312013.txt; FFIEC CDR Call Bulk All Schedules 06302013.zip::FFIEC CDR Call Schedule RIBI 06302013.txt; FFIEC CDR Call Bulk All Schedules 03312013.zip::FFIEC CDR Call Schedule RIBI 03312013.txt; FFIEC CDR Call Bulk All Schedules 06302013.zip::FFIEC CDR Call Schedule RIBI 06302013.txt,RIAD3588: current_ytd=2918; prior_ytd=2478; quarterly=440 | RIADC891: current_ytd=148; prior_ytd=148; quarterly=0 | RIADC893: current_ytd=5312; prior_ytd=360; quarterly=4952 | RIADC895: current_ytd=958; prior_ytd=271; quarterly=687 | RIADC897: current_ytd=5981; prior_ytd=3301; quarterly=2680,RIAD3589: current_ytd=240; prior_ytd=182; quarterly=58 | RIADC892: current_ytd=154; prior_ytd=5; quarterly=149 | RIADC894: current_ytd=152; prior_ytd=35; quarterly=117 | RIADC896: current_ytd=407; prior_ytd=361; quarterly=46 | RIADC898: current_ytd=899; prior_ytd=861; quarterly=38,Q1: quarterly=YTD; Q2-Q4: quarterly=current YTD-prior-quarter YTD; segment NCO=quarterly charge-offs-quarterly recoveries,8759.0,408.0,8351.0,8351.0,True,True,True,,Batch 1 acceptance repair operator,PASS,Direct FFIEC archive members and values were inspected; raw-to-standard and recomputed-to-panel traces agree.,"This is a fixed reproducible 100-observation source-document sample with required transition rows, not evidence that all unreviewed reporting-detail changes are absent."
606046,11813,CADENCE BANK,2013-12-31,Mortgage,FIXED_RANDOM,False,FFIEC CDR Call Bulk All Schedules 09302013.zip; FFIEC CDR Call Bulk All Schedules 12312013.zip,FFIEC CDR Call Bulk All Schedules 09302013.zip::FFIEC CDR Call Schedule RIBI 09302013.txt; FFIEC CDR Call Bulk All Schedules 12312013.zip::FFIEC CDR Call Schedule RIBI 12312013.txt; FFIEC CDR Call Bulk All Schedules 09302013.zip::FFIEC CDR Call Schedule RIBI 09302013.txt; FFIEC CDR Call Bulk All Schedules 12312013.zip::FFIEC CDR Call Schedule RIBI 12312013.txt,RIADC234: current_ytd=7659; prior_ytd=6829; quarterly=830 | RIADC235: current_ytd=1501; prior_ytd=896; quarterly=605,RIADC217: current_ytd=4636; prior_ytd=3013; quarterly=1623 | RIADC218: current_ytd=431; prior_ytd=320; quarterly=111,Q1: quarterly=YTD; Q2-Q4: quarterly=current YTD-prior-quarter YTD; segment NCO=quarterly charge-offs-quarterly recoveries,1435.0,1734.0,-299.0,-299.0,True,True,True,,Batch 1 acceptance repair operator,PASS,Direct FFIEC archive members and values were inspected; raw-to-standard and recomputed-to-panel traces agree.,"This is a fixed reproducible 100-observation source-document sample with required transition rows, not evidence that all unreviewed reporting-detail changes are absent."
12311,6560,HUNTINGTON NATIONAL BANK,2014-03-31,Mortgage,FIXED_RANDOM,False,FFIEC CDR Call Bulk All Schedules 03312014.zip,FFIEC CDR Call Bulk All Schedules 03312014.zip::FFIEC CDR Call Schedule RIBI 03312014.txt; FFIEC CDR Call Bulk All Schedules 03312014.zip::FFIEC CDR Call Schedule RIBI 03312014.txt,RIADC234: current_ytd=13553; quarterly=current_ytd | RIADC235: current_ytd=3518; quarterly=current_ytd,RIADC217: current_ytd=2018; quarterly=current_ytd | RIADC218: current_ytd=950; quarterly=current_ytd,Q1: quarterly=YTD; Q2-Q4: quarterly=current YTD-prior-quarter YTD; segment NCO=quarterly charge-offs-quarterly recoveries,17071.0,2968.0,14103.0,14103.0,True,True,True,,Batch 1 acceptance repair operator,PASS,Direct FFIEC archive members and values were inspected; raw-to-standard and recomputed-to-panel traces agree.,"This is a fixed reproducible 100-observation source-document sample with required transition rows, not evidence that all unreviewed reporting-detail changes are absent."
233031,12368,REGIONS BANK,2014-06-30,CRE,FIXED_RANDOM,False,FFIEC CDR Call Bulk All Schedules 03312014.zip; FFIEC CDR Call Bulk All Schedules 06302014.zip,FFIEC CDR Call Bulk All Schedules 03312014.zip::FFIEC CDR Call Schedule RIBI 03312014.txt; FFIEC CDR Call Bulk All Schedules 06302014.zip::FFIEC CDR Call Schedule RIBI 06302014.txt; FFIEC CDR Call Bulk All Schedules 03312014.zip::FFIEC CDR Call Schedule RIBI 03312014.txt; FFIEC CDR Call Bulk All Schedules 06302014.zip::FFIEC CDR Call Schedule RIBI 06302014.txt,RIAD3588: current_ytd=569; prior_ytd=337; quarterly=232 | RIADC891: current_ytd=2847; prior_ytd=1225; quarterly=1622 | RIADC893: current_ytd=1381; prior_ytd=628; quarterly=753 | RIADC895: current_ytd=28844; prior_ytd=15815; quarterly=13029 | RIADC897: current_ytd=9688; prior_ytd=5244; quarterly=4444,RIAD3589: current_ytd=4501; prior_ytd=3967; quarterly=534 | RIADC892: current_ytd=3998; prior_ytd=1134; quarterly=2864 | RIADC894: current_ytd=1495; prior_ytd=632; quarterly=863 | RIADC896: current_ytd=6665; prior_ytd=2876; quarterly=3789 | RIADC898: current_ytd=2186; prior_ytd=1116; quarterly=1070,Q1: quarterly=YTD; Q2-Q4: quarterly=current YTD-prior-quarter YTD; segment NCO=quarterly charge-offs-quarterly recoveries,20080.0,9120.0,10960.0,10960.0,True,True,True,,Batch 1 acceptance repair operator,PASS,Direct FFIEC archive members and values were inspected; raw-to-standard and recomputed-to-panel traces agree.,"This is a fixed reproducible 100-observation source-document sample with required transition rows, not evidence that all unreviewed reporting-detail changes are absent."
491224,11063,FIRST-CITIZENS BANK&TRUST CO,2014-06-30,CRE,FIXED_RANDOM,False,FFIEC CDR Call Bulk All Schedules 03312014.zip; FFIEC CDR Call Bulk All Schedules 06302014.zip,FFIEC CDR Call Bulk All Schedules 03312014.zip::FFIEC CDR Call Schedule RIBI 03312014.txt; FFIEC CDR Call Bulk All Schedules 06302014.zip::FFIEC CDR Call Schedule RIBI 06302014.txt; FFIEC CDR Call Bulk All Schedules 03312014.zip::FFIEC CDR Call Schedule RIBI 03312014.txt; FFIEC CDR Call Bulk All Schedules 06302014.zip::FFIEC CDR Call Schedule RIBI 06302014.txt,RIAD3588: current_ytd=0; prior_ytd=0; quarterly=0 | RIADC891: current_ytd=94; prior_ytd=71; quarterly=23 | RIADC893: current_ytd=795; prior_ytd=199; quarterly=596 | RIADC895: current_ytd=5739; prior_ytd=1633; quarterly=4106 | RIADC897: current_ytd=2721; prior_ytd=2060; quarterly=661,RIAD3589: current_ytd=1; prior_ytd=1; quarterly=0 | RIADC892: current_ytd=64; prior_ytd=62; quarterly=2 | RIADC894: current_ytd=31; prior_ytd=26; quarterly=5 | RIADC896: current_ytd=1204; prior_ytd=1059; quarterly=145 | RIADC898: current_ytd=48; prior_ytd=48; quarterly=0,Q1: quarterly=YTD; Q2-Q4: quarterly=current YTD-prior-quarter YTD; segment NCO=quarterly charge-offs-quarterly recoveries,5386.0,152.0,5234.0,5234.0,True,True,True,,Batch 1 acceptance repair operator,PASS,Direct FFIEC archive members and values were inspected; raw-to-standard and recomputed-to-panel traces agree.,"This is a fixed reproducible 100-observation source-document sample with required transition rows, not evidence that all unreviewed reporting-detail changes are absent."
208244,3832,OLD NATIONAL BANK,2014-09-30,CRE,FIXED_RANDOM,False,FFIEC CDR Call Bulk All Schedules 06302014.zip; FFIEC CDR Call Bulk All Schedules 09302014.zip,FFIEC CDR Call Bulk All Schedules 06302014.zip::FFIEC CDR Call Schedule RIBI 06302014.txt; FFIEC CDR Call Bulk All Schedules 09302014.zip::FFIEC CDR Call Schedule RIBI 09302014.txt; FFIEC CDR Call Bulk All Schedules 06302014.zip::FFIEC CDR Call Schedule RIBI 06302014.txt; FFIEC CDR Call Bulk All Schedules 09302014.zip::FFIEC CDR Call Schedule RIBI 09302014.txt,RIAD3588: current_ytd=322; prior_ytd=322; quarterly=0 | RIADC891: current_ytd=123; prior_ytd=33; quarterly=90 | RIADC893: current_ytd=1163; prior_ytd=1163; quarterly=0 | RIADC895: current_ytd=960; prior_ytd=659; quarterly=301 | RIADC897: current_ytd=791; prior_ytd=240; quarterly=551,RIAD3589: current_ytd=63; prior_ytd=21; quarterly=42 | RIADC892: current_ytd=387; prior_ytd=110; quarterly=277 | RIADC894: current_ytd=104; prior_ytd=104; quarterly=0 | RIADC896: current_ytd=587; prior_ytd=508; quarterly=79 | RIADC898: current_ytd=965; prior_ytd=840; quarterly=125,Q1: quarterly=YTD; Q2-Q4: quarterly=current YTD-prior-quarter YTD; segment NCO=quarterly charge-offs-quarterly recoveries,942.0,523.0,419.0,419.0,True,True,True,,Batch 1 acceptance repair operator,PASS,Direct FFIEC archive members and values were inspected; raw-to-standard and recomputed-to-panel traces agree.,"This is a fixed reproducible 100-observation source-document sample with required transition rows, not evidence that all unreviewed reporting-detail changes are absent."
761806,18221,WEBSTER BANK NATIONAL ASSN,2014-09-30,CRE,FIXED_RANDOM,False,FFIEC CDR Call Bulk All Schedules 06302014.zip; FFIEC CDR Call Bulk All Schedules 09302014.zip,FFIEC CDR Call Bulk All Schedules 06302014.zip::FFIEC CDR Call Schedule RIBI 06302014.txt; FFIEC CDR Call Bulk All Schedules 09302014.zip::FFIEC CDR Call Schedule RIBI 09302014.txt; FFIEC CDR Call Bulk All Schedules 06302014.zip::FFIEC CDR Call Schedule RIBI 06302014.txt; FFIEC CDR Call Bulk All Schedules 09302014.zip::FFIEC CDR Call Schedule RIBI 09302014.txt,RIAD3588: current_ytd=314; prior_ytd=182; quarterly=132 | RIADC891: current_ytd=0; prior_ytd=0; quarterly=0 | RIADC893: current_ytd=61; prior_ytd=61; quarterly=0 | RIADC895: current_ytd=526; prior_ytd=521; quarterly=5 | RIADC897: current_ytd=2231; prior_ytd=2231; quarterly=0,RIAD3589: current_ytd=3; prior_ytd=3; quarterly=0 | RIADC892: current_ytd=254; prior_ytd=243; quarterly=11 | RIADC894: current_ytd=67; prior_ytd=61; quarterly=6 | RIADC896: current_ytd=398; prior_ytd=131; quarterly=267 | RIADC898: current_ytd=190; prior_ytd=83; quarterly=107,Q1: quarterly=YTD; Q2-Q4: quarterly=current YTD-prior-quarter YTD; segment NCO=quarterly charge-offs-quarterly recoveries,137.0,391.0,-254.0,-254.0,True,True,True,,Batch 1 acceptance repair operator,PASS,Direct FFIEC archive members and values were inspected; raw-to-standard and recomputed-to-panel traces agree.,"This is a fixed reproducible 100-observation source-document sample with required transition rows, not evidence that all unreviewed reporting-detail changes are absent."
3303298,57957,CITIZENS BANK NATIONAL ASSN,2015-03-31,Mortgage,FIXED_RANDOM,False,FFIEC CDR Call Bulk All Schedules 03312015.zip,FFIEC CDR Call Bulk All Schedules 03312015.zip::FFIEC CDR Call Schedule RIBI 03312015.txt; FFIEC CDR Call Bulk All Schedules 03312015.zip::FFIEC CDR Call Schedule RIBI 03312015.txt,RIADC234: current_ytd=7303; quarterly=current_ytd | RIADC235: current_ytd=16993; quarterly=current_ytd,RIADC217: current_ytd=3119; quarterly=current_ytd | RIADC218: current_ytd=6492; quarterly=current_ytd,Q1: quarterly=YTD; Q2-Q4: quarterly=current YTD-prior-quarter YTD; segment NCO=quarterly charge-offs-quarterly recoveries,24296.0,9611.0,14685.0,14685.0,True,True,True,,Batch 1 acceptance repair operator,PASS,Direct FFIEC archive members and values were inspected; raw-to-standard and recomputed-to-panel traces agree.,"This is a fixed reproducible 100-observation source-document sample with required transition rows, not evidence that all unreviewed reporting-detail changes are absent."
962966,26881,SOFI BANK NATIONAL ASSN,2015-06-30,CI,FIXED_RANDOM,False,FFIEC CDR Call Bulk All Schedules 03312015.zip; FFIEC CDR Call Bulk All Schedules 06302015.zip,FFIEC CDR Call Bulk All Schedules 03312015.zip::FFIEC CDR Call Schedule RIBI 03312015.txt; FFIEC CDR Call Bulk All Schedules 06302015.zip::FFIEC CDR Call Schedule RIBI 06302015.txt; FFIEC CDR Call Bulk All Schedules 03312015.zip::FFIEC CDR Call Schedule RIBI 03312015.txt; FFIEC CDR Call Bulk All Schedules 06302015.zip::FFIEC CDR Call Schedule RIBI 06302015.txt,RIAD4638: current_ytd=54; prior_ytd=17; quarterly=37,RIAD4608: current_ytd=2; prior_ytd=1; quarterly=1,Q1: quarterly=YTD; Q2-Q4: quarterly=current YTD-prior-quarter YTD; segment NCO=quarterly charge-offs-quarterly recoveries,37.0,1.0,36.0,36.0,True,True,True,,Batch 1 acceptance repair operator,PASS,Direct FFIEC archive members and values were inspected; raw-to-standard and recomputed-to-panel traces agree.,"This is a fixed reproducible 100-observation source-document sample with required transition rows, not evidence that all unreviewed reporting-detail changes are absent."
379920,7888,FIRST NB OF PENNSYLVANIA,2015-09-30,Mortgage,FIXED_RANDOM,False,FFIEC CDR Call Bulk All Schedules 06302015.zip; FFIEC CDR Call Bulk All Schedules 09302015.zip,FFIEC CDR Call Bulk All Schedules 06302015.zip::FFIEC CDR Call Schedule RIBI 06302015.txt; FFIEC CDR Call Bulk All Schedules 09302015.zip::FFIEC CDR Call Schedule RIBI 09302015.txt; FFIEC CDR Call Bulk All Schedules 06302015.zip::FFIEC CDR Call Schedule RIBI 06302015.txt; FFIEC CDR Call Bulk All Schedules 09302015.zip::FFIEC CDR Call Schedule RIBI 09302015.txt,RIADC234: current_ytd=1869; prior_ytd=1198; quarterly=671 | RIADC235: current_ytd=1039; prior_ytd=614; quarterly=425,RIADC217: current_ytd=190; prior_ytd=70; quarterly=120 | RIADC218: current_ytd=219; prior_ytd=189; quarterly=30,Q1: quarterly=YTD; Q2-Q4: quarterly=current YTD-prior-quarter YTD; segment NCO=quarterly charge-offs-quarterly recoveries,1096.0,150.0,946.0,946.0,True,True,True,,Batch 1 acceptance repair operator,PASS,Direct FFIEC archive members and values were inspected; raw-to-standard and recomputed-to-panel traces agree.,"This is a fixed reproducible 100-observation source-document sample with required transition rows, not evidence that all unreviewed reporting-detail changes are absent."
339858,4214,BOKF NATIONAL ASSN,2016-03-31,CI,FIXED_RANDOM,False,FFIEC CDR Call Bulk All Schedules 03312016.zip,FFIEC CDR Call Bulk All Schedules 03312016.zip::FFIEC CDR Call Schedule RIBI 03312016.txt; FFIEC CDR Call Bulk All Schedules 03312016.zip::FFIEC CDR Call Schedule RIBI 03312016.txt,RIAD4638: current_ytd=22127; quarterly=current_ytd,RIAD4608: current_ytd=445; quarterly=current_ytd,Q1: quarterly=YTD; Q2-Q4: quarterly=current YTD-prior-quarter YTD; segment NCO=quarterly charge-offs-quarterly recoveries,22127.0,445.0,21682.0,21682.0,True,True,True,,Batch 1 acceptance repair operator,PASS,Direct FFIEC archive members and values were inspected; raw-to-standard and recomputed-to-panel traces agree.,"This is a fixed reproducible 100-observation source-document sample with required transition rows, not evidence that all unreviewed reporting-detail changes are absent."
3138146,57512,WESTERN ALLIANCE BANK,2016-09-30,CRE,FIXED_RANDOM,False,FFIEC CDR Call Bulk All Schedules 06302016.zip; FFIEC CDR Call Bulk All Schedules 09302016.zip,FFIEC CDR Call Bulk All Schedules 06302016.zip::FFIEC CDR Call Schedule RIBI 06302016.txt; FFIEC CDR Call Bulk All Schedules 09302016.zip::FFIEC CDR Call Schedule RIBI 09302016.txt; FFIEC CDR Call Bulk All Schedules 06302016.zip::FFIEC CDR Call Schedule RIBI 06302016.txt; FFIEC CDR Call Bulk All Schedules 09302016.zip::FFIEC CDR Call Schedule RIBI 09302016.txt,RIAD3588: current_ytd=0; prior_ytd=0; quarterly=0 | RIADC891: current_ytd=0; prior_ytd=0; quarterly=0 | RIADC893: current_ytd=0; prior_ytd=0; quarterly=0 | RIADC895: current_ytd=681; prior_ytd=653; quarterly=28 | RIADC897: current_ytd=0; prior_ytd=0; quarterly=0,RIAD3589: current_ytd=1; prior_ytd=0; quarterly=1 | RIADC892: current_ytd=262; prior_ytd=80; quarterly=182 | RIADC894: current_ytd=193; prior_ytd=73; quarterly=120 | RIADC896: current_ytd=787; prior_ytd=497; quarterly=290 | RIADC898: current_ytd=865; prior_ytd=613; quarterly=252,Q1: quarterly=YTD; Q2-Q4: quarterly=current YTD-prior-quarter YTD; segment NCO=quarterly charge-offs-quarterly recoveries,28.0,845.0,-817.0,-817.0,True,True,True,,Batch 1 acceptance repair operator,PASS,Direct FFIEC archive members and values were inspected; raw-to-standard and recomputed-to-panel traces agree.,"This is a fixed reproducible 100-observation source-document sample with required transition rows, not evidence that all unreviewed reporting-detail changes are absent."
491224,11063,FIRST-CITIZENS BANK&TRUST CO,2016-09-30,CI,FIXED_RANDOM,False,FFIEC CDR Call Bulk All Schedules 06302016.zip; FFIEC CDR Call Bulk All Schedules 09302016.zip,FFIEC CDR Call Bulk All Schedules 06302016.zip::FFIEC CDR Call Schedule RIBI 06302016.txt; FFIEC CDR Call Bulk All Schedules 09302016.zip::FFIEC CDR Call Schedule RIBI 09302016.txt; FFIEC CDR Call Bulk All Schedules 06302016.zip::FFIEC CDR Call Schedule RIBI 06302016.txt; FFIEC CDR Call Bulk All Schedules 09302016.zip::FFIEC CDR Call Schedule RIBI 09302016.txt,RIAD4638: current_ytd=3414; prior_ytd=2217; quarterly=1197,RIAD4608: current_ytd=1189; prior_ytd=871; quarterly=318,Q1: quarterly=YTD; Q2-Q4: quarterly=current YTD-prior-quarter YTD; segment NCO=quarterly charge-offs-quarterly recoveries,1197.0,318.0,879.0,879.0,True,True,True,,Batch 1 acceptance repair operator,PASS,Direct FFIEC archive members and values were inspected; raw-to-standard and recomputed-to-panel traces agree.,"This is a fixed reproducible 100-observation source-document sample with required transition rows, not evidence that all unreviewed reporting-detail changes are absent."
722777,29950,SANTANDER BANK N A,2016-09-30,CRE,FIXED_RANDOM,False,FFIEC CDR Call Bulk All Schedules 06302016.zip; FFIEC CDR Call Bulk All Schedules 09302016.zip,FFIEC CDR Call Bulk All Schedules 06302016.zip::FFIEC CDR Call Schedule RIBI 06302016.txt; FFIEC CDR Call Bulk All Schedules 09302016.zip::FFIEC CDR Call Schedule RIBI 09302016.txt; FFIEC CDR Call Bulk All Schedules 06302016.zip::FFIEC CDR Call Schedule RIBI 06302016.txt; FFIEC CDR Call Bulk All Schedules 09302016.zip::FFIEC CDR Call Schedule RIBI 09302016.txt,RIAD3588: current_ytd=0; prior_ytd=0; quarterly=0 | RIADC891: current_ytd=0; prior_ytd=0; quarterly=0 | RIADC893: current_ytd=7; prior_ytd=9; quarterly=-2 | RIADC895: current_ytd=4472; prior_ytd=1255; quarterly=3217 | RIADC897: current_ytd=9826; prior_ytd=9496; quarterly=330,RIAD3589: current_ytd=1213; prior_ytd=1106; quarterly=107 | RIADC892: current_ytd=0; prior_ytd=0; quarterly=0 | RIADC894: current_ytd=618; prior_ytd=1; quarterly=617 | RIADC896: current_ytd=2703; prior_ytd=2340; quarterly=363 | RIADC898: current_ytd=14502; prior_ytd=5438; quarterly=9064,Q1: quarterly=YTD; Q2-Q4: quarterly=current YTD-prior-quarter YTD; segment NCO=quarterly charge-offs-quarterly recoveries,3545.0,10151.0,-6606.0,-6606.0,True,True,True,,Batch 1 acceptance repair operator,PASS,Direct FFIEC archive members and values were inspected; raw-to-standard and recomputed-to-panel traces agree.,"This is a fixed reproducible 100-observation source-document sample with required transition rows, not evidence that all unreviewed reporting-detail changes are absent."
3138146,57512,WESTERN ALLIANCE BANK,2016-12-31,CI,FIXED_RANDOM,False,FFIEC CDR Call Bulk All Schedules 09302016.zip; FFIEC CDR Call Bulk All Schedules 12312016.zip,FFIEC CDR Call Bulk All Schedules 09302016.zip::FFIEC CDR Call Schedule RIBI 09302016.txt; FFIEC CDR Call Bulk All Schedules 12312016.zip::FFIEC CDR Call Schedule RIBI 12312016.txt; FFIEC CDR Call Bulk All Schedules 09302016.zip::FFIEC CDR Call Schedule RIBI 09302016.txt; FFIEC CDR Call Bulk All Schedules 12312016.zip::FFIEC CDR Call Schedule RIBI 12312016.txt,RIAD4638: current_ytd=12455; prior_ytd=11189; quarterly=1266,RIAD4608: current_ytd=3577; prior_ytd=2434; quarterly=1143,Q1: quarterly=YTD; Q2-Q4: quarterly=current YTD-prior-quarter YTD; segment NCO=quarterly charge-offs-quarterly recoveries,1266.0,1143.0,123.0,123.0,True,True,True,,Batch 1 acceptance repair operator,PASS,Direct FFIEC archive members and values were inspected; raw-to-standard and recomputed-to-panel traces agree.,"This is a fixed reproducible 100-observation source-document sample with required transition rows, not evidence that all unreviewed reporting-detail changes are absent."
395238,873,SYNOVUS BANK,2017-03-31,CI,FIXED_RANDOM,False,FFIEC CDR Call Bulk All Schedules 03312017.zip,FFIEC CDR Call Bulk All Schedules 03312017.zip::FFIEC CDR Call Schedule RIBI 03312017.txt; FFIEC CDR Call Bulk All Schedules 03312017.zip::FFIEC CDR Call Schedule RIBI 03312017.txt,RIAD4638: current_ytd=1289; quarterly=current_ytd,RIAD4608: current_ytd=994; quarterly=current_ytd,Q1: quarterly=YTD; Q2-Q4: quarterly=current YTD-prior-quarter YTD; segment NCO=quarterly charge-offs-quarterly recoveries,1289.0,994.0,295.0,295.0,True,True,True,,Batch 1 acceptance repair operator,PASS,Direct FFIEC archive members and values were inspected; raw-to-standard and recomputed-to-panel traces agree.,"This is a fixed reproducible 100-observation source-document sample with required transition rows, not evidence that all unreviewed reporting-detail changes are absent."
339858,4214,BOKF NATIONAL ASSN,2017-06-30,Mortgage,FIXED_RANDOM,False,FFIEC CDR Call Bulk All Schedules 03312017.zip; FFIEC CDR Call Bulk All Schedules 06302017.zip,FFIEC CDR Call Bulk All Schedules 03312017.zip::FFIEC CDR Call Schedule RIBI 03312017.txt; FFIEC CDR Call Bulk All Schedules 06302017.zip::FFIEC CDR Call Schedule RIBI 06302017.txt; FFIEC CDR Call Bulk All Schedules 03312017.zip::FFIEC CDR Call Schedule RIBI 03312017.txt; FFIEC CDR Call Bulk All Schedules 06302017.zip::FFIEC CDR Call Schedule RIBI 06302017.txt,RIADC234: current_ytd=232; prior_ytd=213; quarterly=19 | RIADC235: current_ytd=43; prior_ytd=23; quarterly=20,RIADC217: current_ytd=167; prior_ytd=132; quarterly=35 | RIADC218: current_ytd=158; prior_ytd=63; quarterly=95,Q1: quarterly=YTD; Q2-Q4: quarterly=current YTD-prior-quarter YTD; segment NCO=quarterly charge-offs-quarterly recoveries,39.0,130.0,-91.0,-91.0,True,True,True,,Batch 1 acceptance repair operator,PASS,Direct FFIEC archive members and values were inspected; raw-to-standard and recomputed-to-panel traces agree.,"This is a fixed reproducible 100-observation source-document sample with required transition rows, not evidence that all unreviewed reporting-detail changes are absent."
143662,17266,COLUMBIA BANK,2017-09-30,Mortgage,FIXED_RANDOM,False,FFIEC CDR Call Bulk All Schedules 06302017.zip; FFIEC CDR Call Bulk All Schedules 09302017.zip,FFIEC CDR Call Bulk All Schedules 06302017.zip::FFIEC CDR Call Schedule RIBI 06302017.txt; FFIEC CDR Call Bulk All Schedules 09302017.zip::FFIEC CDR Call Schedule RIBI 09302017.txt; FFIEC CDR Call Bulk All Schedules 06302017.zip::FFIEC CDR Call Schedule RIBI 06302017.txt; FFIEC CDR Call Bulk All Schedules 09302017.zip::FFIEC CDR Call Schedule RIBI 09302017.txt,RIADC234: current_ytd=337; prior_ytd=311; quarterly=26 | RIADC235: current_ytd=63; prior_ytd=41; quarterly=22,RIADC217: current_ytd=78; prior_ytd=61; quarterly=17 | RIADC218: current_ytd=255; prior_ytd=72; quarterly=183,Q1: quarterly=YTD; Q2-Q4: quarterly=current YTD-prior-quarter YTD; segment NCO=quarterly charge-offs-quarterly recoveries,48.0,200.0,-152.0,-152.0,True,True,True,,Batch 1 acceptance repair operator,PASS,Direct FFIEC archive members and values were inspected; raw-to-standard and recomputed-to-panel traces agree.,"This is a fixed reproducible 100-observation source-document sample with required transition rows, not evidence that all unreviewed reporting-detail changes are absent."
208244,3832,OLD NATIONAL BANK,2017-09-30,Mortgage,FIXED_RANDOM,False,FFIEC CDR Call Bulk All Schedules 06302017.zip; FFIEC CDR Call Bulk All Schedules 09302017.zip,FFIEC CDR Call Bulk All Schedules 06302017.zip::FFIEC CDR Call Schedule RIBI 06302017.txt; FFIEC CDR Call Bulk All Schedules 09302017.zip::FFIEC CDR Call Schedule RIBI 09302017.txt; FFIEC CDR Call Bulk All Schedules 06302017.zip::FFIEC CDR Call Schedule RIBI 06302017.txt; FFIEC CDR Call Bulk All Schedules 09302017.zip::FFIEC CDR Call Schedule RIBI 09302017.txt,RIADC234: current_ytd=1408; prior_ytd=1331; quarterly=77 | RIADC235: current_ytd=287; prior_ytd=287; quarterly=0,RIADC217: current_ytd=404; prior_ytd=372; quarterly=32 | RIADC218: current_ytd=197; prior_ytd=138; quarterly=59,Q1: quarterly=YTD; Q2-Q4: quarterly=current YTD-prior-quarter YTD; segment NCO=quarterly charge-offs-quarterly recoveries,77.0,91.0,-14.0,-14.0,True,True,True,,Batch 1 acceptance repair operator,PASS,Direct FFIEC archive members and values were inspected; raw-to-standard and recomputed-to-panel traces agree.,"This is a fixed reproducible 100-observation source-document sample with required transition rows, not evidence that all unreviewed reporting-detail changes are absent."
276579,2270,ZIONS BCORP N A,2017-09-30,CRE,FIXED_RANDOM,False,FFIEC CDR Call Bulk All Schedules 06302017.zip; FFIEC CDR Call Bulk All Schedules 09302017.zip,FFIEC CDR Call Bulk All Schedules 06302017.zip::FFIEC CDR Call Schedule RIBI 06302017.txt; FFIEC CDR Call Bulk All Schedules 09302017.zip::FFIEC CDR Call Schedule RIBI 09302017.txt; FFIEC CDR Call Bulk All Schedules 06302017.zip::FFIEC CDR Call Schedule RIBI 06302017.txt; FFIEC CDR Call Bulk All Schedules 09302017.zip::FFIEC CDR Call Schedule RIBI 09302017.txt,RIAD3588: current_ytd=8; prior_ytd=8; quarterly=0 | RIADC891: current_ytd=116; prior_ytd=54; quarterly=62 | RIADC893: current_ytd=711; prior_ytd=618; quarterly=93 | RIADC895: current_ytd=5413; prior_ytd=4948; quarterly=465 | RIADC897: current_ytd=5994; prior_ytd=1559; quarterly=4435,RIAD3589: current_ytd=54; prior_ytd=50; quarterly=4 | RIADC892: current_ytd=35; prior_ytd=27; quarterly=8 | RIADC894: current_ytd=9966; prior_ytd=9649; quarterly=317 | RIADC896: current_ytd=1904; prior_ytd=1096; quarterly=808 | RIADC898: current_ytd=3430; prior_ytd=1962; quarterly=1468,Q1: quarterly=YTD; Q2-Q4: quarterly=current YTD-prior-quarter YTD; segment NCO=quarterly charge-offs-quarterly recoveries,5055.0,2605.0,2450.0,2450.0,True,True,True,,Batch 1 acceptance repair operator,PASS,Direct FFIEC archive members and values were inspected; raw-to-standard and recomputed-to-panel traces agree.,"This is a fixed reproducible 100-observation source-document sample with required transition rows, not evidence that all unreviewed reporting-detail changes are absent."
60143,983,COMERICA BANK,2017-09-30,CRE,FIXED_RANDOM,False,FFIEC CDR Call Bulk All Schedules 06302017.zip; FFIEC CDR Call Bulk All Schedules 09302017.zip,FFIEC CDR Call Bulk All Schedules 06302017.zip::FFIEC CDR Call Schedule RIBI 06302017.txt; FFIEC CDR Call Bulk All Schedules 09302017.zip::FFIEC CDR Call Schedule RIBI 09302017.txt; FFIEC CDR Call Bulk All Schedules 06302017.zip::FFIEC CDR Call Schedule RIBI 06302017.txt; FFIEC CDR Call Bulk All Schedules 09302017.zip::FFIEC CDR Call Schedule RIBI 09302017.txt,RIAD3588: current_ytd=0; prior_ytd=0; quarterly=0 | RIADC891: current_ytd=0; prior_ytd=0; quarterly=0 | RIADC893: current_ytd=0; prior_ytd=0; quarterly=0 | RIADC895: current_ytd=3322; prior_ytd=2407; quarterly=915 | RIADC897: current_ytd=93; prior_ytd=93; quarterly=0,RIAD3589: current_ytd=208; prior_ytd=17; quarterly=191 | RIADC892: current_ytd=87; prior_ytd=40; quarterly=47 | RIADC894: current_ytd=221; prior_ytd=123; quarterly=98 | RIADC896: current_ytd=3043; prior_ytd=2229; quarterly=814 | RIADC898: current_ytd=2662; prior_ytd=1146; quarterly=1516,Q1: quarterly=YTD; Q2-Q4: quarterly=current YTD-prior-quarter YTD; segment NCO=quarterly charge-offs-quarterly recoveries,915.0,2666.0,-1751.0,-1751.0,True,True,True,,Batch 1 acceptance repair operator,PASS,Direct FFIEC archive members and values were inspected; raw-to-standard and recomputed-to-panel traces agree.,"This is a fixed reproducible 100-observation source-document sample with required transition rows, not evidence that all unreviewed reporting-detail changes are absent."
682563,5510,FROST BANK,2017-09-30,CI,FIXED_RANDOM,False,FFIEC CDR Call Bulk All Schedules 06302017.zip; FFIEC CDR Call Bulk All Schedules 09302017.zip,FFIEC CDR Call Bulk All Schedules 06302017.zip::FFIEC CDR Call Schedule RIBI 06302017.txt; FFIEC CDR Call Bulk All Schedules 09302017.zip::FFIEC CDR Call Schedule RIBI 09302017.txt; FFIEC CDR Call Bulk All Schedules 06302017.zip::FFIEC CDR Call Schedule RIBI 06302017.txt; FFIEC CDR Call Bulk All Schedules 09302017.zip::FFIEC CDR Call Schedule RIBI 09302017.txt,RIAD4638: current_ytd=24739; prior_ytd=19270; quarterly=5469,RIAD4608: current_ytd=2821; prior_ytd=1577; quarterly=1244,Q1: quarterly=YTD; Q2-Q4: quarterly=current YTD-prior-quarter YTD; segment NCO=quarterly charge-offs-quarterly recoveries,5469.0,1244.0,4225.0,4225.0,True,True,True,,Batch 1 acceptance repair operator,PASS,Direct FFIEC archive members and values were inspected; raw-to-standard and recomputed-to-panel traces agree.,"This is a fixed reproducible 100-observation source-document sample with required transition rows, not evidence that all unreviewed reporting-detail changes are absent."
3138146,57512,WESTERN ALLIANCE BANK,2017-12-31,Mortgage,FIXED_RANDOM,False,FFIEC CDR Call Bulk All Schedules 09302017.zip; FFIEC CDR Call Bulk All Schedules 12312017.zip,FFIEC CDR Call Bulk All Schedules 09302017.zip::FFIEC CDR Call Schedule RIBI 09302017.txt; FFIEC CDR Call Bulk All Schedules 12312017.zip::FFIEC CDR Call Schedule RIBI 12312017.txt; FFIEC CDR Call Bulk All Schedules 09302017.zip::FFIEC CDR Call Schedule RIBI 09302017.txt; FFIEC CDR Call Bulk All Schedules 12312017.zip::FFIEC CDR Call Schedule RIBI 12312017.txt,RIADC234: current_ytd=26; prior_ytd=26; quarterly=0 | RIADC235: current_ytd=0; prior_ytd=0; quarterly=0,RIADC217: current_ytd=1575; prior_ytd=1477; quarterly=98 | RIADC218: current_ytd=7; prior_ytd=5; quarterly=2,Q1: quarterly=YTD; Q2-Q4: quarterly=current YTD-prior-quarter YTD; segment NCO=quarterly charge-offs-quarterly recoveries,0.0,100.0,-100.0,-100.0,True,True,True,,Batch 1 acceptance repair operator,PASS,Direct FFIEC archive members and values were inspected; raw-to-standard and recomputed-to-panel traces agree.,"This is a fixed reproducible 100-observation source-document sample with required transition rows, not evidence that all unreviewed reporting-detail changes are absent."
339858,4214,BOKF NATIONAL ASSN,2017-12-31,CRE,FIXED_RANDOM,False,FFIEC CDR Call Bulk All Schedules 09302017.zip; FFIEC CDR Call Bulk All Schedules 12312017.zip,FFIEC CDR Call Bulk All Schedules 09302017.zip::FFIEC CDR Call Schedule RIBI 09302017.txt; FFIEC CDR Call Bulk All Schedules 12312017.zip::FFIEC CDR Call Schedule RIBI 12312017.txt; FFIEC CDR Call Bulk All Schedules 09302017.zip::FFIEC CDR Call Schedule RIBI 09302017.txt; FFIEC CDR Call Bulk All Schedules 12312017.zip::FFIEC CDR Call Schedule RIBI 12312017.txt,RIAD3588: current_ytd=0; prior_ytd=0; quarterly=0 | RIADC891: current_ytd=0; prior_ytd=0; quarterly=0 | RIADC893: current_ytd=0; prior_ytd=0; quarterly=0 | RIADC895: current_ytd=6500; prior_ytd=0; quarterly=6500 | RIADC897: current_ytd=76; prior_ytd=76; quarterly=0,RIAD3589: current_ytd=0; prior_ytd=0; quarterly=0 | RIADC892: current_ytd=731; prior_ytd=570; quarterly=161 | RIADC894: current_ytd=425; prior_ytd=246; quarterly=179 | RIADC896: current_ytd=550; prior_ytd=418; quarterly=132 | RIADC898: current_ytd=563; prior_ytd=560; quarterly=3,Q1: quarterly=YTD; Q2-Q4: quarterly=current YTD-prior-quarter YTD; segment NCO=quarterly charge-offs-quarterly recoveries,6500.0,475.0,6025.0,6025.0,True,True,True,,Batch 1 acceptance repair operator,PASS,Direct FFIEC archive members and values were inspected; raw-to-standard and recomputed-to-panel traces agree.,"This is a fixed reproducible 100-observation source-document sample with required transition rows, not evidence that all unreviewed reporting-detail changes are absent."
606046,11813,CADENCE BANK,2018-03-31,CI,FIXED_RANDOM,False,FFIEC CDR Call Bulk All Schedules 03312018.zip,FFIEC CDR Call Bulk All Schedules 03312018.zip::FFIEC CDR Call Schedule RIBI 03312018.txt; FFIEC CDR Call Bulk All Schedules 03312018.zip::FFIEC CDR Call Schedule RIBI 03312018.txt,RIAD4638: current_ytd=477; quarterly=current_ytd,RIAD4608: current_ytd=357; quarterly=current_ytd,Q1: quarterly=YTD; Q2-Q4: quarterly=current YTD-prior-quarter YTD; segment NCO=quarterly charge-offs-quarterly recoveries,477.0,357.0,120.0,120.0,True,True,True,,Batch 1 acceptance repair operator,PASS,Direct FFIEC archive members and values were inspected; raw-to-standard and recomputed-to-panel traces agree.,"This is a fixed reproducible 100-observation source-document sample with required transition rows, not evidence that all unreviewed reporting-detail changes are absent."
723112,6672,FIFTH THIRD BANK NA,2018-09-30,Mortgage,FIXED_RANDOM,False,FFIEC CDR Call Bulk All Schedules 06302018.zip; FFIEC CDR Call Bulk All Schedules 09302018.zip,FFIEC CDR Call Bulk All Schedules 06302018.zip::FFIEC CDR Call Schedule RIBI 06302018.txt; FFIEC CDR Call Bulk All Schedules 09302018.zip::FFIEC CDR Call Schedule RIBI 09302018.txt; FFIEC CDR Call Bulk All Schedules 06302018.zip::FFIEC CDR Call Schedule RIBI 06302018.txt; FFIEC CDR Call Bulk All Schedules 09302018.zip::FFIEC CDR Call Schedule RIBI 09302018.txt,RIADC234: current_ytd=11295; prior_ytd=8274; quarterly=3021 | RIADC235: current_ytd=1619; prior_ytd=1260; quarterly=359,RIADC217: current_ytd=4253; prior_ytd=2885; quarterly=1368 | RIADC218: current_ytd=1210; prior_ytd=779; quarterly=431,Q1: quarterly=YTD; Q2-Q4: quarterly=current YTD-prior-quarter YTD; segment NCO=quarterly charge-offs-quarterly recoveries,3380.0,1799.0,1581.0,1581.0,True,True,True,,Batch 1 acceptance repair operator,PASS,Direct FFIEC archive members and values were inspected; raw-to-standard and recomputed-to-panel traces agree.,"This is a fixed reproducible 100-observation source-document sample with required transition rows, not evidence that all unreviewed reporting-detail changes are absent."
1842065,33306,CIBC BANK USA,2018-12-31,Mortgage,FIXED_RANDOM,False,FFIEC CDR Call Bulk All Schedules 09302018.zip; FFIEC CDR Call Bulk All Schedules 12312018.zip,FFIEC CDR Call Bulk All Schedules 09302018.zip::FFIEC CDR Call Schedule RIBI 09302018.txt; FFIEC CDR Call Bulk All Schedules 12312018.zip::FFIEC CDR Call Schedule RIBI 12312018.txt; FFIEC CDR Call Bulk All Schedules 09302018.zip::FFIEC CDR Call Schedule RIBI 09302018.txt; FFIEC CDR Call Bulk All Schedules 12312018.zip::FFIEC CDR Call Schedule RIBI 12312018.txt,RIADC234: current_ytd=157; prior_ytd=157; quarterly=0 | RIADC235: current_ytd=0; prior_ytd=0; quarterly=0,RIADC217: current_ytd=70; prior_ytd=53; quarterly=17 | RIADC218: current_ytd=33; prior_ytd=22; quarterly=11,Q1: quarterly=YTD; Q2-Q4: quarterly=current YTD-prior-quarter YTD; segment NCO=quarterly charge-offs-quarterly recoveries,0.0,28.0,-28.0,-28.0,True,True,True,,Batch 1 acceptance repair operator,PASS,Direct FFIEC archive members and values were inspected; raw-to-standard and recomputed-to-panel traces agree.,"This is a fixed reproducible 100-observation source-document sample with required transition rows, not evidence that all unreviewed reporting-detail changes are absent."
962966,26881,SOFI BANK NATIONAL ASSN,2018-12-31,CI,FIXED_RANDOM,False,FFIEC CDR Call Bulk All Schedules 09302018.zip; FFIEC CDR Call Bulk All Schedules 12312018.zip,FFIEC CDR Call Bulk All Schedules 09302018.zip::FFIEC CDR Call Schedule RIBI 09302018.txt; FFIEC CDR Call Bulk All Schedules 12312018.zip::FFIEC CDR Call Schedule RIBI 12312018.txt; FFIEC CDR Call Bulk All Schedules 09302018.zip::FFIEC CDR Call Schedule RIBI 09302018.txt; FFIEC CDR Call Bulk All Schedules 12312018.zip::FFIEC CDR Call Schedule RIBI 12312018.txt,RIAD4638: current_ytd=303; prior_ytd=384; quarterly=-81,RIAD4608: current_ytd=6; prior_ytd=6; quarterly=0,Q1: quarterly=YTD; Q2-Q4: quarterly=current YTD-prior-quarter YTD; segment NCO=quarterly charge-offs-quarterly recoveries,-81.0,0.0,-81.0,-81.0,True,True,True,,Batch 1 acceptance repair operator,PASS,Direct FFIEC archive members and values were inspected; raw-to-standard and recomputed-to-panel traces agree.,"This is a fixed reproducible 100-observation source-document sample with required transition rows, not evidence that all unreviewed reporting-detail changes are absent."
276579,2270,ZIONS BCORP N A,2019-03-31,CI,FIXED_RANDOM,False,FFIEC CDR Call Bulk All Schedules 03312019.zip,FFIEC CDR Call Bulk All Schedules 03312019.zip::FFIEC CDR Call Schedule RIBI 03312019.txt; FFIEC CDR Call Bulk All Schedules 03312019.zip::FFIEC CDR Call Schedule RIBI 03312019.txt,RIAD4638: current_ytd=6996; quarterly=current_ytd,RIAD4608: current_ytd=5515; quarterly=current_ytd,Q1: quarterly=YTD; Q2-Q4: quarterly=current YTD-prior-quarter YTD; segment NCO=quarterly charge-offs-quarterly recoveries,6996.0,5515.0,1481.0,1481.0,True,True,True,,Batch 1 acceptance repair operator,PASS,Direct FFIEC archive members and values were inspected; raw-to-standard and recomputed-to-panel traces agree.,"This is a fixed reproducible 100-observation source-document sample with required transition rows, not evidence that all unreviewed reporting-detail changes are absent."
276579,2270,ZIONS BCORP N A,2019-06-30,CRE,FIXED_RANDOM,False,FFIEC CDR Call Bulk All Schedules 03312019.zip; FFIEC CDR Call Bulk All Schedules 06302019.zip,FFIEC CDR Call Bulk All Schedules 03312019.zip::FFIEC CDR Call Schedule RIBI 03312019.txt; FFIEC CDR Call Bulk All Schedules 06302019.zip::FFIEC CDR Call Schedule RIBI 06302019.txt; FFIEC CDR Call Bulk All Schedules 03312019.zip::FFIEC CDR Call Schedule RIBI 03312019.txt; FFIEC CDR Call Bulk All Schedules 06302019.zip::FFIEC CDR Call Schedule RIBI 06302019.txt,RIAD3588: current_ytd=329; prior_ytd=329; quarterly=0 | RIADC891: current_ytd=0; prior_ytd=0; quarterly=0 | RIADC893: current_ytd=92; prior_ytd=58; quarterly=34 | RIADC895: current_ytd=1046; prior_ytd=593; quarterly=453 | RIADC897: current_ytd=522; prior_ytd=338; quarterly=184,RIAD3589: current_ytd=11; prior_ytd=6; quarterly=5 | RIADC892: current_ytd=21; prior_ytd=9; quarterly=12 | RIADC894: current_ytd=607; prior_ytd=398; quarterly=209 | RIADC896: current_ytd=985; prior_ytd=410; quarterly=575 | RIADC898: current_ytd=2728; prior_ytd=2576; quarterly=152,Q1: quarterly=YTD; Q2-Q4: quarterly=current YTD-prior-quarter YTD; segment NCO=quarterly charge-offs-quarterly recoveries,671.0,953.0,-282.0,-282.0,True,True,True,,Batch 1 acceptance repair operator,PASS,Direct FFIEC archive members and values were inspected; raw-to-standard and recomputed-to-panel traces agree.,"This is a fixed reproducible 100-observation source-document sample with required transition rows, not evidence that all unreviewed reporting-detail changes are absent."
12311,6560,HUNTINGTON NATIONAL BANK,2019-12-31,Mortgage,FIXED_RANDOM,False,FFIEC CDR Call Bulk All Schedules 09302019.zip; FFIEC CDR Call Bulk All Schedules 12312019.zip,FFIEC CDR Call Bulk All Schedules 09302019.zip::FFIEC CDR Call Schedule RIBI 09302019.txt; FFIEC CDR Call Bulk All Schedules 12312019.zip::FFIEC CDR Call Schedule RIBI 12312019.txt; FFIEC CDR Call Bulk All Schedules 09302019.zip::FFIEC CDR Call Schedule RIBI 09302019.txt; FFIEC CDR Call Bulk All Schedules 12312019.zip::FFIEC CDR Call Schedule RIBI 12312019.txt,RIADC234: current_ytd=10198; prior_ytd=7780; quarterly=2418 | RIADC235: current_ytd=1589; prior_ytd=1435; quarterly=154,RIADC217: current_ytd=5328; prior_ytd=3419; quarterly=1909 | RIADC218: current_ytd=2478; prior_ytd=1834; quarterly=644,Q1: quarterly=YTD; Q2-Q4: quarterly=current YTD-prior-quarter YTD; segment NCO=quarterly charge-offs-quarterly recoveries,2572.0,2553.0,19.0,19.0,True,True,True,,Batch 1 acceptance repair operator,PASS,Direct FFIEC archive members and values were inspected; raw-to-standard and recomputed-to-panel traces agree.,"This is a fixed reproducible 100-observation source-document sample with required transition rows, not evidence that all unreviewed reporting-detail changes are absent."
208244,3832,OLD NATIONAL BANK,2019-12-31,CRE,FIXED_RANDOM,False,FFIEC CDR Call Bulk All Schedules 09302019.zip; FFIEC CDR Call Bulk All Schedules 12312019.zip,FFIEC CDR Call Bulk All Schedules 09302019.zip::FFIEC CDR Call Schedule RIBI 09302019.txt; FFIEC CDR Call Bulk All Schedules 12312019.zip::FFIEC CDR Call Schedule RIBI 12312019.txt; FFIEC CDR Call Bulk All Schedules 09302019.zip::FFIEC CDR Call Schedule RIBI 09302019.txt; FFIEC CDR Call Bulk All Schedules 12312019.zip::FFIEC CDR Call Schedule RIBI 12312019.txt,RIAD3588: current_ytd=0; prior_ytd=0; quarterly=0 | RIADC891: current_ytd=0; prior_ytd=0; quarterly=0 | RIADC893: current_ytd=2517; prior_ytd=487; quarterly=2030 | RIADC895: current_ytd=71; prior_ytd=71; quarterly=0 | RIADC897: current_ytd=0; prior_ytd=0; quarterly=0,RIAD3589: current_ytd=1034; prior_ytd=773; quarterly=261 | RIADC892: current_ytd=23; prior_ytd=17; quarterly=6 | RIADC894: current_ytd=309; prior_ytd=226; quarterly=83 | RIADC896: current_ytd=170; prior_ytd=114; quarterly=56 | RIADC898: current_ytd=694; prior_ytd=434; quarterly=260,Q1: quarterly=YTD; Q2-Q4: quarterly=current YTD-prior-quarter YTD; segment NCO=quarterly charge-offs-quarterly recoveries,2030.0,666.0,1364.0,1364.0,True,True,True,,Batch 1 acceptance repair operator,PASS,Direct FFIEC archive members and values were inspected; raw-to-standard and recomputed-to-panel traces agree.,"This is a fixed reproducible 100-observation source-document sample with required transition rows, not evidence that all unreviewed reporting-detail changes are absent."
280110,17534,KEYBANK NATIONAL ASSN,2019-12-31,Mortgage,FIXED_RANDOM,False,FFIEC CDR Call Bulk All Schedules 09302019.zip; FFIEC CDR Call Bulk All Schedules 12312019.zip,FFIEC CDR Call Bulk All Schedules 09302019.zip::FFIEC CDR Call Schedule RIBI 09302019.txt; FFIEC CDR Call Bulk All Schedules 12312019.zip::FFIEC CDR Call Schedule RIBI 12312019.txt; FFIEC CDR Call Bulk All Schedules 09302019.zip::FFIEC CDR Call Schedule RIBI 09302019.txt; FFIEC CDR Call Bulk All Schedules 12312019.zip::FFIEC CDR Call Schedule RIBI 12312019.txt,RIADC234: current_ytd=2672; prior_ytd=2373; quarterly=299 | RIADC235: current_ytd=4398; prior_ytd=3667; quarterly=731,RIADC217: current_ytd=2228; prior_ytd=1192; quarterly=1036 | RIADC218: current_ytd=3810; prior_ytd=3165; quarterly=645,Q1: quarterly=YTD; Q2-Q4: quarterly=current YTD-prior-quarter YTD; segment NCO=quarterly charge-offs-quarterly recoveries,1030.0,1681.0,-651.0,-651.0,True,True,True,,Batch 1 acceptance repair operator,PASS,Direct FFIEC archive members and values were inspected; raw-to-standard and recomputed-to-panel traces agree.,"This is a fixed reproducible 100-observation source-document sample with required transition rows, not evidence that all unreviewed reporting-detail changes are absent."
3212149,57565,UBS BANK USA,2020-03-31,CRE,FIXED_RANDOM,False,FFIEC CDR Call Bulk All Schedules 03312020.zip,FFIEC CDR Call Bulk All Schedules 03312020.zip::FFIEC CDR Call Schedule RIBI 03312020.txt; FFIEC CDR Call Bulk All Schedules 03312020.zip::FFIEC CDR Call Schedule RIBI 03312020.txt,RIAD3588: current_ytd=0; quarterly=current_ytd | RIADC891: current_ytd=0; quarterly=current_ytd | RIADC893: current_ytd=0; quarterly=current_ytd | RIADC895: current_ytd=0; quarterly=current_ytd | RIADC897: current_ytd=0; quarterly=current_ytd,RIAD3589: current_ytd=0; quarterly=current_ytd | RIADC892: current_ytd=0; quarterly=current_ytd | RIADC894: current_ytd=0; quarterly=current_ytd | RIADC896: current_ytd=0; quarterly=current_ytd | RIADC898: current_ytd=0; quarterly=current_ytd,Q1: quarterly=YTD; Q2-Q4: quarterly=current YTD-prior-quarter YTD; segment NCO=quarterly charge-offs-quarterly recoveries,0.0,0.0,0.0,0.0,True,True,True,,Batch 1 acceptance repair operator,PASS,Direct FFIEC archive members and values were inspected; raw-to-standard and recomputed-to-panel traces agree.,"This is a fixed reproducible 100-observation source-document sample with required transition rows, not evidence that all unreviewed reporting-detail changes are absent."
1842065,33306,CIBC BANK USA,2020-06-30,Mortgage,FIXED_RANDOM,False,FFIEC CDR Call Bulk All Schedules 03312020.zip; FFIEC CDR Call Bulk All Schedules 06302020.zip,FFIEC CDR Call Bulk All Schedules 03312020.zip::FFIEC CDR Call Schedule RIBI 03312020.txt; FFIEC CDR Call Bulk All Schedules 06302020.zip::FFIEC CDR Call Schedule RIBI 06302020.txt; FFIEC CDR Call Bulk All Schedules 03312020.zip::FFIEC CDR Call Schedule RIBI 03312020.txt; FFIEC CDR Call Bulk All Schedules 06302020.zip::FFIEC CDR Call Schedule RIBI 06302020.txt,RIADC234: current_ytd=161; prior_ytd=0; quarterly=161 | RIADC235: current_ytd=0; prior_ytd=0; quarterly=0,RIADC217: current_ytd=95; prior_ytd=61; quarterly=34 | RIADC218: current_ytd=88; prior_ytd=11; quarterly=77,Q1: quarterly=YTD; Q2-Q4: quarterly=current YTD-prior-quarter YTD; segment NCO=quarterly charge-offs-quarterly recoveries,161.0,111.0,50.0,50.0,True,True,True,,Batch 1 acceptance repair operator,PASS,Direct FFIEC archive members and values were inspected; raw-to-standard and recomputed-to-panel traces agree.,"This is a fixed reproducible 100-observation source-document sample with required transition rows, not evidence that all unreviewed reporting-detail changes are absent."
761806,18221,WEBSTER BANK NATIONAL ASSN,2020-09-30,Mortgage,FIXED_RANDOM,False,FFIEC CDR Call Bulk All Schedules 06302020.zip; FFIEC CDR Call Bulk All Schedules 09302020.zip,FFIEC CDR Call Bulk All Schedules 06302020.zip::FFIEC CDR Call Schedule RIBI 06302020.txt; FFIEC CDR Call Bulk All Schedules 09302020.zip::FFIEC CDR Call Schedule RIBI 09302020.txt; FFIEC CDR Call Bulk All Schedules 06302020.zip::FFIEC CDR Call Schedule RIBI 06302020.txt; FFIEC CDR Call Bulk All Schedules 09302020.zip::FFIEC CDR Call Schedule RIBI 09302020.txt,RIADC234: current_ytd=2377; prior_ytd=1828; quarterly=549 | RIADC235: current_ytd=809; prior_ytd=633; quarterly=176,RIADC217: current_ytd=919; prior_ytd=372; quarterly=547 | RIADC218: current_ytd=2556; prior_ytd=1640; quarterly=916,Q1: quarterly=YTD; Q2-Q4: quarterly=current YTD-prior-quarter YTD; segment NCO=quarterly charge-offs-quarterly recoveries,725.0,1463.0,-738.0,-738.0,True,True,True,,Batch 1 acceptance repair operator,PASS,Direct FFIEC archive members and values were inspected; raw-to-standard and recomputed-to-panel traces agree.,"This is a fixed reproducible 100-observation source-document sample with required transition rows, not evidence that all unreviewed reporting-detail changes are absent."
1842065,33306,CIBC BANK USA,2021-03-31,Mortgage,FIXED_RANDOM,False,FFIEC CDR Call Bulk All Schedules 03312021.zip,FFIEC CDR Call Bulk All Schedules 03312021.zip::FFIEC CDR Call Schedule RIBI 03312021.txt; FFIEC CDR Call Bulk All Schedules 03312021.zip::FFIEC CDR Call Schedule RIBI 03312021.txt,RIADC234: current_ytd=140; quarterly=current_ytd | RIADC235: current_ytd=0; quarterly=current_ytd,RIADC217: current_ytd=18; quarterly=current_ytd | RIADC218: current_ytd=1; quarterly=current_ytd,Q1: quarterly=YTD; Q2-Q4: quarterly=current YTD-prior-quarter YTD; segment NCO=quarterly charge-offs-quarterly recoveries,140.0,19.0,121.0,121.0,True,True,True,,Batch 1 acceptance repair operator,PASS,Direct FFIEC archive members and values were inspected; raw-to-standard and recomputed-to-panel traces agree.,"This is a fixed reproducible 100-observation source-document sample with required transition rows, not evidence that all unreviewed reporting-detail changes are absent."
60143,983,COMERICA BANK,2021-06-30,CRE,FIXED_RANDOM,False,FFIEC CDR Call Bulk All Schedules 03312021.zip; FFIEC CDR Call Bulk All Schedules 06302021.zip,FFIEC CDR Call Bulk All Schedules 03312021.zip::FFIEC CDR Call Schedule RIBI 03312021.txt; FFIEC CDR Call Bulk All Schedules 06302021.zip::FFIEC CDR Call Schedule RIBI 06302021.txt; FFIEC CDR Call Bulk All Schedules 03312021.zip::FFIEC CDR Call Schedule RIBI 03312021.txt; FFIEC CDR Call Bulk All Schedules 06302021.zip::FFIEC CDR Call Schedule RIBI 06302021.txt,RIAD3588: current_ytd=0; prior_ytd=0; quarterly=0 | RIADC891: current_ytd=0; prior_ytd=0; quarterly=0 | RIADC893: current_ytd=0; prior_ytd=0; quarterly=0 | RIADC895: current_ytd=1000; prior_ytd=1000; quarterly=0 | RIADC897: current_ytd=0; prior_ytd=0; quarterly=0,RIAD3589: current_ytd=0; prior_ytd=0; quarterly=0 | RIADC892: current_ytd=0; prior_ytd=0; quarterly=0 | RIADC894: current_ytd=0; prior_ytd=0; quarterly=0 | RIADC896: current_ytd=0; prior_ytd=0; quarterly=0 | RIADC898: current_ytd=0; prior_ytd=0; quarterly=0,Q1: quarterly=YTD; Q2-Q4: quarterly=current YTD-prior-quarter YTD; segment NCO=quarterly charge-offs-quarterly recoveries,0.0,0.0,0.0,0.0,True,True,True,,Batch 1 acceptance repair operator,PASS,Direct FFIEC archive members and values were inspected; raw-to-standard and recomputed-to-panel traces agree.,"This is a fixed reproducible 100-observation source-document sample with required transition rows, not evidence that all unreviewed reporting-detail changes are absent."
379920,7888,FIRST NB OF PENNSYLVANIA,2021-09-30,Mortgage,FIXED_RANDOM,False,FFIEC CDR Call Bulk All Schedules 06302021.zip; FFIEC CDR Call Bulk All Schedules 09302021.zip,FFIEC CDR Call Bulk All Schedules 06302021.zip::FFIEC CDR Call Schedule RIBI 06302021.txt; FFIEC CDR Call Bulk All Schedules 09302021.zip::FFIEC CDR Call Schedule RIBI 09302021.txt; FFIEC CDR Call Bulk All Schedules 06302021.zip::FFIEC CDR Call Schedule RIBI 06302021.txt; FFIEC CDR Call Bulk All Schedules 09302021.zip::FFIEC CDR Call Schedule RIBI 09302021.txt,RIADC234: current_ytd=980; prior_ytd=625; quarterly=355 | RIADC235: current_ytd=527; prior_ytd=319; quarterly=208,RIADC217: current_ytd=1393; prior_ytd=1003; quarterly=390 | RIADC218: current_ytd=387; prior_ytd=271; quarterly=116,Q1: quarterly=YTD; Q2-Q4: quarterly=current YTD-prior-quarter YTD; segment NCO=quarterly charge-offs-quarterly recoveries,563.0,506.0,57.0,57.0,True,True,True,,Batch 1 acceptance repair operator,PASS,Direct FFIEC archive members and values were inspected; raw-to-standard and recomputed-to-panel traces agree.,"This is a fixed reproducible 100-observation source-document sample with required transition rows, not evidence that all unreviewed reporting-detail changes are absent."
491224,11063,FIRST-CITIZENS BANK&TRUST CO,2021-09-30,Mortgage,FIXED_RANDOM,False,FFIEC CDR Call Bulk All Schedules 06302021.zip; FFIEC CDR Call Bulk All Schedules 09302021.zip,FFIEC CDR Call Bulk All Schedules 06302021.zip::FFIEC CDR Call Schedule RIBI 06302021.txt; FFIEC CDR Call Bulk All Schedules 09302021.zip::FFIEC CDR Call Schedule RIBI 09302021.txt; FFIEC CDR Call Bulk All Schedules 06302021.zip::FFIEC CDR Call Schedule RIBI 06302021.txt; FFIEC CDR Call Bulk All Schedules 09302021.zip::FFIEC CDR Call Schedule RIBI 09302021.txt,RIADC234: current_ytd=483; prior_ytd=483; quarterly=0 | RIADC235: current_ytd=43; prior_ytd=28; quarterly=15,RIADC217: current_ytd=1385; prior_ytd=1032; quarterly=353 | RIADC218: current_ytd=512; prior_ytd=375; quarterly=137,Q1: quarterly=YTD; Q2-Q4: quarterly=current YTD-prior-quarter YTD; segment NCO=quarterly charge-offs-quarterly recoveries,15.0,490.0,-475.0,-475.0,True,True,True,,Batch 1 acceptance repair operator,PASS,Direct FFIEC archive members and values were inspected; raw-to-standard and recomputed-to-panel traces agree.,"This is a fixed reproducible 100-observation source-document sample with required transition rows, not evidence that all unreviewed reporting-detail changes are absent."
233031,12368,REGIONS BANK,2021-12-31,Mortgage,FIXED_RANDOM,False,FFIEC CDR Call Bulk All Schedules 09302021.zip; FFIEC CDR Call Bulk All Schedules 12312021.zip,FFIEC CDR Call Bulk All Schedules 09302021.zip::FFIEC CDR Call Schedule RIBI 09302021.txt; FFIEC CDR Call Bulk All Schedules 12312021.zip::FFIEC CDR Call Schedule RIBI 12312021.txt; FFIEC CDR Call Bulk All Schedules 09302021.zip::FFIEC CDR Call Schedule RIBI 09302021.txt; FFIEC CDR Call Bulk All Schedules 12312021.zip::FFIEC CDR Call Schedule RIBI 12312021.txt,RIADC234: current_ytd=2000; prior_ytd=2000; quarterly=0 | RIADC235: current_ytd=1000; prior_ytd=1000; quarterly=0,RIADC217: current_ytd=6000; prior_ytd=5000; quarterly=1000 | RIADC218: current_ytd=3000; prior_ytd=2000; quarterly=1000,Q1: quarterly=YTD; Q2-Q4: quarterly=current YTD-prior-quarter YTD; segment NCO=quarterly charge-offs-quarterly recoveries,0.0,2000.0,-2000.0,-2000.0,True,True,True,,Batch 1 acceptance repair operator,PASS,Direct FFIEC archive members and values were inspected; raw-to-standard and recomputed-to-panel traces agree.,"This is a fixed reproducible 100-observation source-document sample with required transition rows, not evidence that all unreviewed reporting-detail changes are absent."
2925666,35583,PINNACLE BANK,2023-03-31,Mortgage,FIXED_RANDOM,False,FFIEC CDR Call Bulk All Schedules 03312023.zip,FFIEC CDR Call Bulk All Schedules 03312023.zip::FFIEC CDR Call Schedule RIBI 03312023.txt; FFIEC CDR Call Bulk All Schedules 03312023.zip::FFIEC CDR Call Schedule RIBI 03312023.txt,RIADC234: current_ytd=32; quarterly=current_ytd | RIADC235: current_ytd=49; quarterly=current_ytd,RIADC217: current_ytd=290; quarterly=current_ytd | RIADC218: current_ytd=28; quarterly=current_ytd,Q1: quarterly=YTD; Q2-Q4: quarterly=current YTD-prior-quarter YTD; segment NCO=quarterly charge-offs-quarterly recoveries,81.0,318.0,-237.0,-237.0,True,True,True,,Batch 1 acceptance repair operator,PASS,Direct FFIEC archive members and values were inspected; raw-to-standard and recomputed-to-panel traces agree.,"This is a fixed reproducible 100-observation source-document sample with required transition rows, not evidence that all unreviewed reporting-detail changes are absent."
501105,588,MANUFACTURERS&TRADERS TR CO,2023-03-31,Mortgage,FIXED_RANDOM,False,FFIEC CDR Call Bulk All Schedules 03312023.zip,FFIEC CDR Call Bulk All Schedules 03312023.zip::FFIEC CDR Call Schedule RIBI 03312023.txt; FFIEC CDR Call Bulk All Schedules 03312023.zip::FFIEC CDR Call Schedule RIBI 03312023.txt,RIADC234: current_ytd=1692; quarterly=current_ytd | RIADC235: current_ytd=9; quarterly=current_ytd,RIADC217: current_ytd=792; quarterly=current_ytd | RIADC218: current_ytd=550; quarterly=current_ytd,Q1: quarterly=YTD; Q2-Q4: quarterly=current YTD-prior-quarter YTD; segment NCO=quarterly charge-offs-quarterly recoveries,1701.0,1342.0,359.0,359.0,True,True,True,,Batch 1 acceptance repair operator,PASS,Direct FFIEC archive members and values were inspected; raw-to-standard and recomputed-to-panel traces agree.,"This is a fixed reproducible 100-observation source-document sample with required transition rows, not evidence that all unreviewed reporting-detail changes are absent."
3303298,57957,CITIZENS BANK NATIONAL ASSN,2023-06-30,Mortgage,FIXED_RANDOM,False,FFIEC CDR Call Bulk All Schedules 03312023.zip; FFIEC CDR Call Bulk All Schedules 06302023.zip,FFIEC CDR Call Bulk All Schedules 03312023.zip::FFIEC CDR Call Schedule RIBI 03312023.txt; FFIEC CDR Call Bulk All Schedules 06302023.zip::FFIEC CDR Call Schedule RIBI 06302023.txt; FFIEC CDR Call Bulk All Schedules 03312023.zip::FFIEC CDR Call Schedule RIBI 03312023.txt; FFIEC CDR Call Bulk All Schedules 06302023.zip::FFIEC CDR Call Schedule RIBI 06302023.txt,RIADC234: current_ytd=4190; prior_ytd=1868; quarterly=2322 | RIADC235: current_ytd=606; prior_ytd=248; quarterly=358,RIADC217: current_ytd=7075; prior_ytd=2986; quarterly=4089 | RIADC218: current_ytd=526; prior_ytd=267; quarterly=259,Q1: quarterly=YTD; Q2-Q4: quarterly=current YTD-prior-quarter YTD; segment NCO=quarterly charge-offs-quarterly recoveries,2680.0,4348.0,-1668.0,-1668.0,True,True,True,,Batch 1 acceptance repair operator,PASS,Direct FFIEC archive members and values were inspected; raw-to-standard and recomputed-to-panel traces agree.,"This is a fixed reproducible 100-observation source-document sample with required transition rows, not evidence that all unreviewed reporting-detail changes are absent."
63069,17281,CITY NATIONAL BANK,2023-06-30,Mortgage,FIXED_RANDOM,False,FFIEC CDR Call Bulk All Schedules 03312023.zip; FFIEC CDR Call Bulk All Schedules 06302023.zip,FFIEC CDR Call Bulk All Schedules 03312023.zip::FFIEC CDR Call Schedule RIBI 03312023.txt; FFIEC CDR Call Bulk All Schedules 06302023.zip::FFIEC CDR Call Schedule RIBI 06302023.txt; FFIEC CDR Call Bulk All Schedules 03312023.zip::FFIEC CDR Call Schedule RIBI 03312023.txt; FFIEC CDR Call Bulk All Schedules 06302023.zip::FFIEC CDR Call Schedule RIBI 06302023.txt,RIADC234: current_ytd=31; prior_ytd=31; quarterly=0 | RIADC235: current_ytd=0; prior_ytd=0; quarterly=0,RIADC217: current_ytd=10; prior_ytd=5; quarterly=5 | RIADC218: current_ytd=0; prior_ytd=0; quarterly=0,Q1: quarterly=YTD; Q2-Q4: quarterly=current YTD-prior-quarter YTD; segment NCO=quarterly charge-offs-quarterly recoveries,0.0,5.0,-5.0,-5.0,True,True,True,,Batch 1 acceptance repair operator,PASS,Direct FFIEC archive members and values were inspected; raw-to-standard and recomputed-to-panel traces agree.,"This is a fixed reproducible 100-observation source-document sample with required transition rows, not evidence that all unreviewed reporting-detail changes are absent."
379920,7888,FIRST NB OF PENNSYLVANIA,2023-09-30,CI,FIXED_RANDOM,False,FFIEC CDR Call Bulk All Schedules 06302023.zip; FFIEC CDR Call Bulk All Schedules 09302023.zip,FFIEC CDR Call Bulk All Schedules 06302023.zip::FFIEC CDR Call Schedule RIBI 06302023.txt; FFIEC CDR Call Bulk All Schedules 09302023.zip::FFIEC CDR Call Schedule RIBI 09302023.txt; FFIEC CDR Call Bulk All Schedules 06302023.zip::FFIEC CDR Call Schedule RIBI 06302023.txt; FFIEC CDR Call Bulk All Schedules 09302023.zip::FFIEC CDR Call Schedule RIBI 09302023.txt,RIAD4638: current_ytd=49714; prior_ytd=12394; quarterly=37320,RIAD4608: current_ytd=2995; prior_ytd=1534; quarterly=1461,Q1: quarterly=YTD; Q2-Q4: quarterly=current YTD-prior-quarter YTD; segment NCO=quarterly charge-offs-quarterly recoveries,37320.0,1461.0,35859.0,35859.0,True,True,True,,Batch 1 acceptance repair operator,PASS,Direct FFIEC archive members and values were inspected; raw-to-standard and recomputed-to-panel traces agree.,"This is a fixed reproducible 100-observation source-document sample with required transition rows, not evidence that all unreviewed reporting-detail changes are absent."
761806,18221,WEBSTER BANK NATIONAL ASSN,2023-12-31,CI,FIXED_RANDOM,False,FFIEC CDR Call Bulk All Schedules 09302023.zip; FFIEC CDR Call Bulk All Schedules 12312023.zip,FFIEC CDR Call Bulk All Schedules 09302023.zip::FFIEC CDR Call Schedule RIBI 09302023.txt; FFIEC CDR Call Bulk All Schedules 12312023.zip::FFIEC CDR Call Schedule RIBI 12312023.txt; FFIEC CDR Call Bulk All Schedules 09302023.zip::FFIEC CDR Call Schedule RIBI 09302023.txt; FFIEC CDR Call Bulk All Schedules 12312023.zip::FFIEC CDR Call Schedule RIBI 12312023.txt,RIAD4638: current_ytd=37802; prior_ytd=26376; quarterly=11426,RIAD4608: current_ytd=3103; prior_ytd=2708; quarterly=395,Q1: quarterly=YTD; Q2-Q4: quarterly=current YTD-prior-quarter YTD; segment NCO=quarterly charge-offs-quarterly recoveries,11426.0,395.0,11031.0,11031.0,True,True,True,,Batch 1 acceptance repair operator,PASS,Direct FFIEC archive members and values were inspected; raw-to-standard and recomputed-to-panel traces agree.,"This is a fixed reproducible 100-observation source-document sample with required transition rows, not evidence that all unreviewed reporting-detail changes are absent."
208244,3832,OLD NATIONAL BANK,2024-09-30,CRE,FIXED_RANDOM,False,FFIEC CDR Call Bulk All Schedules 06302024.zip; FFIEC CDR Call Bulk All Schedules 09302024.zip,FFIEC CDR Call Bulk All Schedules 06302024.zip::FFIEC CDR Call Schedule RIBI 06302024.txt; FFIEC CDR Call Bulk All Schedules 09302024.zip::FFIEC CDR Call Schedule RIBI 09302024.txt; FFIEC CDR Call Bulk All Schedules 06302024.zip::FFIEC CDR Call Schedule RIBI 06302024.txt; FFIEC CDR Call Bulk All Schedules 09302024.zip::FFIEC CDR Call Schedule RIBI 09302024.txt,RIAD3588: current_ytd=386; prior_ytd=336; quarterly=50 | RIADC891: current_ytd=0; prior_ytd=0; quarterly=0 | RIADC893: current_ytd=0; prior_ytd=0; quarterly=0 | RIADC895: current_ytd=933; prior_ytd=907; quarterly=26 | RIADC897: current_ytd=11055; prior_ytd=8509; quarterly=2546,RIAD3589: current_ytd=862; prior_ytd=833; quarterly=29 | RIADC892: current_ytd=0; prior_ytd=0; quarterly=0 | RIADC894: current_ytd=10; prior_ytd=0; quarterly=10 | RIADC896: current_ytd=198; prior_ytd=88; quarterly=110 | RIADC898: current_ytd=738; prior_ytd=647; quarterly=91,Q1: quarterly=YTD; Q2-Q4: quarterly=current YTD-prior-quarter YTD; segment NCO=quarterly charge-offs-quarterly recoveries,2622.0,240.0,2382.0,2382.0,True,True,True,,Batch 1 acceptance repair operator,PASS,Direct FFIEC archive members and values were inspected; raw-to-standard and recomputed-to-panel traces agree.,"This is a fixed reproducible 100-observation source-document sample with required transition rows, not evidence that all unreviewed reporting-detail changes are absent."
491224,11063,FIRST-CITIZENS BANK&TRUST CO,2024-09-30,Mortgage,FIXED_RANDOM,False,FFIEC CDR Call Bulk All Schedules 06302024.zip; FFIEC CDR Call Bulk All Schedules 09302024.zip,FFIEC CDR Call Bulk All Schedules 06302024.zip::FFIEC CDR Call Schedule RIBI 06302024.txt; FFIEC CDR Call Bulk All Schedules 09302024.zip::FFIEC CDR Call Schedule RIBI 09302024.txt; FFIEC CDR Call Bulk All Schedules 06302024.zip::FFIEC CDR Call Schedule RIBI 06302024.txt; FFIEC CDR Call Bulk All Schedules 09302024.zip::FFIEC CDR Call Schedule RIBI 09302024.txt,RIADC234: current_ytd=1000; prior_ytd=0; quarterly=1000 | RIADC235: current_ytd=0; prior_ytd=0; quarterly=0,RIADC217: current_ytd=3000; prior_ytd=2000; quarterly=1000 | RIADC218: current_ytd=0; prior_ytd=0; quarterly=0,Q1: quarterly=YTD; Q2-Q4: quarterly=current YTD-prior-quarter YTD; segment NCO=quarterly charge-offs-quarterly recoveries,1000.0,1000.0,0.0,0.0,True,True,True,,Batch 1 acceptance repair operator,PASS,Direct FFIEC archive members and values were inspected; raw-to-standard and recomputed-to-panel traces agree.,"This is a fixed reproducible 100-observation source-document sample with required transition rows, not evidence that all unreviewed reporting-detail changes are absent."
936855,8273,UMB BANK NATIONAL ASSN,2024-12-31,CRE,FIXED_RANDOM,False,FFIEC CDR Call Bulk All Schedules 09302024.zip; FFIEC CDR Call Bulk All Schedules 12312024.zip,FFIEC CDR Call Bulk All Schedules 09302024.zip::FFIEC CDR Call Schedule RIBI 09302024.txt; FFIEC CDR Call Bulk All Schedules 12312024.zip::FFIEC CDR Call Schedule RIBI 12312024.txt; FFIEC CDR Call Bulk All Schedules 09302024.zip::FFIEC CDR Call Schedule RIBI 09302024.txt; FFIEC CDR Call Bulk All Schedules 12312024.zip::FFIEC CDR Call Schedule RIBI 12312024.txt,RIAD3588: current_ytd=0; prior_ytd=0; quarterly=0 | RIADC891: current_ytd=0; prior_ytd=0; quarterly=0 | RIADC893: current_ytd=0; prior_ytd=0; quarterly=0 | RIADC895: current_ytd=251; prior_ytd=251; quarterly=0 | RIADC897: current_ytd=0; prior_ytd=0; quarterly=0,RIAD3589: current_ytd=0; prior_ytd=0; quarterly=0 | RIADC892: current_ytd=0; prior_ytd=0; quarterly=0 | RIADC894: current_ytd=0; prior_ytd=0; quarterly=0 | RIADC896: current_ytd=0; prior_ytd=0; quarterly=0 | RIADC898: current_ytd=0; prior_ytd=0; quarterly=0,Q1: quarterly=YTD; Q2-Q4: quarterly=current YTD-prior-quarter YTD; segment NCO=quarterly charge-offs-quarterly recoveries,0.0,0.0,0.0,0.0,True,True,True,,Batch 1 acceptance repair operator,PASS,Direct FFIEC archive members and values were inspected; raw-to-standard and recomputed-to-panel traces agree.,"This is a fixed reproducible 100-observation source-document sample with required transition rows, not evidence that all unreviewed reporting-detail changes are absent."
485559,4977,FIRST HORIZON BANK,2025-03-31,CI,FIXED_RANDOM,False,FFIEC CDR Call Bulk All Schedules 03312025.zip,FFIEC CDR Call Bulk All Schedules 03312025.zip::FFIEC CDR Call Schedule RIBI 03312025.txt; FFIEC CDR Call Bulk All Schedules 03312025.zip::FFIEC CDR Call Schedule RIBI 03312025.txt,RIAD4638: current_ytd=31864; quarterly=current_ytd,RIAD4608: current_ytd=4396; quarterly=current_ytd,Q1: quarterly=YTD; Q2-Q4: quarterly=current YTD-prior-quarter YTD; segment NCO=quarterly charge-offs-quarterly recoveries,31864.0,4396.0,27468.0,27468.0,True,True,True,,Batch 1 acceptance repair operator,PASS,Direct FFIEC archive members and values were inspected; raw-to-standard and recomputed-to-panel traces agree.,"This is a fixed reproducible 100-observation source-document sample with required transition rows, not evidence that all unreviewed reporting-detail changes are absent."
485559,4977,FIRST HORIZON BANK,2025-03-31,CRE,FIXED_RANDOM,False,FFIEC CDR Call Bulk All Schedules 03312025.zip,FFIEC CDR Call Bulk All Schedules 03312025.zip::FFIEC CDR Call Schedule RIBI 03312025.txt; FFIEC CDR Call Bulk All Schedules 03312025.zip::FFIEC CDR Call Schedule RIBI 03312025.txt,RIAD3588: current_ytd=0; quarterly=current_ytd | RIADC891: current_ytd=0; quarterly=current_ytd | RIADC893: current_ytd=0; quarterly=current_ytd | RIADC895: current_ytd=2154; quarterly=current_ytd | RIADC897: current_ytd=2640; quarterly=current_ytd,RIAD3589: current_ytd=330; quarterly=current_ytd | RIADC892: current_ytd=7; quarterly=current_ytd | RIADC894: current_ytd=743; quarterly=current_ytd | RIADC896: current_ytd=3607; quarterly=current_ytd | RIADC898: current_ytd=0; quarterly=current_ytd,Q1: quarterly=YTD; Q2-Q4: quarterly=current YTD-prior-quarter YTD; segment NCO=quarterly charge-offs-quarterly recoveries,4794.0,4687.0,107.0,107.0,True,True,True,,Batch 1 acceptance repair operator,PASS,Direct FFIEC archive members and values were inspected; raw-to-standard and recomputed-to-panel traces agree.,"This is a fixed reproducible 100-observation source-document sample with required transition rows, not evidence that all unreviewed reporting-detail changes are absent."
379920,7888,FIRST NB OF PENNSYLVANIA,2025-06-30,CI,FIXED_RANDOM,False,FFIEC CDR Call Bulk All Schedules 03312025.zip; FFIEC CDR Call Bulk All Schedules 06302025.zip,FFIEC CDR Call Bulk All Schedules 03312025.zip::FFIEC CDR Call Schedule RIBI 03312025.txt; FFIEC CDR Call Bulk All Schedules 06302025.zip::FFIEC CDR Call Schedule RIBI 06302025.txt; FFIEC CDR Call Bulk All Schedules 03312025.zip::FFIEC CDR Call Schedule RIBI 03312025.txt; FFIEC CDR Call Bulk All Schedules 06302025.zip::FFIEC CDR Call Schedule RIBI 06302025.txt,RIAD4638: current_ytd=20039; prior_ytd=4533; quarterly=15506,RIAD4608: current_ytd=5295; prior_ytd=2824; quarterly=2471,Q1: quarterly=YTD; Q2-Q4: quarterly=current YTD-prior-quarter YTD; segment NCO=quarterly charge-offs-quarterly recoveries,15506.0,2471.0,13035.0,13035.0,True,True,True,,Batch 1 acceptance repair operator,PASS,Direct FFIEC archive members and values were inspected; raw-to-standard and recomputed-to-panel traces agree.,"This is a fixed reproducible 100-observation source-document sample with required transition rows, not evidence that all unreviewed reporting-detail changes are absent."
485559,4977,FIRST HORIZON BANK,2025-06-30,Mortgage,FIXED_RANDOM,False,FFIEC CDR Call Bulk All Schedules 03312025.zip; FFIEC CDR Call Bulk All Schedules 06302025.zip,FFIEC CDR Call Bulk All Schedules 03312025.zip::FFIEC CDR Call Schedule RIBI 03312025.txt; FFIEC CDR Call Bulk All Schedules 06302025.zip::FFIEC CDR Call Schedule RIBI 06302025.txt; FFIEC CDR Call Bulk All Schedules 03312025.zip::FFIEC CDR Call Schedule RIBI 03312025.txt; FFIEC CDR Call Bulk All Schedules 06302025.zip::FFIEC CDR Call Schedule RIBI 06302025.txt,RIADC234: current_ytd=1404; prior_ytd=275; quarterly=1129 | RIADC235: current_ytd=130; prior_ytd=13; quarterly=117,RIADC217: current_ytd=480; prior_ytd=151; quarterly=329 | RIADC218: current_ytd=308; prior_ytd=118; quarterly=190,Q1: quarterly=YTD; Q2-Q4: quarterly=current YTD-prior-quarter YTD; segment NCO=quarterly charge-offs-quarterly recoveries,1246.0,519.0,727.0,727.0,True,True,True,,Batch 1 acceptance repair operator,PASS,Direct FFIEC archive members and values were inspected; raw-to-standard and recomputed-to-panel traces agree.,"This is a fixed reproducible 100-observation source-document sample with required transition rows, not evidence that all unreviewed reporting-detail changes are absent."
60143,983,COMERICA BANK,2025-06-30,Mortgage,FIXED_RANDOM,False,FFIEC CDR Call Bulk All Schedules 03312025.zip; FFIEC CDR Call Bulk All Schedules 06302025.zip,FFIEC CDR Call Bulk All Schedules 03312025.zip::FFIEC CDR Call Schedule RIBI 03312025.txt; FFIEC CDR Call Bulk All Schedules 06302025.zip::FFIEC CDR Call Schedule RIBI 06302025.txt; FFIEC CDR Call Bulk All Schedules 03312025.zip::FFIEC CDR Call Schedule RIBI 03312025.txt; FFIEC CDR Call Bulk All Schedules 06302025.zip::FFIEC CDR Call Schedule RIBI 06302025.txt,RIADC234: current_ytd=0; prior_ytd=0; quarterly=0 | RIADC235: current_ytd=0; prior_ytd=0; quarterly=0,RIADC217: current_ytd=0; prior_ytd=0; quarterly=0 | RIADC218: current_ytd=0; prior_ytd=0; quarterly=0,Q1: quarterly=YTD; Q2-Q4: quarterly=current YTD-prior-quarter YTD; segment NCO=quarterly charge-offs-quarterly recoveries,0.0,0.0,0.0,0.0,True,True,True,,Batch 1 acceptance repair operator,PASS,Direct FFIEC archive members and values were inspected; raw-to-standard and recomputed-to-panel traces agree.,"This is a fixed reproducible 100-observation source-document sample with required transition rows, not evidence that all unreviewed reporting-detail changes are absent."
491224,11063,FIRST-CITIZENS BANK&TRUST CO,2025-09-30,Mortgage,FIXED_RANDOM,False,FFIEC CDR Call Bulk All Schedules 06302025.zip; FFIEC CDR Call Bulk All Schedules 09302025.zip,FFIEC CDR Call Bulk All Schedules 06302025.zip::FFIEC CDR Call Schedule RIBI 06302025.txt; FFIEC CDR Call Bulk All Schedules 09302025.zip::FFIEC CDR Call Schedule RIBI 09302025.txt; FFIEC CDR Call Bulk All Schedules 06302025.zip::FFIEC CDR Call Schedule RIBI 06302025.txt; FFIEC CDR Call Bulk All Schedules 09302025.zip::FFIEC CDR Call Schedule RIBI 09302025.txt,RIADC234: current_ytd=6000; prior_ytd=0; quarterly=6000 | RIADC235: current_ytd=0; prior_ytd=0; quarterly=0,RIADC217: current_ytd=3000; prior_ytd=2000; quarterly=1000 | RIADC218: current_ytd=0; prior_ytd=0; quarterly=0,Q1: quarterly=YTD; Q2-Q4: quarterly=current YTD-prior-quarter YTD; segment NCO=quarterly charge-offs-quarterly recoveries,6000.0,1000.0,5000.0,5000.0,True,True,True,,Batch 1 acceptance repair operator,PASS,Direct FFIEC archive members and values were inspected; raw-to-standard and recomputed-to-panel traces agree.,"This is a fixed reproducible 100-observation source-document sample with required transition rows, not evidence that all unreviewed reporting-detail changes are absent."
962966,26881,SOFI BANK NATIONAL ASSN,2025-09-30,Mortgage,FIXED_RANDOM,False,FFIEC CDR Call Bulk All Schedules 06302025.zip; FFIEC CDR Call Bulk All Schedules 09302025.zip,FFIEC CDR Call Bulk All Schedules 06302025.zip::FFIEC CDR Call Schedule RIBI 06302025.txt; FFIEC CDR Call Bulk All Schedules 09302025.zip::FFIEC CDR Call Schedule RIBI 09302025.txt; FFIEC CDR Call Bulk All Schedules 06302025.zip::FFIEC CDR Call Schedule RIBI 06302025.txt; FFIEC CDR Call Bulk All Schedules 09302025.zip::FFIEC CDR Call Schedule RIBI 09302025.txt,RIADC234: current_ytd=0; prior_ytd=0; quarterly=0 | RIADC235: current_ytd=0; prior_ytd=0; quarterly=0,RIADC217: current_ytd=0; prior_ytd=0; quarterly=0 | RIADC218: current_ytd=0; prior_ytd=0; quarterly=0,Q1: quarterly=YTD; Q2-Q4: quarterly=current YTD-prior-quarter YTD; segment NCO=quarterly charge-offs-quarterly recoveries,0.0,0.0,0.0,0.0,True,True,True,,Batch 1 acceptance repair operator,PASS,Direct FFIEC archive members and values were inspected; raw-to-standard and recomputed-to-panel traces agree.,"This is a fixed reproducible 100-observation source-document sample with required transition rows, not evidence that all unreviewed reporting-detail changes are absent."
1842065,33306,CIBC BANK USA,2025-12-31,CRE,FIXED_RANDOM,False,FFIEC CDR Call Bulk All Schedules 09302025.zip; FFIEC CDR Call Bulk All Schedules 12312025.zip,FFIEC CDR Call Bulk All Schedules 09302025.zip::FFIEC CDR Call Schedule RIBI 09302025.txt; FFIEC CDR Call Bulk All Schedules 12312025.zip::FFIEC CDR Call Schedule RIBI 12312025.txt; FFIEC CDR Call Bulk All Schedules 09302025.zip::FFIEC CDR Call Schedule RIBI 09302025.txt; FFIEC CDR Call Bulk All Schedules 12312025.zip::FFIEC CDR Call Schedule RIBI 12312025.txt,RIAD3588: current_ytd=0; prior_ytd=0; quarterly=0 | RIADC891: current_ytd=0; prior_ytd=0; quarterly=0 | RIADC893: current_ytd=6494; prior_ytd=2649; quarterly=3845 | RIADC895: current_ytd=2; prior_ytd=0; quarterly=2 | RIADC897: current_ytd=18447; prior_ytd=15062; quarterly=3385,RIAD3589: current_ytd=0; prior_ytd=0; quarterly=0 | RIADC892: current_ytd=0; prior_ytd=0; quarterly=0 | RIADC894: current_ytd=217; prior_ytd=217; quarterly=0 | RIADC896: current_ytd=11881; prior_ytd=11880; quarterly=1 | RIADC898: current_ytd=2066; prior_ytd=0; quarterly=2066,Q1: quarterly=YTD; Q2-Q4: quarterly=current YTD-prior-quarter YTD; segment NCO=quarterly charge-offs-quarterly recoveries,7232.0,2067.0,5165.0,5165.0,True,True,True,,Batch 1 acceptance repair operator,PASS,Direct FFIEC archive members and values were inspected; raw-to-standard and recomputed-to-panel traces agree.,"This is a fixed reproducible 100-observation source-document sample with required transition rows, not evidence that all unreviewed reporting-detail changes are absent."
208244,3832,OLD NATIONAL BANK,2025-12-31,Mortgage,FIXED_RANDOM,False,FFIEC CDR Call Bulk All Schedules 09302025.zip; FFIEC CDR Call Bulk All Schedules 12312025.zip,FFIEC CDR Call Bulk All Schedules 09302025.zip::FFIEC CDR Call Schedule RIBI 09302025.txt; FFIEC CDR Call Bulk All Schedules 12312025.zip::FFIEC CDR Call Schedule RIBI 12312025.txt; FFIEC CDR Call Bulk All Schedules 09302025.zip::FFIEC CDR Call Schedule RIBI 09302025.txt; FFIEC CDR Call Bulk All Schedules 12312025.zip::FFIEC CDR Call Schedule RIBI 12312025.txt,RIADC234: current_ytd=701; prior_ytd=398; quarterly=303 | RIADC235: current_ytd=90; prior_ytd=90; quarterly=0,RIADC217: current_ytd=736; prior_ytd=340; quarterly=396 | RIADC218: current_ytd=1230; prior_ytd=1120; quarterly=110,Q1: quarterly=YTD; Q2-Q4: quarterly=current YTD-prior-quarter YTD; segment NCO=quarterly charge-offs-quarterly recoveries,303.0,506.0,-203.0,-203.0,True,True,True,,Batch 1 acceptance repair operator,PASS,Direct FFIEC archive members and values were inspected; raw-to-standard and recomputed-to-panel traces agree.,"This is a fixed reproducible 100-observation source-document sample with required transition rows, not evidence that all unreviewed reporting-detail changes are absent."
