bank_id,report_date,total_loans,total_charge_off,total_recovery,tier1_capital,tier1_ratio,equity_capital,equity_to_assets_ratio,total_assets,mapped_exposure,mapped_charge_off,mapped_recovery,mapped_nco,mapped_segment_count,exception_type,total_charge_off_reclass_flag,total_recovery_reclass_flag,mapped_charge_off_reclass_flag,mapped_recovery_reclass_flag,flow_reclass_flag,covered_share_of_total_loans,reported_total_nco,mapped_minus_reported_nco,charge_off_subset_difference,recovery_subset_difference,nco_reconciliation_tolerance_thousands,charge_off_ytd_reclass_causally_explains,recovery_ytd_reclass_causally_explains,nco_reconciliation_status
12311,2005-03-31,24305251.0,37213.0,8773.0,1865022.0,0.0626,1586973.0,0.050012271650860377,31731672.0,11141447.0,20008.0,3421.0,16587.0,3,,0,0,0,0,0,0.45839670612741257,28440.0,-11853.0,-17205.0,-5352.0,50.0,False,False,PASS_SUBSET_GROSS_FLOWS
12311,2005-06-30,24805193.0,25233.0,9433.0,1956250.0,0.0662,1695310.0,0.0520250029099521,32586447.0,11674175.0,-7390.0,1506.0,-8896.0,3,,0,0,1,0,1,0.47063431435506264,15800.0,-24696.0,-32623.0,-7927.0,50.0,False,False,PASS_SUBSET_GROSS_FLOWS
12311,2005-09-30,24788771.0,25830.0,7876.0,1979969.0,0.068318,1681240.0,0.0519072528502307,32389308.0,11770130.0,7757.0,2869.0,4888.0,3,,0,0,0,0,0,0.4748170048446532,17954.0,-13066.0,-18073.0,-5007.0,50.0,False,False,PASS_SUBSET_GROSS_FLOWS
12311,2005-12-31,24623195.0,27072.0,9498.0,1994479.0,0.068203,1694551.0,0.052277964166994456,32414250.0,11748537.0,8602.0,1658.0,6944.0,3,,0,0,0,0,0,0.4771329228396234,17574.0,-10630.0,-18470.0,-7840.0,50.0,False,False,PASS_SUBSET_GROSS_FLOWS
12311,2006-03-31,26294495.0,31767.0,9190.0,2096496.0,0.067718,2197146.0,0.062345565229274556,35241416.0,12790928.0,12732.0,2277.0,10455.0,3,,0,0,0,0,0,0.48644889358019616,22577.0,-12122.0,-19035.0,-6913.0,50.0,False,False,PASS_SUBSET_GROSS_FLOWS
12311,2006-06-30,26474557.0,24325.0,10373.0,2060637.0,0.065904,2146764.0,0.0598201536607898,35886969.0,13247621.0,8008.0,3100.0,4908.0,3,,0,0,0,0,0,0.5003906580948645,13952.0,-9044.0,-16317.0,-7273.0,50.0,False,False,PASS_SUBSET_GROSS_FLOWS
12311,2006-09-30,26460335.0,28166.0,7887.0,2112338.0,0.068101,2271430.0,0.06433203979889833,35307912.0,13308204.0,8387.0,1820.0,6567.0,3,,0,0,0,0,0,0.502949187907107,20279.0,-13712.0,-19779.0,-6067.0,50.0,False,False,PASS_SUBSET_GROSS_FLOWS
12311,2006-12-31,26215030.0,32750.0,9866.0,1989887.0,0.064652,2067469.0,0.05921602987499946,34914009.0,13325659.0,12702.0,2689.0,10013.0,3,,0,0,0,0,0,0.5083213332199124,22884.0,-12871.0,-20048.0,-7177.0,50.0,False,False,PASS_SUBSET_GROSS_FLOWS
12311,2007-03-31,26337847.0,27813.0,9694.0,2077357.0,0.066813,2148802.0,0.06230260807845575,34489760.0,13466975.0,7939.0,2757.0,5182.0,3,,0,0,0,0,0,0.5113164716918585,18119.0,-12937.0,-19874.0,-6937.0,50.0,False,False,PASS_SUBSET_GROSS_FLOWS
12311,2007-06-30,26960999.0,38350.0,9659.0,2081562.0,0.065504,2114537.0,0.05878265625905215,35972124.0,13977406.0,18581.0,4442.0,14139.0,3,,0,0,0,0,0,0.5184305670572519,28691.0,-14552.0,-19769.0,-5217.0,50.0,False,False,PASS_SUBSET_GROSS_FLOWS
12311,2007-09-30,40237706.0,56816.0,10349.0,3177686.0,0.069926,5701737.0,0.10418998654056186,54724424.0,21809389.0,23214.0,3300.0,19914.0,3,,0,0,0,0,0,0.5420137271245036,46467.0,-26553.0,-33602.0,-7049.0,50.0,False,False,PASS_SUBSET_GROSS_FLOWS
12311,2007-12-31,40240249.0,408819.0,10462.0,3037222.0,0.066415,5607875.0,0.10365989509821023,54098791.0,20669680.0,64205.0,3709.0,60496.0,3,,0,0,0,0,0,0.5136568613181295,398357.0,-337861.0,-344614.0,-6753.0,50.0,False,False,PASS_SUBSET_GROSS_FLOWS
12311,2008-03-31,41349899.0,60804.0,17937.0,3193311.0,0.068921,5677598.0,0.10217608172189002,55566801.0,17798728.0,3000.0,1600.0,1400.0,2,,0,0,0,0,0,0.43044187363069497,42867.0,-41467.0,-57804.0,-16337.0,50.0,False,False,PASS_SUBSET_GROSS_FLOWS
12311,2008-06-30,40997784.0,131245.0,12681.0,3292788.0,0.071048,5664014.0,0.10327785298711123,54842484.0,16950792.0,8142.0,-938.0,9080.0,2,,0,0,0,1,1,0.4134562980282056,118564.0,-109484.0,-123103.0,-13619.0,50.0,False,False,PASS_SUBSET_GROSS_FLOWS
12311,2008-09-30,40816127.0,140773.0,12516.0,3215837.0,0.0701,5552025.0,0.10337064614555087,53709880.0,16593477.0,29859.0,2777.0,27082.0,3,,0,0,0,0,0,0.406542173881417,128257.0,-101175.0,-110914.0,-9739.0,50.0,False,False,PASS_SUBSET_GROSS_FLOWS
12311,2008-12-31,41184846.0,197572.0,10391.0,2995164.0,0.064444,5274258.0,0.0984248943010519,53586626.0,16651688.0,57906.0,2320.0,55586.0,3,,0,0,0,1,1,0.4043158981339884,187181.0,-131595.0,-139666.0,-8071.0,50.0,False,False,PASS_SUBSET_GROSS_FLOWS
12311,2009-03-31,39773744.0,343033.0,11320.0,3119353.0,0.068172,2882799.0,0.056457506820123245,51061394.0,26702204.0,116014.0,2284.0,113730.0,3,,0,0,0,0,0,0.6713525384987644,331713.0,-217983.0,-227019.0,-9036.0,50.0,False,False,PASS_SUBSET_GROSS_FLOWS
12311,2009-06-30,38808381.0,359400.0,25020.0,3223556.0,0.07195,3011703.0,0.05911089622525969,50950048.0,25650513.0,147610.0,4090.0,143520.0,3,,0,0,0,0,0,0.6609529266371612,334380.0,-190860.0,-211790.0,-20930.0,50.0,False,False,PASS_SUBSET_GROSS_FLOWS
12311,2009-09-30,37592464.0,377445.0,21333.0,3278350.0,0.07502,3156704.0,0.06071950921110152,51988299.0,24699561.0,304489.0,9902.0,294587.0,3,,0,0,0,0,0,0.6570349046553586,356112.0,-61525.0,-72956.0,-11431.0,50.0,False,False,PASS_SUBSET_GROSS_FLOWS
12311,2009-12-31,37022637.0,460370.0,25817.0,2872884.0,0.066897,2820868.0,0.05519075107640207,51111245.0,24272381.0,383752.0,16633.0,367119.0,3,,0,0,0,0,0,0.6556091885081011,434553.0,-67434.0,-76618.0,-9184.0,50.0,False,False,PASS_SUBSET_GROSS_FLOWS
12311,2010-03-31,37053895.0,262920.0,28567.0,3023266.0,0.071294,3182944.0,0.06190325539252868,51418039.0,23463888.0,198513.0,17797.0,180716.0,3,,0,0,0,0,0,0.6332367487952346,234353.0,-53637.0,-64407.0,-10770.0,50.0,False,False,PASS_SUBSET_GROSS_FLOWS
12311,2010-06-30,37565727.0,290921.0,30176.0,3296753.0,0.078032,3295102.0,0.06434296491991502,51211535.0,23982971.0,240099.0,20401.0,219698.0,3,,0,0,0,0,0,0.6384269097201287,260745.0,-41047.0,-50822.0,-9775.0,50.0,False,False,PASS_SUBSET_GROSS_FLOWS
12311,2010-09-30,38086312.0,215913.0,36179.0,3521097.0,0.082844,3524432.0,0.06687214111100401,52704040.0,23854783.0,175697.0,26370.0,149327.0,3,,0,0,1,1,1,0.6263348102593919,179734.0,-30407.0,-40216.0,-9809.0,50.0,False,False,PASS_SUBSET_GROSS_FLOWS
12311,2010-12-31,38726303.0,203586.0,32418.0,3682701.0,0.085089,3515597.0,0.06582618931516607,53407269.0,24544600.0,153433.0,22886.0,130547.0,3,,0,0,0,0,0,0.6337966213815969,171168.0,-40621.0,-50153.0,-9532.0,50.0,False,False,PASS_SUBSET_GROSS_FLOWS
12311,2011-03-31,38247202.0,196459.0,33844.0,3790392.0,0.088664,3625966.0,0.06899383178704643,52554930.0,24295823.0,111368.0,11644.0,99724.0,2,,0,0,0,0,0,0.6352313824158954,162615.0,-62891.0,-85091.0,-22200.0,50.0,False,False,PASS_SUBSET_GROSS_FLOWS
12311,2011-06-30,39204516.0,129392.0,30865.0,3957042.0,0.090122,3846588.0,0.07285205511296185,52799993.0,24612209.0,67116.0,9406.0,57710.0,2,,0,0,0,0,0,0.6277901505020493,98527.0,-40817.0,-62276.0,-21459.0,50.0,False,False,PASS_SUBSET_GROSS_FLOWS
12311,2011-09-30,39191898.0,122630.0,25342.0,4158711.0,0.093998,4031232.0,0.07361634214307648,54760015.0,25004697.0,66915.0,11117.0,55798.0,2,,0,0,0,0,0,0.6380067890562483,97288.0,-41490.0,-55715.0,-14225.0,50.0,False,False,PASS_SUBSET_GROSS_FLOWS
12311,2011-12-31,40394816.0,120720.0,30154.0,4245101.0,0.09299,4073722.0,0.07518397291656743,54183383.0,25809661.0,45922.0,13430.0,32492.0,2,,0,0,0,0,0,0.6389349811619391,90566.0,-58074.0,-74798.0,-16724.0,50.0,False,False,PASS_SUBSET_GROSS_FLOWS
12311,2012-03-31,40847799.0,104463.0,24969.0,4436537.0,0.095414,4231396.0,0.07612524202718937,55584664.0,26638140.0,43598.0,13117.0,30481.0,2,,0,0,0,0,0,0.652131587310249,79494.0,-49013.0,-60865.0,-11852.0,50.0,False,False,PASS_SUBSET_GROSS_FLOWS
12311,2012-06-30,41951479.0,105210.0,23843.0,4636319.0,0.097022,4412411.0,0.07820172425120626,56423449.0,27006487.0,53268.0,9022.0,44246.0,2,,0,0,0,0,0,0.6437553012135758,81367.0,-37121.0,-51942.0,-14821.0,50.0,False,False,PASS_SUBSET_GROSS_FLOWS
12311,2012-09-30,42089277.0,125053.0,27093.0,4818420.0,0.100315,4632783.0,0.08238109479947514,56235997.0,26998183.0,59804.0,12750.0,47054.0,2,,0,0,0,0,0,0.641450386520063,97960.0,-50906.0,-65249.0,-14343.0,50.0,False,False,PASS_SUBSET_GROSS_FLOWS
12311,2012-12-31,41467899.0,109099.0,36833.0,5003247.0,0.104943,4754886.0,0.08497753313510724,55954625.0,27045092.0,42188.0,12946.0,29242.0,2,,0,0,0,0,0,0.6521934472735164,72266.0,-43024.0,-66911.0,-23887.0,50.0,False,False,PASS_SUBSET_GROSS_FLOWS
12311,2013-03-31,41989795.0,84152.0,32282.0,5161594.0,0.107888,4902675.0,0.08776708840745648,55860062.0,27202595.0,43072.0,11840.0,31232.0,2,,0,0,0,0,0,0.6478382426015654,51870.0,-20638.0,-41080.0,-20442.0,50.0,False,False,PASS_SUBSET_GROSS_FLOWS
12311,2013-06-30,42175219.0,63490.0,28448.0,5343306.0,0.111258,4945666.0,0.08838701515282005,55954667.0,26908934.0,30092.0,13798.0,16294.0,2,,0,0,0,0,0,0.6380271315247942,35042.0,-18748.0,-33398.0,-14650.0,50.0,False,False,PASS_SUBSET_GROSS_FLOWS
12311,2013-09-30,42877933.0,85322.0,29897.0,5540212.0,0.114066,5180441.0,0.09179595475135284,56434306.0,27189945.0,38176.0,10163.0,28013.0,2,,0,0,0,0,0,0.6341244341232587,55425.0,-27412.0,-47146.0,-19734.0,50.0,False,False,PASS_SUBSET_GROSS_FLOWS
12311,2013-12-31,43424373.0,73688.0,27237.0,5682067.0,0.114537,5537582.0,0.09337492973798667,59304805.0,27590694.0,29354.0,6639.0,22715.0,2,,0,0,0,0,0,0.6353734572057034,46451.0,-23736.0,-44334.0,-20598.0,50.0,False,False,PASS_SUBSET_GROSS_FLOWS
12311,2014-03-31,44628769.0,74137.0,30003.0,,,5803570.0,0.09520038064601492,60961626.0,28482285.0,28969.0,17493.0,11476.0,2,,0,0,0,0,0,0.6382045850289978,44134.0,-32658.0,-45168.0,-12510.0,50.0,False,False,PASS_SUBSET_GROSS_FLOWS
12311,2014-06-30,46377647.0,58826.0,30183.0,,,5950343.0,0.09345555295727448,63670299.0,28848455.0,19936.0,10245.0,9691.0,2,,0,0,0,0,0,0.6220336059740159,28643.0,-18952.0,-38890.0,-19938.0,50.0,False,False,PASS_SUBSET_GROSS_FLOWS
12311,2014-09-30,47112127.0,58513.0,28489.0,,,5926366.0,0.09244451585253,64107275.0,28567602.0,20451.0,10331.0,10120.0,2,,0,0,0,0,0,0.6063747026322968,30024.0,-19904.0,-38062.0,-18158.0,50.0,False,False,PASS_SUBSET_GROSS_FLOWS
12311,2014-12-31,48049388.0,56252.0,33246.0,,,6073408.0,0.09186677583451683,66111039.0,28977175.0,22124.0,12171.0,9953.0,2,,0,0,0,0,0,0.6030706364043597,23006.0,-13053.0,-34128.0,-21075.0,50.0,False,False,PASS_SUBSET_GROSS_FLOWS
12311,2015-03-31,49292971.0,57358.0,28487.0,5664203.0,,5956496.0,0.08786911507030758,67788278.0,29020418.0,14979.0,10361.0,4618.0,2,,0,0,0,0,0,0.5887333916229152,28871.0,-24253.0,-42379.0,-18126.0,50.0,False,False,PASS_SUBSET_GROSS_FLOWS
12311,2015-06-30,49281037.0,46966.0,21595.0,5715967.0,,5983401.0,0.08714266891265982,68662127.0,29381544.0,16312.0,8252.0,8060.0,2,,0,0,0,0,0,0.5962038501746625,25371.0,-17311.0,-30654.0,-13343.0,50.0,False,False,PASS_SUBSET_GROSS_FLOWS
12311,2015-09-30,50314090.0,65939.0,44712.0,5692393.0,,6011675.0,0.08586230438204222,70015300.0,29537252.0,15443.0,21596.0,-6153.0,2,,0,0,0,0,0,0.5870572636810086,21227.0,-27380.0,-50496.0,-23116.0,50.0,False,False,PASS_SUBSET_GROSS_FLOWS
12311,2015-12-31,50797819.0,55841.0,33138.0,5735274.0,,5966783.0,0.08418173939540273,70879778.0,29804015.0,11595.0,10558.0,1037.0,2,,0,0,1,0,1,0.5867183982839893,22703.0,-21666.0,-44246.0,-22580.0,50.0,False,False,PASS_SUBSET_GROSS_FLOWS
12311,2016-03-31,52081557.0,59608.0,51141.0,5671874.0,,6040541.0,0.08335298875598512,72469399.0,30202019.0,17141.0,30975.0,-13834.0,2,,0,0,0,0,0,0.5798985425877341,8467.0,-22301.0,-42467.0,-20166.0,50.0,False,False,PASS_SUBSET_GROSS_FLOWS
12311,2016-06-30,53307894.0,43525.0,26789.0,6220628.0,,6620435.0,0.08963005850589957,73864004.0,30836734.0,4805.0,6770.0,-1965.0,2,,0,0,1,0,1,0.5784646829229457,16736.0,-18701.0,-38720.0,-20019.0,50.0,False,False,PASS_SUBSET_GROSS_FLOWS
12311,2016-09-30,69679068.0,75968.0,19199.0,8660734.0,,10479220.0,0.1043577170807062,100416340.0,40149724.0,5024.0,5481.0,-457.0,2,,0,0,0,0,0,0.5762092569894879,56769.0,-57226.0,-70944.0,-13718.0,50.0,False,False,PASS_SUBSET_GROSS_FLOWS
12311,2016-12-31,67431169.0,65233.0,21247.0,9085921.0,,10668303.0,0.10715990766308689,99554985.0,39744332.0,8459.0,4902.0,3557.0,2,,0,0,0,0,0,0.5894059466772703,43986.0,-40429.0,-56774.0,-16345.0,50.0,False,False,PASS_SUBSET_GROSS_FLOWS
12311,2017-03-31,67572340.0,70790.0,30655.0,9015311.0,,10715112.0,0.10729204273352835,99868655.0,39720006.0,15211.0,8187.0,7024.0,2,,0,0,0,0,0,0.5878145702812719,40135.0,-33111.0,-55579.0,-22468.0,50.0,False,False,PASS_SUBSET_GROSS_FLOWS
12311,2017-06-30,68746874.0,56445.0,20406.0,9237771.0,,10961717.0,0.10823135409588547,101280420.0,39764466.0,4672.0,7187.0,-2515.0,2,,0,0,1,0,1,0.5784185328921283,36039.0,-38554.0,-51773.0,-13219.0,50.0,False,False,PASS_SUBSET_GROSS_FLOWS
12311,2017-09-30,69170002.0,64773.0,21828.0,9362038.0,,11054688.0,0.10830727190550189,102067828.0,39592946.0,8298.0,6810.0,1488.0,2,,0,0,0,0,0,0.5724005328205716,42945.0,-41457.0,-56475.0,-15018.0,50.0,False,False,PASS_SUBSET_GROSS_FLOWS
12311,2017-12-31,70542202.0,60765.0,19821.0,9728306.0,,11313863.0,0.10873274649230774,104052030.0,40336753.0,4321.0,3319.0,1002.0,2,,0,0,0,0,0,0.57181023353935,40944.0,-39942.0,-56444.0,-16502.0,50.0,False,False,PASS_SUBSET_GROSS_FLOWS
12311,2018-03-31,71607884.0,72804.0,34969.0,9632073.0,,11105757.0,0.10675239945349572,104032856.0,41632561.0,22186.0,21619.0,567.0,3,,0,0,0,0,0,0.5813963306051607,37835.0,-37268.0,-50618.0,-13350.0,50.0,False,False,PASS_SUBSET_GROSS_FLOWS
12311,2018-06-30,73054732.0,50148.0,23299.0,9895897.0,,11302765.0,0.10734666789081579,105292183.0,42446394.0,8665.0,8328.0,337.0,3,,0,0,0,0,0,0.5810218289487394,26849.0,-26512.0,-41483.0,-14971.0,50.0,False,False,PASS_SUBSET_GROSS_FLOWS
12311,2018-09-30,74106455.0,57305.0,28442.0,9479783.0,,10825322.0,0.10231947135875848,105799237.0,43105371.0,4600.0,9046.0,-4446.0,2,,0,0,1,0,1,0.5816682365928852,28863.0,-33309.0,-52705.0,-19396.0,50.0,False,False,PASS_SUBSET_GROSS_FLOWS
12311,2018-12-31,75646250.0,80954.0,29679.0,9611623.0,,11109746.0,0.10223160782800993,108672320.0,44636491.0,17090.0,14724.0,2366.0,2,,0,0,0,0,0,0.5900687872829122,51275.0,-48909.0,-63864.0,-14955.0,50.0,False,False,PASS_SUBSET_GROSS_FLOWS
12311,2019-03-31,75714656.0,97273.0,24722.0,10028018.0,,11667096.0,0.1079754257838031,108053253.0,44985030.0,9351.0,3088.0,6263.0,2,,0,0,0,0,0,0.5941389999843624,72551.0,-66288.0,-87922.0,-21634.0,50.0,False,False,PASS_SUBSET_GROSS_FLOWS
12311,2019-06-30,75753770.0,69414.0,21738.0,10460374.0,,12269299.0,0.11335640971775117,108236482.0,45056303.0,3020.0,4400.0,-1380.0,2,,0,0,0,0,0,0.5947730786203775,47676.0,-49056.0,-66394.0,-17338.0,50.0,False,False,PASS_SUBSET_GROSS_FLOWS
12311,2019-09-30,75893213.0,102401.0,29378.0,10466190.0,,12362728.0,0.11363801338880672,108790427.0,45116137.0,5429.0,3936.0,1493.0,2,,0,0,0,0,0,0.5944686648066936,73023.0,-71530.0,-96972.0,-25442.0,50.0,False,False,PASS_SUBSET_GROSS_FLOWS
12311,2019-12-31,76218395.0,93067.0,19747.0,10621309.0,,12449178.0,0.11448638229289854,108739378.0,44826714.0,11556.0,3445.0,8111.0,2,,0,0,0,0,0,0.5881351083291638,73320.0,-65209.0,-81511.0,-16302.0,50.0,False,False,PASS_SUBSET_GROSS_FLOWS
12311,2020-03-31,78965086.0,135767.0,18627.0,10760292.0,,12672490.0,0.1113927202169451,113764077.0,46986055.0,2793.0,3707.0,-914.0,2,,0,0,0,0,0,0.595023159982375,117140.0,-118054.0,-132974.0,-14920.0,50.0,False,False,PASS_SUBSET_GROSS_FLOWS
12311,2020-06-30,81235851.0,123918.0,16564.0,10377647.0,,12004331.0,0.10148702974203205,118284386.0,49602227.0,2894.0,2804.0,90.0,2,,0,0,0,0,0,0.6105952776933425,107354.0,-107264.0,-121024.0,-13760.0,50.0,False,False,PASS_SUBSET_GROSS_FLOWS
12311,2020-09-30,82390140.0,140218.0,27478.0,10562497.0,,12149879.0,0.10115328716989899,120113536.0,49998001.0,28317.0,3377.0,24940.0,2,,0,0,0,0,0,0.6068444719234607,112740.0,-87800.0,-111901.0,-24101.0,50.0,False,False,PASS_SUBSET_GROSS_FLOWS
12311,2020-12-31,82827728.0,140422.0,28133.0,10601382.0,,12125075.0,0.0987081587556359,122837617.0,50785380.0,13758.0,3747.0,10011.0,2,,0,0,0,0,0,0.6131446705866422,112289.0,-102278.0,-126664.0,-24386.0,50.0,False,False,PASS_SUBSET_GROSS_FLOWS
12311,2021-03-31,81701074.0,95113.0,30854.0,10830819.0,,12124279.0,0.09667002239895892,125419222.0,50125459.0,2644.0,6358.0,-3714.0,2,,0,0,0,0,0,0.6135226447573994,64259.0,-67973.0,-92469.0,-24496.0,50.0,False,False,PASS_SUBSET_GROSS_FLOWS
12311,2021-06-30,113225088.0,101658.0,40062.0,14292108.0,,18931166.0,0.10826096550698407,174866037.0,72451981.0,23521.0,6894.0,16627.0,2,,0,0,0,0,0,0.6398933511979253,61596.0,-44969.0,-78137.0,-33168.0,50.0,False,False,PASS_SUBSET_GROSS_FLOWS
12311,2021-09-30,111815456.0,106452.0,51073.0,14466486.0,,19006603.0,0.10958705665590432,173438393.0,70978743.0,11906.0,9251.0,2655.0,2,,0,0,0,0,0,0.6347847206382631,55379.0,-52724.0,-94546.0,-41822.0,50.0,False,False,PASS_SUBSET_GROSS_FLOWS
12311,2021-12-31,113512757.0,78886.0,45246.0,14445015.0,,18892169.0,0.10894235507437383,173414362.0,72965316.0,2451.0,9009.0,-6558.0,2,,0,0,0,0,0,0.6427939724871629,33640.0,-40198.0,-76435.0,-36237.0,50.0,False,False,PASS_SUBSET_GROSS_FLOWS
12311,2022-03-31,115333924.0,81138.0,61652.0,14490921.0,,17937471.0,0.10190552418028129,176020595.0,74248814.0,10867.0,7932.0,2935.0,2,,0,0,0,0,0,0.6437725469221007,19486.0,-16551.0,-70271.0,-53720.0,50.0,False,False,PASS_SUBSET_GROSS_FLOWS
12311,2022-06-30,118579501.0,52509.0,44299.0,15005131.0,,17678085.0,0.09926417513175406,178091290.0,73496666.0,1337.0,10962.0,-9625.0,2,,0,0,0,0,0,0.619809202941409,8210.0,-17835.0,-51172.0,-33337.0,50.0,False,False,PASS_SUBSET_GROSS_FLOWS
12311,2022-09-30,119515583.0,83297.0,38964.0,15216591.0,,16694228.0,0.09303824454400204,179434039.0,75195334.0,8385.0,10257.0,-1872.0,2,,0,0,0,0,0,0.6291676123941093,44333.0,-46205.0,-74912.0,-28707.0,50.0,False,False,PASS_SUBSET_GROSS_FLOWS
12311,2022-12-31,120690903.0,96476.0,46622.0,15334191.0,,16962145.0,0.09303212557985663,182325674.0,76132615.0,9043.0,16356.0,-7313.0,2,,0,0,0,0,0,0.6308065737150048,49854.0,-57167.0,-87433.0,-30266.0,50.0,False,False,PASS_SUBSET_GROSS_FLOWS
12311,2023-03-31,121554630.0,98634.0,42014.0,15755910.0,,17782997.0,0.0943688065186754,188441474.0,78419406.0,21547.0,8038.0,13509.0,2,,0,0,0,0,0,0.6451371371045266,56620.0,-43111.0,-77087.0,-33976.0,50.0,False,False,PASS_SUBSET_GROSS_FLOWS
12311,2023-06-30,121688163.0,92192.0,43138.0,15830038.0,,17592880.0,0.09354769402164954,188063214.0,78901018.0,15406.0,6662.0,8744.0,2,,0,0,0,0,0,0.648386959379114,49054.0,-40310.0,-76786.0,-36476.0,50.0,False,False,PASS_SUBSET_GROSS_FLOWS
12311,2023-09-30,121373841.0,130971.0,57163.0,15784612.0,,16911121.0,0.09074612263255585,186356403.0,78493240.0,43585.0,16618.0,26967.0,2,,0,0,0,0,0,0.6467064019173621,73808.0,-46841.0,-87386.0,-40545.0,50.0,False,False,PASS_SUBSET_GROSS_FLOWS
12311,2023-12-31,122416682.0,132778.0,38428.0,15879305.0,,17959681.0,0.09516033643760942,188730743.0,79136495.0,34106.0,6754.0,27352.0,2,,0,0,0,0,0,0.6464518863532014,94350.0,-66998.0,-98672.0,-31674.0,50.0,False,False,PASS_SUBSET_GROSS_FLOWS
12311,2024-03-31,123162376.0,127607.0,35344.0,15677198.0,,17649823.0,0.09151662456341206,192859200.0,80183721.0,31407.0,5590.0,25817.0,2,,0,0,0,0,0,0.6510407123032443,92263.0,-66446.0,-96200.0,-29754.0,50.0,False,False,PASS_SUBSET_GROSS_FLOWS
12311,2024-06-30,124995272.0,145198.0,55399.0,15575365.0,,17505989.0,0.08937821224531699,195864166.0,80670071.0,51541.0,18848.0,32693.0,2,,0,0,0,0,0,0.6453849790414473,89799.0,-57106.0,-93657.0,-36551.0,50.0,False,False,PASS_SUBSET_GROSS_FLOWS
12311,2024-09-30,126947575.0,128176.0,36129.0,15636218.0,,18377037.0,0.09224409663314895,199221822.0,81074305.0,8225.0,2211.0,6014.0,2,,0,0,0,0,0,0.6386439835499024,92047.0,-86033.0,-119951.0,-33918.0,50.0,False,False,PASS_SUBSET_GROSS_FLOWS
12311,2024-12-31,130601092.0,130271.0,32738.0,17734489.0,,19701181.0,0.09684618748239944,203427533.0,82367005.0,5488.0,6372.0,-884.0,2,,0,0,0,0,0,0.6306762350807908,97533.0,-98417.0,-124783.0,-26366.0,50.0,False,False,PASS_SUBSET_GROSS_FLOWS
12311,2025-03-31,132964723.0,133366.0,47040.0,18118028.0,,20616122.0,0.09904035479527107,208158806.0,84342940.0,1993.0,9043.0,-7050.0,2,,0,0,0,0,0,0.6343256925372605,86326.0,-93376.0,-131373.0,-37997.0,50.0,False,False,PASS_SUBSET_GROSS_FLOWS
12311,2025-06-30,135714916.0,111004.0,44536.0,18057930.0,,20790154.0,0.10060785762356322,206645430.0,85060376.0,3017.0,4335.0,-1318.0,2,,0,0,0,0,0,0.6267577544681971,66468.0,-67786.0,-107987.0,-40201.0,50.0,False,False,PASS_SUBSET_GROSS_FLOWS
12311,2025-09-30,138657504.0,137097.0,62503.0,18746848.0,,21678641.0,0.10345782448964427,209540855.0,85866188.0,19938.0,35063.0,-15125.0,2,,0,0,0,0,0,0.6192682366473292,74594.0,-89719.0,-117159.0,-27440.0,50.0,False,False,PASS_SUBSET_GROSS_FLOWS
12311,2025-12-31,150935885.0,144942.0,56072.0,20625550.0,,24293048.0,0.10842824330515949,224047234.0,93539704.0,21558.0,14152.0,7406.0,2,,0,0,0,0,0,0.6197313779953654,88870.0,-81464.0,-123384.0,-41920.0,50.0,False,False,PASS_SUBSET_GROSS_FLOWS
143662,2005-03-31,3544459.0,612.0,743.0,425353.0,0.1026,824786.0,0.16615444245052147,4963972.0,1523355.0,251.0,631.0,-380.0,3,,0,0,0,0,0,0.42978491216854253,-131.0,-249.0,-361.0,-112.0,50.0,False,False,PASS_SUBSET_GROSS_FLOWS
143662,2005-06-30,3632305.0,3240.0,990.0,438556.0,0.1034,842127.0,0.16784646397645242,5017246.0,1530944.0,3079.0,878.0,2201.0,3,,0,0,0,0,0,0.42148002439222476,2250.0,-49.0,-161.0,-112.0,50.0,False,False,PASS_SUBSET_GROSS_FLOWS
143662,2005-09-30,3717022.0,3287.0,2380.0,455254.0,0.1042,854638.0,0.16553810955206946,5162787.0,1525614.0,3043.0,2259.0,784.0,3,,0,0,0,0,0,0.41043986287947715,907.0,-123.0,-244.0,-121.0,50.0,False,False,PASS_SUBSET_GROSS_FLOWS
143662,2005-12-31,3930692.0,612.0,827.0,469554.0,0.1024,867760.0,0.16267152016775546,5334431.0,1659334.0,296.0,608.0,-312.0,3,,0,0,0,0,0,0.4221480594256686,-215.0,-97.0,-316.0,-219.0,50.0,False,False,PASS_SUBSET_GROSS_FLOWS
143662,2006-03-31,4107954.0,613.0,1253.0,484112.0,0.1028,880060.0,0.1614036464833552,5452541.0,1731884.0,278.0,1059.0,-781.0,3,,0,0,0,0,0,0.4215928415946235,-640.0,-141.0,-335.0,-194.0,50.0,False,False,PASS_SUBSET_GROSS_FLOWS
143662,2006-06-30,5327228.0,947.0,821.0,612052.0,0.1007,1276556.0,0.1782991579173784,7159630.0,2393028.0,664.0,514.0,150.0,3,,0,0,0,0,0,0.4492069796900001,126.0,24.0,-283.0,-307.0,50.0,False,False,PASS_SUBSET_GROSS_FLOWS
143662,2006-09-30,5404213.0,1027.0,449.0,635411.0,0.1014,1305994.0,0.1817273556725425,7186557.0,2433701.0,655.0,251.0,404.0,3,,0,0,0,0,0,0.45033402643456133,578.0,-174.0,-372.0,-198.0,50.0,False,False,PASS_SUBSET_GROSS_FLOWS
143662,2006-12-31,5377915.0,1617.0,1107.0,654190.0,0.1039,1323025.0,0.18041629694297656,7333179.0,2449966.0,1002.0,898.0,104.0,3,,0,0,0,0,0,0.45556056575829107,510.0,-406.0,-615.0,-209.0,50.0,False,False,PASS_SUBSET_GROSS_FLOWS
143662,2007-03-31,5408653.0,713.0,803.0,669423.0,0.1061,1338357.0,0.18270272203585206,7325326.0,2405084.0,418.0,599.0,-181.0,3,,0,0,0,0,0,0.44467337801112405,-90.0,-91.0,-295.0,-204.0,50.0,False,False,PASS_SUBSET_GROSS_FLOWS
143662,2007-06-30,5998703.0,870.0,839.0,680955.0,0.0975,1432388.0,0.1761992480347481,8129365.0,2592081.0,341.0,679.0,-338.0,3,,0,0,0,0,0,0.4321069071097536,31.0,-369.0,-529.0,-160.0,50.0,False,False,PASS_SUBSET_GROSS_FLOWS
143662,2007-09-30,6083154.0,17657.0,549.0,683362.0,0.0966,1441638.0,0.17556077255420308,8211618.0,2578436.0,17183.0,303.0,16880.0,3,,0,0,0,0,0,0.4238649884582899,17108.0,-228.0,-474.0,-246.0,50.0,False,False,PASS_SUBSET_GROSS_FLOWS
143662,2007-12-31,6058790.0,15383.0,545.0,685317.0,0.097,1449046.0,0.17392722774921426,8331335.0,2703542.0,14607.0,390.0,14217.0,3,,0,0,0,0,0,0.4462181392654309,14838.0,-621.0,-776.0,-155.0,50.0,False,False,PASS_SUBSET_GROSS_FLOWS
143662,2008-03-31,6071298.0,17358.0,494.0,698246.0,0.0994,1463254.0,0.17546507861761357,8339289.0,1527863.0,2108.0,233.0,1875.0,3,,0,0,0,0,0,0.2516534355585906,16864.0,-14989.0,-15250.0,-261.0,50.0,False,False,PASS_SUBSET_GROSS_FLOWS
143662,2008-06-30,6124182.0,25471.0,776.0,694363.0,0.0975,1446941.0,0.1734419257513626,8342510.0,1503992.0,2586.0,254.0,2332.0,3,,0,0,0,0,0,0.24558251208079707,24695.0,-22363.0,-22885.0,-522.0,50.0,False,False,PASS_SUBSET_GROSS_FLOWS
143662,2008-09-30,6175368.0,17108.0,1915.0,686069.0,0.0961,1434089.0,0.17227126162728817,8324598.0,1543855.0,1380.0,321.0,1059.0,3,,0,0,0,0,0,0.25000210513770194,15193.0,-14134.0,-15728.0,-1594.0,50.0,False,False,PASS_SUBSET_GROSS_FLOWS
143662,2008-12-31,6153728.0,31222.0,1150.0,854829.0,0.12,1611612.0,0.18741727291524257,8599058.0,1557412.0,5147.0,223.0,4924.0,3,,0,0,0,0,0,0.253084309218737,30072.0,-25148.0,-26075.0,-927.0,50.0,False,False,PASS_SUBSET_GROSS_FLOWS
143662,2009-03-31,6116493.0,60414.0,543.0,838836.0,0.1181,1596101.0,0.18182871429145914,8778047.0,4730019.0,11861.0,275.0,11586.0,3,,0,0,0,0,0,0.7733220654384793,59871.0,-48285.0,-48553.0,-268.0,50.0,False,False,PASS_SUBSET_GROSS_FLOWS
143662,2009-06-30,6146820.0,26508.0,461.0,829135.0,0.1163,1478611.0,0.17086764200479201,8653546.0,4806752.0,2751.0,93.0,2658.0,3,,0,0,0,0,0,0.7819900371248873,26047.0,-23389.0,-23757.0,-368.0,50.0,False,False,PASS_SUBSET_GROSS_FLOWS
143662,2009-09-30,6094656.0,48443.0,1101.0,850116.0,0.1196,1515049.0,0.16466280864583294,9200918.0,4815008.0,42739.0,288.0,42451.0,3,,0,0,0,0,0,0.7900376986002163,47342.0,-4891.0,-5704.0,-813.0,50.0,False,False,PASS_SUBSET_GROSS_FLOWS
143662,2009-12-31,6032983.0,65502.0,1430.0,851227.0,0.1221,1535981.0,0.16378341380252742,9378123.0,4888312.0,47336.0,1214.0,46122.0,3,,0,0,0,0,0,0.810264507624172,64072.0,-17950.0,-18166.0,-216.0,50.0,False,False,PASS_SUBSET_GROSS_FLOWS
143662,2010-03-31,6562707.0,39759.0,780.0,962365.0,0.1377,1677794.0,0.15967408782353676,10507616.0,5420199.0,33963.0,392.0,33571.0,3,,0,0,0,0,0,0.8259090341836075,38979.0,-5408.0,-5796.0,-388.0,50.0,False,False,PASS_SUBSET_GROSS_FLOWS
143662,2010-06-30,6631963.0,31555.0,4918.0,969206.0,0.1388,1692172.0,0.15634706888744404,10823177.0,5530542.0,18685.0,469.0,18216.0,3,,0,0,0,0,0,0.833922324355549,26637.0,-8421.0,-12870.0,-4449.0,50.0,False,False,PASS_SUBSET_GROSS_FLOWS
143662,2010-09-30,6596144.0,31418.0,1374.0,984325.0,0.1388,1697679.0,0.1472929797459887,11525865.0,5533884.0,22848.0,973.0,21875.0,3,,0,0,0,0,0,0.8389574272484045,30044.0,-8169.0,-8570.0,-401.0,50.0,False,False,PASS_SUBSET_GROSS_FLOWS
143662,2010-12-31,6520884.0,25769.0,2025.0,996798.0,0.1402,1695914.0,0.14536830189727254,11666326.0,5534082.0,18209.0,1064.0,17145.0,3,,0,0,0,0,0,0.848670517678278,23744.0,-6599.0,-7560.0,-961.0,50.0,False,False,PASS_SUBSET_GROSS_FLOWS
143662,2011-03-31,6427418.0,20872.0,1757.0,1013270.0,0.1407,1712553.0,0.14831712259310412,11546563.0,5513315.0,17812.0,1180.0,16632.0,3,,0,0,0,0,0,0.8577806826940461,19115.0,-2483.0,-3060.0,-577.0,50.0,False,False,PASS_SUBSET_GROSS_FLOWS
143662,2011-06-30,6495722.0,18612.0,3115.0,1031675.0,0.141,1739120.0,0.15177731275122475,11458366.0,5631716.0,12071.0,2646.0,9425.0,3,,0,0,0,0,0,0.8669884579420116,15497.0,-6072.0,-6541.0,-469.0,50.0,False,False,PASS_SUBSET_GROSS_FLOWS
143662,2011-09-30,6595719.0,16450.0,2500.0,1051640.0,0.1423,1764761.0,0.15002455125107667,11763148.0,5729414.0,12153.0,2106.0,10047.0,3,,0,0,0,0,0,0.868656472478588,13950.0,-3903.0,-4297.0,-394.0,50.0,False,False,PASS_SUBSET_GROSS_FLOWS
143662,2011-12-31,6610353.0,9112.0,2506.0,1069914.0,0.1428,1772004.0,0.15333152658669216,11556684.0,5766502.0,5463.0,2356.0,3107.0,3,,0,0,0,0,0,0.8723440336696089,6606.0,-3499.0,-3649.0,-150.0,50.0,False,False,PASS_SUBSET_GROSS_FLOWS
143662,2012-03-31,6674201.0,14911.0,3792.0,1088711.0,0.1448,1791332.0,0.15650926872518736,11445533.0,5831180.0,9224.0,3387.0,5837.0,3,,0,0,0,0,0,0.8736895996989003,11119.0,-5282.0,-5687.0,-405.0,50.0,False,False,PASS_SUBSET_GROSS_FLOWS
143662,2012-06-30,6880979.0,13250.0,2495.0,1105158.0,0.1444,1802993.0,0.1565739880530891,11515278.0,6001462.0,10327.0,2191.0,8136.0,3,,0,0,0,0,0,0.8721814148829694,10755.0,-2619.0,-2923.0,-304.0,50.0,False,False,PASS_SUBSET_GROSS_FLOWS
143662,2012-09-30,7004884.0,8691.0,2383.0,1120058.0,0.144,1819405.0,0.15791462652217209,11521447.0,6079423.0,5171.0,2091.0,3080.0,3,,0,0,0,0,0,0.8678834653079195,6308.0,-3228.0,-3520.0,-292.0,50.0,False,False,PASS_SUBSET_GROSS_FLOWS
143662,2012-12-31,7496566.0,10277.0,5637.0,1131373.0,0.1378,1829305.0,0.1551038068371484,11794069.0,6548849.0,6763.0,4739.0,2024.0,3,,0,0,0,0,0,0.8735798497605437,4640.0,-2616.0,-3514.0,-898.0,50.0,False,False,PASS_SUBSET_GROSS_FLOWS
143662,2013-03-31,7264366.0,9544.0,1570.0,1144558.0,0.1425,1840356.0,0.16018342328271762,11489054.0,6346019.0,8268.0,1229.0,7039.0,3,,0,0,0,0,0,0.8735819478258667,7974.0,-935.0,-1276.0,-341.0,50.0,False,False,PASS_SUBSET_GROSS_FLOWS
143662,2013-06-30,7394537.0,5807.0,3175.0,1158063.0,0.1415,1834559.0,0.16112333561741407,11386054.0,6354857.0,3890.0,2261.0,1629.0,3,,0,0,0,0,0,0.8593989048942483,2632.0,-1003.0,-1917.0,-914.0,50.0,False,False,PASS_SUBSET_GROSS_FLOWS
143662,2013-09-30,7749781.0,7411.0,2718.0,1071013.0,0.1245,1845107.0,0.15960643077137338,11560355.0,6471541.0,4698.0,1395.0,3303.0,3,,0,0,0,0,0,0.835061145598824,4693.0,-1390.0,-2713.0,-1323.0,50.0,False,False,PASS_SUBSET_GROSS_FLOWS
143662,2013-12-31,7831509.0,12735.0,8739.0,1081282.0,0.124,1847169.0,0.15887573063678137,11626502.0,6486110.0,10153.0,7453.0,2700.0,3,,0,0,0,0,0,0.8282069266599834,3996.0,-1296.0,-2582.0,-1286.0,50.0,False,False,PASS_SUBSET_GROSS_FLOWS
143662,2014-03-31,7834485.0,6237.0,2207.0,,,1855906.0,0.1568805097454696,11830061.0,6486246.0,3541.0,1130.0,2411.0,3,,0,0,0,0,0,0.8279096839166837,4030.0,-1619.0,-2696.0,-1077.0,50.0,False,False,PASS_SUBSET_GROSS_FLOWS
143662,2014-06-30,15462928.0,7303.0,2102.0,,,4002106.0,0.18141518226257997,22060480.0,13240560.0,4141.0,1340.0,2801.0,3,,0,0,0,0,0,0.8562776726374203,5201.0,-2400.0,-3162.0,-762.0,50.0,False,False,PASS_SUBSET_GROSS_FLOWS
143662,2014-09-30,15521744.0,7523.0,2332.0,,,4024802.0,0.1789913817524763,22486010.0,13170963.0,4099.0,1272.0,2827.0,3,,0,0,0,0,0,0.8485491707632854,5191.0,-2364.0,-3424.0,-1060.0,50.0,False,False,PASS_SUBSET_GROSS_FLOWS
143662,2014-12-31,15612129.0,9049.0,4377.0,,,4054288.0,0.17929141935694143,22612839.0,13161197.0,5539.0,3222.0,2317.0,3,,0,0,0,0,0,0.8430110332805987,4672.0,-2355.0,-3510.0,-1155.0,50.0,False,False,PASS_SUBSET_GROSS_FLOWS
143662,2015-03-31,15953092.0,12545.0,3838.0,2109978.0,,4075741.0,0.17756935240533103,22952953.0,13447993.0,8015.0,2668.0,5347.0,3,,0,0,0,0,0,0.8429709425608528,8707.0,-3360.0,-4530.0,-1170.0,50.0,False,False,PASS_SUBSET_GROSS_FLOWS
143662,2015-06-30,16391564.0,7440.0,3154.0,2153370.0,,4086745.0,0.17928070916590882,22795230.0,13764464.0,4421.0,1768.0,2653.0,3,,0,0,0,0,0,0.8397285335310285,4286.0,-1633.0,-3019.0,-1386.0,50.0,False,False,PASS_SUBSET_GROSS_FLOWS
143662,2015-09-30,16783563.0,8467.0,3386.0,2195548.0,,4123234.0,0.178033893691602,23159826.0,13901173.0,4621.0,1813.0,2808.0,3,,0,0,0,0,0,0.8282611385913706,5081.0,-2273.0,-3846.0,-1573.0,50.0,False,False,PASS_SUBSET_GROSS_FLOWS
143662,2015-12-31,17207939.0,7109.0,2754.0,2234458.0,,4132630.0,0.17679484221070066,23375286.0,14186140.0,2990.0,1264.0,1726.0,3,,0,0,0,0,0,0.8243950655566596,4355.0,-2629.0,-4119.0,-1490.0,50.0,False,False,PASS_SUBSET_GROSS_FLOWS
143662,2016-03-31,17612394.0,7727.0,2947.0,2247737.0,,4157299.0,0.17375969287414142,23925566.0,14336172.0,3683.0,1275.0,2408.0,3,,0,0,0,0,0,0.8139820174361305,4780.0,-2372.0,-4044.0,-1672.0,50.0,False,False,PASS_SUBSET_GROSS_FLOWS
143662,2016-06-30,17905754.0,12655.0,2842.0,2291698.0,,4184130.0,0.17346822860611166,24120440.0,14444320.0,8044.0,936.0,7108.0,3,,0,0,0,0,0,0.806685940173198,9813.0,-2705.0,-4611.0,-1906.0,50.0,False,False,PASS_SUBSET_GROSS_FLOWS
143662,2016-09-30,17955806.0,13042.0,2646.0,2353321.0,,4206374.0,0.17008841789539839,24730514.0,14227214.0,7621.0,1353.0,6268.0,3,,0,0,0,0,0,0.7923461636865535,10396.0,-4128.0,-5421.0,-1293.0,50.0,False,False,PASS_SUBSET_GROSS_FLOWS
143662,2016-12-31,17894418.0,16250.0,3424.0,2397449.0,,4204591.0,0.1695516163510435,24798295.0,13962378.0,9132.0,1307.0,7825.0,3,,0,0,0,0,0,0.7802644377704824,12826.0,-5001.0,-7118.0,-2117.0,50.0,False,False,PASS_SUBSET_GROSS_FLOWS
143662,2017-03-31,18200376.0,12981.0,3636.0,2408938.0,,4211202.0,0.16952318246131506,24841452.0,14123867.0,7346.0,1869.0,5477.0,3,,0,0,0,0,0,0.776020616277378,9345.0,-3868.0,-5635.0,-1767.0,50.0,False,False,PASS_SUBSET_GROSS_FLOWS
143662,2017-06-30,18771402.0,13946.0,3864.0,2450898.0,,4243944.0,0.16827674959573793,25220026.0,14373739.0,7153.0,2001.0,5152.0,3,,0,0,0,0,0,0.7657253837513043,10082.0,-4930.0,-6793.0,-1863.0,50.0,False,False,PASS_SUBSET_GROSS_FLOWS
143662,2017-09-30,19094333.0,13211.0,3861.0,2481130.0,,4274964.0,0.16667646589579743,25648276.0,14475121.0,6966.0,2641.0,4325.0,3,,0,0,0,0,0,0.7580846631301549,9350.0,-5025.0,-6245.0,-1220.0,50.0,False,False,PASS_SUBSET_GROSS_FLOWS
143662,2017-12-31,19338983.0,15717.0,3926.0,2523599.0,,4299940.0,0.16723915762716685,25711323.0,14725081.0,7113.0,2034.0,5079.0,3,,0,0,0,0,0,0.7614196154989122,11791.0,-6712.0,-8604.0,-1892.0,50.0,False,False,PASS_SUBSET_GROSS_FLOWS
143662,2018-03-31,19613728.0,15805.0,3481.0,2547990.0,,4293676.0,0.16611768379964184,25847194.0,15004107.0,8177.0,1822.0,6355.0,3,,0,0,0,0,0,0.7649798651230404,12324.0,-5969.0,-7628.0,-1659.0,50.0,False,False,PASS_SUBSET_GROSS_FLOWS
143662,2018-06-30,20071656.0,14803.0,4118.0,2530182.0,,4270416.0,0.16145531854980213,26449522.0,15394831.0,10179.0,2910.0,7269.0,3,,0,0,0,0,0,0.7669935654536925,10685.0,-3416.0,-4624.0,-1208.0,50.0,False,False,PASS_SUBSET_GROSS_FLOWS
143662,2018-09-30,20143193.0,15896.0,3653.0,2581890.0,,4298051.0,0.1616670404874839,26585821.0,15365894.0,10368.0,2334.0,8034.0,3,,0,0,0,0,0,0.7628330821235739,12243.0,-4209.0,-5528.0,-1319.0,50.0,False,False,PASS_SUBSET_GROSS_FLOWS
143662,2018-12-31,20588844.0,19527.0,3155.0,2616456.0,,4360959.0,0.1620965552206751,26903465.0,15642585.0,13095.0,1966.0,11129.0,3,,0,0,0,1,1,0.7597602371459029,16372.0,-5243.0,-6432.0,-1189.0,50.0,False,False,PASS_SUBSET_GROSS_FLOWS
143662,2019-03-31,20646083.0,17152.0,3469.0,2635583.0,,4403172.0,0.16115721218063764,27322215.0,15755707.0,12411.0,2161.0,10250.0,3,,0,0,0,0,0,0.7631329875017939,13683.0,-3433.0,-4741.0,-1308.0,50.0,False,False,PASS_SUBSET_GROSS_FLOWS
143662,2019-06-30,21309889.0,16707.0,3552.0,2703566.0,,4505354.0,0.16118863359164062,27950817.0,16289678.0,11130.0,2257.0,8873.0,3,,0,0,0,0,0,0.7644187165874022,13155.0,-4282.0,-5577.0,-1295.0,50.0,False,False,PASS_SUBSET_GROSS_FLOWS
143662,2019-09-30,21875722.0,23112.0,5104.0,2743960.0,,4563840.0,0.1578936443158371,28904520.0,16768017.0,17797.0,4066.0,13731.0,3,,0,0,0,0,0,0.7665126207034446,18008.0,-4277.0,-5315.0,-1038.0,50.0,False,False,PASS_SUBSET_GROSS_FLOWS
143662,2019-12-31,21709054.0,18722.0,3823.0,2783095.0,,4590888.0,0.15931352552776104,28816687.0,16840895.0,14690.0,2832.0,11858.0,3,,0,0,0,0,0,0.775754438677982,14899.0,-3041.0,-4032.0,-991.0,50.0,False,False,PASS_SUBSET_GROSS_FLOWS
143662,2020-03-31,21733011.0,24455.0,2745.0,2671903.0,,2723978.0,0.09901274697637018,27511387.0,16881353.0,19745.0,1737.0,18008.0,3,,0,0,0,0,0,0.7767608915304005,21710.0,-3702.0,-4710.0,-1008.0,50.0,False,False,PASS_SUBSET_GROSS_FLOWS
143662,2020-06-30,23276854.0,19447.0,3294.0,2696044.0,,2733774.0,0.09225679760846832,29632223.0,18536272.0,15166.0,2316.0,12850.0,3,,0,0,0,0,0,0.7963392303788133,16153.0,-3303.0,-4281.0,-978.0,50.0,False,False,PASS_SUBSET_GROSS_FLOWS
143662,2020-09-30,23110433.0,16648.0,3166.0,2772741.0,,2815206.0,0.09566458745923934,29427880.0,18337847.0,7055.0,2082.0,4973.0,3,,0,0,0,0,0,0.7934878156545141,13482.0,-8509.0,-9593.0,-1084.0,50.0,False,False,PASS_SUBSET_GROSS_FLOWS
143662,2020-12-31,22545592.0,23941.0,4189.0,2873383.0,,2913649.0,0.09967484093122843,29231539.0,17866762.0,18339.0,2665.0,15674.0,3,,0,0,0,0,0,0.7924725152482135,19752.0,-4078.0,-5602.0,-1524.0,50.0,False,False,PASS_SUBSET_GROSS_FLOWS
143662,2021-03-31,22537340.0,20914.0,3270.0,2932861.0,,2911745.0,0.09693210646221256,30039015.0,18045781.0,17446.0,2119.0,15327.0,3,,0,0,0,0,0,0.8007058951943752,17644.0,-2317.0,-3468.0,-1151.0,50.0,False,False,PASS_SUBSET_GROSS_FLOWS
143662,2021-06-30,22572791.0,17080.0,3459.0,2992652.0,,2996821.0,0.09893670528355873,30290285.0,18137638.0,13405.0,2619.0,10786.0,3,,0,0,0,0,0,0.8035177395653024,13621.0,-2835.0,-3675.0,-840.0,50.0,False,False,PASS_SUBSET_GROSS_FLOWS
143662,2021-09-30,22322405.0,10374.0,4179.0,2850732.0,,2838438.0,0.09187047782495672,30896084.0,17872016.0,7837.0,2259.0,5578.0,3,,0,0,0,0,0,0.8006312939846759,6195.0,-617.0,-2537.0,-1920.0,50.0,False,False,PASS_SUBSET_GROSS_FLOWS
143662,2021-12-31,22906285.0,10928.0,3532.0,2893593.0,,2859819.0,0.09332970521056498,30642109.0,18369309.0,8156.0,2438.0,5718.0,3,,0,0,0,0,0,0.8019331375646466,7396.0,-1678.0,-2772.0,-1094.0,50.0,False,False,PASS_SUBSET_GROSS_FLOWS
143662,2022-03-31,23285706.0,8910.0,3366.0,2929914.0,,2731334.0,0.08914666200936941,30638657.0,18723721.0,6873.0,2244.0,4629.0,3,,0,0,0,0,0,0.8040864640307663,5544.0,-915.0,-2037.0,-1122.0,50.0,False,False,PASS_SUBSET_GROSS_FLOWS
143662,2022-06-30,24661566.0,9881.0,3641.0,3088278.0,,2775711.0,0.09211979156191762,30131538.0,19680676.0,7539.0,2748.0,4791.0,3,,0,0,0,0,0,0.7980302629605922,6240.0,-1449.0,-2342.0,-893.0,50.0,False,False,PASS_SUBSET_GROSS_FLOWS
143662,2022-09-30,25656226.0,10390.0,3802.0,3131788.0,,2680027.0,0.08516672187088302,31468007.0,20260441.0,7723.0,2674.0,5049.0,3,,0,0,0,0,0,0.7896890602694254,6588.0,-1539.0,-2667.0,-1128.0,50.0,False,False,PASS_SUBSET_GROSS_FLOWS
143662,2022-12-31,26227628.0,15808.0,3298.0,3174899.0,,2744192.0,0.08617414928764966,31844724.0,20694674.0,13959.0,2293.0,11666.0,3,,0,0,0,0,0,0.7890410066819615,12510.0,-844.0,-1849.0,-1005.0,50.0,False,False,PASS_SUBSET_GROSS_FLOWS
143662,2023-03-31,37140618.0,20270.0,3608.0,4030994.0,,5299040.0,0.09815600908348375,53985895.0,29117926.0,18365.0,2548.0,15817.0,3,,0,0,0,0,0,0.7839914241599318,16662.0,-845.0,-1905.0,-1060.0,50.0,False,False,PASS_SUBSET_GROSS_FLOWS
143662,2023-06-30,37232932.0,33477.0,5401.0,4141323.0,,5246427.0,0.09791696100642829,53580370.0,29224700.0,30609.0,3266.0,27343.0,3,,0,0,0,0,0,0.7849153539667518,28076.0,-733.0,-2868.0,-2135.0,50.0,False,False,PASS_SUBSET_GROSS_FLOWS
143662,2023-09-30,37230911.0,28720.0,5594.0,4224375.0,,5058191.0,0.09732107965214087,51974259.0,29071135.0,24968.0,3358.0,21610.0,3,,0,0,0,1,1,0.7808332973641177,23126.0,-1516.0,-3752.0,-2236.0,50.0,False,False,PASS_SUBSET_GROSS_FLOWS
143662,2023-12-31,37472666.0,34507.0,5636.0,4231569.0,,5367571.0,0.10289140282439538,52167342.0,29397638.0,30495.0,4260.0,26235.0,3,,0,0,0,1,1,0.7845088470620158,28871.0,-2636.0,-4012.0,-1376.0,50.0,False,False,PASS_SUBSET_GROSS_FLOWS
143662,2024-03-31,37689614.0,49752.0,5749.0,4289253.0,,5322449.0,0.10192831841712126,52217569.0,29846095.0,45969.0,5034.0,40935.0,3,,0,0,0,0,0,0.7918917662568792,44003.0,-3068.0,-3783.0,-715.0,50.0,False,False,PASS_SUBSET_GROSS_FLOWS
143662,2024-06-30,37766297.0,36202.0,5769.0,4353875.0,,5335339.0,0.10251749286929018,52043206.0,29738173.0,32297.0,4568.0,27729.0,3,,0,0,0,0,0,0.7874262335012617,30433.0,-2704.0,-3905.0,-1201.0,50.0,False,False,PASS_SUBSET_GROSS_FLOWS
143662,2024-09-30,37569641.0,34976.0,5861.0,4443716.0,,5626271.0,0.10839673575466542,51904432.0,29509581.0,30165.0,5048.0,25117.0,3,,0,0,0,0,0,0.7854634810058473,29115.0,-3998.0,-4811.0,-813.0,50.0,False,False,PASS_SUBSET_GROSS_FLOWS
143662,2024-12-31,37752436.0,30264.0,4609.0,4530964.0,,5477508.0,0.10622264843519577,51566291.0,29698760.0,26710.0,3993.0,22717.0,3,,0,0,0,0,0,0.7866713554590226,25655.0,-2938.0,-3554.0,-616.0,50.0,False,False,PASS_SUBSET_GROSS_FLOWS
143662,2025-03-31,37680848.0,34113.0,4792.0,4554090.0,,5588117.0,0.10848855465829384,51508816.0,29564490.0,22689.0,4028.0,18661.0,3,,0,0,0,0,0,0.784602565207662,29321.0,-10660.0,-11424.0,-764.0,50.0,False,False,PASS_SUBSET_GROSS_FLOWS
143662,2025-06-30,37702604.0,34599.0,5254.0,4647009.0,,5687667.0,0.10960448155952722,51892650.0,29498391.0,23550.0,3873.0,19677.0,3,,0,0,0,0,0,0.7823966482527308,29345.0,-9668.0,-11049.0,-1381.0,50.0,False,False,PASS_SUBSET_GROSS_FLOWS
143662,2025-09-30,48802552.0,27465.0,4460.0,6298841.0,,8092635.0,0.11990608942825537,67491443.0,40000005.0,24751.0,3538.0,21213.0,3,,0,0,0,0,0,0.8196293710214171,23005.0,-1792.0,-2714.0,-922.0,50.0,False,False,PASS_SUBSET_GROSS_FLOWS
143662,2025-12-31,48038606.0,32653.0,4116.0,6338506.0,,8141845.0,0.12184496057487733,66821352.0,39533284.0,26537.0,3114.0,23423.0,3,,0,0,0,0,0,0.8229481929596375,28537.0,-5114.0,-6116.0,-1002.0,50.0,False,False,PASS_SUBSET_GROSS_FLOWS
1842065,2005-03-31,1506922.0,2.0,63.0,152473.0,0.0914,178985.0,0.07778824699273248,2300926.0,976132.0,0.0,60.0,-60.0,3,,0,0,0,0,0,0.6477654450595319,-61.0,1.0,-2.0,-3.0,50.0,False,False,PASS_SUBSET_GROSS_FLOWS
1842065,2005-06-30,1619415.0,41.0,18.0,160986.0,0.0929,190471.0,0.0780458922351977,2440500.0,1069628.0,3.0,15.0,-12.0,3,,0,0,0,0,0,0.6605027123992306,23.0,-35.0,-38.0,-3.0,50.0,False,False,PASS_SUBSET_GROSS_FLOWS
1842065,2005-09-30,1776808.0,19.0,697.0,180073.0,0.093101,208514.0,0.08204325533648657,2541513.0,1197263.0,18.0,126.0,-108.0,3,,0,0,0,0,0,0.6738280106798259,-678.0,570.0,-1.0,-571.0,50.0,False,False,PASS_SUBSET_GROSS_FLOWS
1842065,2005-12-31,1878139.0,0.0,2.0,191089.0,0.093514,218899.0,0.08348232332862972,2622100.0,1261057.0,0.0,-1.0,1.0,3,,0,0,0,1,1,0.6714396538275389,-2.0,3.0,0.0,-3.0,50.0,False,False,PASS_SUBSET_GROSS_FLOWS
1842065,2006-03-31,1998269.0,20.0,17.0,201405.0,0.092937,226746.0,0.08271796888509168,2741194.0,1360285.0,0.0,16.0,-16.0,3,,0,0,0,0,0,0.6807316732632093,3.0,-19.0,-20.0,-1.0,50.0,False,False,PASS_SUBSET_GROSS_FLOWS
1842065,2006-06-30,2115029.0,0.0,37.0,219538.0,0.097933,238538.0,0.08953181382451257,2664282.0,1464103.0,0.0,38.0,-38.0,3,,0,0,0,0,0,0.6922377896473287,-37.0,-1.0,0.0,1.0,50.0,False,False,PASS_SUBSET_GROSS_FLOWS
1842065,2006-09-30,2249811.0,3.0,3.0,228994.0,0.099215,256019.0,0.09002872265756319,2843748.0,1577947.0,0.0,3.0,-3.0,3,,0,0,0,0,0,0.7013686927479686,0.0,-3.0,-3.0,0.0,50.0,False,False,PASS_SUBSET_GROSS_FLOWS
1842065,2006-12-31,2385752.0,1.0,11.0,239969.0,0.097151,264502.0,0.09002944229820113,2937950.0,1661178.0,0.0,11.0,-11.0,3,,0,0,0,0,0,0.6962911484513059,-10.0,-1.0,-1.0,0.0,50.0,False,False,PASS_SUBSET_GROSS_FLOWS
1842065,2007-03-31,2397492.0,280.0,2.0,248982.0,0.100295,275795.0,0.09383038710329321,2939293.0,1661690.0,276.0,1.0,275.0,3,,0,0,0,0,0,0.6930951177313626,278.0,-3.0,-4.0,-1.0,50.0,False,False,PASS_SUBSET_GROSS_FLOWS
1842065,2007-06-30,2452773.0,275.0,75.0,260358.0,0.103587,284698.0,0.09385649383038394,3033333.0,1710217.0,275.0,75.0,200.0,3,,0,0,0,0,0,0.6972585722364034,200.0,0.0,0.0,0.0,50.0,False,False,PASS_SUBSET_GROSS_FLOWS
1842065,2007-09-30,2452021.0,740.0,52.0,271341.0,0.104335,298057.0,0.0985922201798203,3023129.0,1737522.0,395.0,51.0,344.0,3,,0,0,0,0,0,0.7086081236661513,688.0,-344.0,-345.0,-1.0,50.0,False,False,PASS_SUBSET_GROSS_FLOWS
1842065,2007-12-31,2822527.0,1006.0,25.0,315965.0,0.106143,343739.0,0.10152101810749906,3385890.0,1964094.0,998.0,4.0,994.0,3,,0,0,0,0,0,0.6958636711004005,981.0,13.0,-8.0,-21.0,50.0,False,False,PASS_SUBSET_GROSS_FLOWS
1842065,2008-03-31,3728791.0,1069.0,45.0,429677.0,0.105988,458041.0,0.10234823484091302,4475319.0,1701686.0,208.0,8.0,200.0,3,,0,0,0,0,0,0.45636400645678454,1024.0,-824.0,-861.0,-37.0,50.0,False,False,PASS_SUBSET_GROSS_FLOWS
1842065,2008-06-30,4917434.0,730.0,82.0,543704.0,0.100115,569538.0,0.09829297463537379,5794290.0,2570493.0,758.0,88.0,670.0,3,,0,0,0,0,0,0.5227305541874075,648.0,22.0,28.0,6.0,50.0,False,False,PASS_SUBSET_GROSS_FLOWS
1842065,2008-09-30,5849485.0,4263.0,23.0,589140.0,0.09066,614140.0,0.08569695088870086,7166416.0,3081162.0,789.0,21.0,768.0,3,,0,0,0,0,0,0.5267407301668438,4240.0,-3472.0,-3474.0,-2.0,50.0,False,False,PASS_SUBSET_GROSS_FLOWS
1842065,2008-12-31,6729708.0,73281.0,91.0,649886.0,0.083238,729784.0,0.08637330109353743,8449185.0,3508148.0,5994.0,14.0,5980.0,3,,0,0,0,0,0,0.5212927514834225,73190.0,-67210.0,-67287.0,-77.0,50.0,False,False,PASS_SUBSET_GROSS_FLOWS
1842065,2009-03-31,7156374.0,3886.0,1734.0,719824.0,0.087272,805068.0,0.09151812332077007,8796815.0,5913198.0,2747.0,19.0,2728.0,3,,0,0,0,0,0,0.8262840930337068,2152.0,576.0,-1139.0,-1715.0,50.0,False,False,PASS_SUBSET_GROSS_FLOWS
1842065,2009-06-30,8634763.0,15731.0,5973.0,942287.0,0.095823,1065919.0,0.0985968399993932,10810884.0,7067912.0,9272.0,2360.0,6912.0,3,,0,0,0,0,0,0.8185415164261023,9758.0,-2846.0,-6459.0,-3613.0,50.0,False,False,PASS_SUBSET_GROSS_FLOWS
1842065,2009-09-30,9440751.0,40142.0,2829.0,959375.0,0.092668,1109741.0,0.0932491990041014,11900810.0,7499870.0,34200.0,2626.0,31574.0,3,,0,0,0,0,0,0.79441455452008,37313.0,-5739.0,-5942.0,-203.0,50.0,False,False,PASS_SUBSET_GROSS_FLOWS
1842065,2009-12-31,9358692.0,41500.0,874.0,1061755.0,0.099404,1201470.0,0.10095103882599119,11901512.0,7565791.0,38819.0,759.0,38060.0,3,,0,0,0,0,0,0.8084239763419931,40626.0,-2566.0,-2681.0,-115.0,50.0,False,False,PASS_SUBSET_GROSS_FLOWS
1842065,2010-03-31,9176379.0,57447.0,544.0,1050236.0,0.10201,1194960.0,0.09453750349187341,12640063.0,7331459.0,48373.0,513.0,47860.0,3,,0,0,0,0,0,0.7989490189975806,56903.0,-9043.0,-9074.0,-31.0,50.0,False,False,PASS_SUBSET_GROSS_FLOWS
1842065,2010-06-30,9091276.0,51923.0,2091.0,1060397.0,0.102872,1218973.0,0.09800385286682894,12438011.0,7383833.0,41464.0,1963.0,39501.0,3,,0,0,0,0,0,0.8121888500580117,49832.0,-10331.0,-10459.0,-128.0,50.0,False,False,PASS_SUBSET_GROSS_FLOWS
1842065,2010-09-30,9249467.0,50185.0,1572.0,1076050.0,0.100575,1235148.0,0.09942462178294237,12422959.0,7710586.0,40042.0,1460.0,38582.0,3,,0,0,0,0,0,0.8336248996834088,48613.0,-10031.0,-10143.0,-112.0,50.0,False,False,PASS_SUBSET_GROSS_FLOWS
1842065,2010-12-31,9444963.0,37511.0,1957.0,1127448.0,0.101922,1257650.0,0.10110005444683885,12439657.0,8021590.0,27593.0,1746.0,25847.0,3,,0,0,0,0,0,0.8492981920627958,35554.0,-9707.0,-9918.0,-211.0,50.0,False,False,PASS_SUBSET_GROSS_FLOWS
1842065,2011-03-31,9348370.0,42294.0,1048.0,1144752.0,0.105287,1273536.0,0.10216395346878332,12465610.0,8048157.0,35603.0,874.0,34729.0,3,,0,0,0,0,0,0.860915539286528,41246.0,-6517.0,-6691.0,-174.0,50.0,False,False,PASS_SUBSET_GROSS_FLOWS
1842065,2011-06-30,8962513.0,45316.0,1966.0,1162226.0,0.110809,1305283.0,0.10800485875117187,12085410.0,7773626.0,43944.0,1799.0,42145.0,3,,0,0,0,0,0,0.8673489232316873,43350.0,-1205.0,-1372.0,-167.0,50.0,False,False,PASS_SUBSET_GROSS_FLOWS
1842065,2011-09-30,8955872.0,42314.0,3452.0,1181928.0,0.111139,1338278.0,0.11161953152888661,11989640.0,7834503.0,37566.0,3289.0,34277.0,3,,0,0,0,0,0,0.8747895235662144,38862.0,-4585.0,-4748.0,-163.0,50.0,False,False,PASS_SUBSET_GROSS_FLOWS
1842065,2011-12-31,9278914.0,41435.0,3318.0,1201229.0,0.107574,1357851.0,0.10957157011017912,12392366.0,8232670.0,37412.0,2336.0,35076.0,3,,0,0,0,0,0,0.8872449944034398,38117.0,-3041.0,-4023.0,-982.0,50.0,False,False,PASS_SUBSET_GROSS_FLOWS
1842065,2012-03-31,9471659.0,39728.0,4401.0,1223092.0,0.107873,1379486.0,0.10959018811888896,12587678.0,8570539.0,37129.0,3267.0,33862.0,3,,0,0,0,0,0,0.904861439796344,35327.0,-1465.0,-2599.0,-1134.0,50.0,False,False,PASS_SUBSET_GROSS_FLOWS
1842065,2012-06-30,9662972.0,34474.0,7169.0,1250506.0,0.108257,1410191.0,0.10926719921400259,12905895.0,8812266.0,28005.0,6771.0,21234.0,3,,0,0,0,0,0,0.9119622824116638,27305.0,-6071.0,-6469.0,-398.0,50.0,False,False,PASS_SUBSET_GROSS_FLOWS
1842065,2012-09-30,9839201.0,23444.0,2584.0,1282030.0,0.108868,1445883.0,0.1091185758315097,13250567.0,9032801.0,20473.0,2232.0,18241.0,3,,0,0,0,0,0,0.918042125575034,20860.0,-2619.0,-2971.0,-352.0,50.0,False,False,PASS_SUBSET_GROSS_FLOWS
1842065,2012-12-31,10340780.0,21428.0,3361.0,1315848.0,0.106608,1471261.0,0.104898152765362,14025614.0,9505335.0,19696.0,3202.0,16494.0,3,,0,0,1,0,1,0.9192087057262605,18067.0,-1573.0,-1732.0,-159.0,50.0,False,False,PASS_SUBSET_GROSS_FLOWS
1842065,2013-03-31,10210901.0,19668.0,1971.0,1351815.0,0.111471,1502654.0,0.11268312224067129,13335218.0,9420543.0,19183.0,1850.0,17333.0,3,,0,0,0,0,0,0.9225966445076688,17697.0,-364.0,-485.0,-121.0,50.0,False,False,PASS_SUBSET_GROSS_FLOWS
1842065,2013-06-30,10260555.0,15042.0,1017.0,1389345.0,0.1133,1509287.0,0.11225496682116826,13445169.0,9411789.0,12016.0,634.0,11382.0,3,,0,0,0,0,0,0.9172787436936891,14025.0,-2643.0,-3026.0,-383.0,50.0,False,False,PASS_SUBSET_GROSS_FLOWS
1842065,2013-09-30,10551090.0,13300.0,2057.0,1431464.0,0.113622,1554757.0,0.11235863544222383,13837450.0,9655191.0,9826.0,1720.0,8106.0,3,,0,0,0,0,0,0.9150894362572967,11243.0,-3137.0,-3474.0,-337.0,50.0,False,False,PASS_SUBSET_GROSS_FLOWS
1842065,2013-12-31,10769410.0,14713.0,6877.0,1475958.0,0.114362,1588735.0,0.1130466171294263,14053804.0,9793136.0,14089.0,5968.0,8121.0,3,,0,0,0,0,0,0.9093474944309855,7836.0,285.0,-624.0,-909.0,50.0,False,False,PASS_SUBSET_GROSS_FLOWS
1842065,2014-03-31,11035864.0,5018.0,5228.0,,,1587007.0,0.1111573700548409,14277119.0,10053772.0,4440.0,4708.0,-268.0,3,,0,0,0,0,0,0.9110090519419232,-210.0,-58.0,-578.0,-520.0,50.0,False,False,PASS_SUBSET_GROSS_FLOWS
1842065,2014-06-30,11294078.0,4762.0,2499.0,,,1647434.0,0.11306512867224171,14570664.0,10274073.0,4439.0,2359.0,2080.0,3,,0,0,0,0,0,0.9096867402544945,2263.0,-183.0,-323.0,-140.0,50.0,False,False,PASS_SUBSET_GROSS_FLOWS
1842065,2014-09-30,11667084.0,1817.0,1753.0,,,1690051.0,0.111483407547819,15159664.0,10659713.0,1627.0,1548.0,79.0,3,,0,0,0,0,0,0.9136570028980677,64.0,15.0,-190.0,-205.0,50.0,False,False,PASS_SUBSET_GROSS_FLOWS
1842065,2014-12-31,12039562.0,3136.0,1522.0,,,1691661.0,0.10861759938463376,15574465.0,10985859.0,1849.0,1280.0,569.0,3,,0,0,0,0,0,0.9124799556661612,1614.0,-1045.0,-1287.0,-242.0,50.0,False,False,PASS_SUBSET_GROSS_FLOWS
1842065,2015-03-31,12289907.0,3508.0,2140.0,1636504.0,,1754610.0,0.1073957391690276,16337799.0,11334170.0,3127.0,1182.0,1945.0,3,,0,0,0,0,0,0.9222339924948171,1368.0,577.0,-381.0,-958.0,50.0,False,False,PASS_SUBSET_GROSS_FLOWS
1842065,2015-06-30,12625803.0,3240.0,1627.0,1691708.0,,1799169.0,0.11109768403773188,16194478.0,11529147.0,3212.0,1586.0,1626.0,3,,0,0,0,0,0,0.9131416829487994,1613.0,13.0,-28.0,-41.0,50.0,False,False,PASS_SUBSET_GROSS_FLOWS
1842065,2015-09-30,13182065.0,1024.0,2645.0,1746109.0,,1863483.0,0.11047865350341174,16867358.0,12043386.0,958.0,2576.0,-1618.0,3,,0,0,0,0,0,0.9136190725808134,-1621.0,3.0,-66.0,-69.0,50.0,False,False,PASS_SUBSET_GROSS_FLOWS
1842065,2015-12-31,13399990.0,6434.0,1346.0,1807328.0,,1912508.0,0.11097372025641118,17233882.0,11983816.0,6160.0,1012.0,5148.0,3,,0,0,0,0,0,0.894315294265145,5088.0,60.0,-274.0,-334.0,50.0,False,False,PASS_SUBSET_GROSS_FLOWS
1842065,2016-03-31,13545432.0,2406.0,587.0,1866863.0,,1989819.0,0.11272943234378104,17651282.0,11876787.0,2064.0,514.0,1550.0,3,,0,0,0,0,0,0.8768112379140067,1819.0,-269.0,-342.0,-73.0,50.0,False,False,PASS_SUBSET_GROSS_FLOWS
1842065,2016-06-30,14120250.0,2935.0,625.0,1930358.0,,2058488.0,0.11338230787246291,18155284.0,12296230.0,2792.0,549.0,2243.0,3,,0,0,0,0,0,0.8708224004532498,2310.0,-67.0,-143.0,-76.0,50.0,False,False,PASS_SUBSET_GROSS_FLOWS
1842065,2016-09-30,14751357.0,5121.0,953.0,1988418.0,,2110096.0,0.11053100397657792,19090535.0,12816491.0,5110.0,849.0,4261.0,3,,0,0,0,0,0,0.8688347112743594,4168.0,93.0,-11.0,-104.0,50.0,False,False,PASS_SUBSET_GROSS_FLOWS
1842065,2016-12-31,15179872.0,790.0,217.0,2057081.0,,2146126.0,0.10709502828295481,20039455.0,13332122.0,742.0,178.0,564.0,3,,0,0,0,0,0,0.8782763122113283,573.0,-9.0,-48.0,-39.0,50.0,False,False,PASS_SUBSET_GROSS_FLOWS
1842065,2017-03-31,15653621.0,415.0,890.0,2134928.0,,2225632.0,0.10909425473779448,20401001.0,13737867.0,403.0,846.0,-443.0,3,,0,0,0,0,0,0.8776159203036793,-475.0,32.0,-12.0,-44.0,50.0,False,False,PASS_SUBSET_GROSS_FLOWS
1842065,2017-06-30,15825636.0,-409.0,-881.0,2266452.0,,5238275.0,0.20755074999229353,25238526.0,13491879.0,-397.0,-842.0,445.0,3,,1,1,1,1,1,0.8525331304220569,472.0,-27.0,12.0,39.0,50.0,False,False,PASS_SUBSET_GROSS_FLOWS
1842065,2017-09-30,16492575.0,1174.0,190.0,2323306.0,,5291192.0,0.21433634077909386,24686397.0,14086961.0,1000.0,143.0,857.0,3,,0,0,0,0,0,0.8541395749299306,984.0,-127.0,-174.0,-47.0,50.0,False,False,PASS_SUBSET_GROSS_FLOWS
1842065,2017-12-31,16794363.0,22.0,683.0,2369199.0,,5375452.0,0.20882245962227952,25741733.0,14434523.0,0.0,499.0,-499.0,3,,0,0,0,0,0,0.8594861859303625,-661.0,162.0,-22.0,-184.0,50.0,False,False,PASS_SUBSET_GROSS_FLOWS
1842065,2018-03-31,17152837.0,3213.0,799.0,2407096.0,,5416980.0,0.21164477194654405,25594679.0,14794845.0,3188.0,731.0,2457.0,3,,0,0,0,0,0,0.8625304956841833,2414.0,43.0,-25.0,-68.0,50.0,False,False,PASS_SUBSET_GROSS_FLOWS
1842065,2018-06-30,17899767.0,2875.0,591.0,2495901.0,,5486608.0,0.2077931364132721,26404183.0,14968250.0,2853.0,479.0,2374.0,3,,0,0,0,0,0,0.8362259687514368,2284.0,90.0,-22.0,-112.0,50.0,False,False,PASS_SUBSET_GROSS_FLOWS
1842065,2018-09-30,18490604.0,3795.0,1815.0,2565373.0,,5538208.0,0.2044231024274461,27091889.0,15297250.0,3557.0,1783.0,1774.0,3,,0,0,0,0,0,0.8272985566074532,1980.0,-206.0,-238.0,-32.0,50.0,False,False,PASS_SUBSET_GROSS_FLOWS
1842065,2018-12-31,19098925.0,15589.0,1173.0,2839817.0,,5834683.0,0.20148769886163798,28958011.0,15463344.0,13610.0,1136.0,12474.0,3,,0,0,0,0,0,0.8096447313134116,14416.0,-1942.0,-1979.0,-37.0,50.0,False,False,PASS_SUBSET_GROSS_FLOWS
1842065,2019-03-31,20208614.0,2518.0,1008.0,2923027.0,,5933031.0,0.19659051599025038,30179640.0,16129163.0,2500.0,905.0,1595.0,3,,0,0,0,0,0,0.7981330634550198,1510.0,85.0,-18.0,-103.0,50.0,False,False,PASS_SUBSET_GROSS_FLOWS
1842065,2019-06-30,21441743.0,12212.0,1374.0,3006571.0,,6037899.0,0.19564915404628044,30860849.0,17860284.0,410.0,1185.0,-775.0,3,,0,0,0,0,0,0.832967916834,10838.0,-11613.0,-11802.0,-189.0,50.0,False,False,PASS_SUBSET_GROSS_FLOWS
1842065,2019-09-30,22522721.0,17805.0,372.0,3108819.0,,6139280.0,0.19340691743942684,31742815.0,18604693.0,17771.0,227.0,17544.0,3,,0,0,1,0,1,0.8260410897955003,17433.0,111.0,-34.0,-145.0,50.0,False,False,PASS_SUBSET_GROSS_FLOWS
1842065,2019-12-31,23090406.0,24760.0,737.0,3210138.0,,6222947.0,0.18526951048508425,33588619.0,19119162.0,24686.0,706.0,23980.0,3,,0,0,0,0,0,0.8280132449814871,24023.0,-43.0,-74.0,-31.0,50.0,False,False,PASS_SUBSET_GROSS_FLOWS
1842065,2020-03-31,25184558.0,4276.0,1081.0,3465444.0,,6458551.0,0.18168303465461536,35548454.0,20430848.0,4232.0,588.0,3644.0,3,,0,0,0,0,0,0.8112450494465696,3195.0,449.0,-44.0,-493.0,50.0,False,False,PASS_SUBSET_GROSS_FLOWS
1842065,2020-06-30,25987708.0,19520.0,612.0,3723764.0,,6702788.0,0.17285430108396202,38777097.0,21513610.0,19508.0,441.0,19067.0,3,,0,0,0,0,0,0.8278379147556991,18908.0,159.0,-12.0,-171.0,50.0,False,False,PASS_SUBSET_GROSS_FLOWS
1842065,2020-09-30,25912648.0,11339.0,162.0,3842533.0,,6802061.0,0.17235802002396064,39464720.0,21615149.0,11322.0,138.0,11184.0,3,,0,0,0,0,0,0.8341543866917808,11177.0,7.0,-17.0,-24.0,50.0,False,False,PASS_SUBSET_GROSS_FLOWS
1842065,2020-12-31,26251441.0,36705.0,317.0,3979341.0,,6919028.0,0.1567844378377259,44130834.0,21356897.0,33237.0,283.0,32954.0,3,,0,0,0,0,0,0.8135514160917872,36388.0,-3434.0,-3468.0,-34.0,50.0,False,False,PASS_SUBSET_GROSS_FLOWS
1842065,2021-03-31,26377935.0,13420.0,1918.0,4103891.0,,7024601.0,0.16006757354446105,43885222.0,21587296.0,10342.0,1895.0,8447.0,3,,0,0,0,0,0,0.8183846081962064,11502.0,-3055.0,-3078.0,-23.0,50.0,False,False,PASS_SUBSET_GROSS_FLOWS
1842065,2021-06-30,26402831.0,5264.0,1257.0,4261299.0,,7169464.0,0.15880213219208159,45147152.0,21087112.0,5228.0,979.0,4249.0,3,,0,0,0,0,0,0.7986685973182194,4007.0,242.0,-36.0,-278.0,50.0,False,False,PASS_SUBSET_GROSS_FLOWS
1842065,2021-09-30,27229183.0,3090.0,1481.0,4404516.0,,7291972.0,0.15900839784315576,45859037.0,21898711.0,3078.0,811.0,2267.0,3,,0,0,0,0,0,0.8042367999069234,1609.0,658.0,-12.0,-670.0,50.0,False,False,PASS_SUBSET_GROSS_FLOWS
1842065,2021-12-31,28994675.0,5930.0,2894.0,4531048.0,,7373911.0,0.1520755019640023,48488487.0,22821098.0,3957.0,2815.0,1142.0,3,,0,0,0,0,0,0.7870789377704699,3036.0,-1894.0,-1973.0,-79.0,50.0,False,False,PASS_SUBSET_GROSS_FLOWS
1842065,2022-03-31,29887193.0,51764.0,7693.0,4658421.0,,7360184.0,0.1523317485639418,48316809.0,23611951.0,20928.0,960.0,19968.0,3,,0,0,0,0,0,0.7900357521029158,44071.0,-24103.0,-30836.0,-6733.0,50.0,False,False,PASS_SUBSET_GROSS_FLOWS
1842065,2022-06-30,31872086.0,12900.0,244.0,5292695.0,,7943871.0,0.1664130592967388,47735863.0,24965376.0,5122.0,178.0,4944.0,3,,0,0,0,0,0,0.783299091248687,12656.0,-7712.0,-7778.0,-66.0,50.0,False,False,PASS_SUBSET_GROSS_FLOWS
1842065,2022-09-30,32416956.0,8734.0,1304.0,5484110.0,,8027985.0,0.16029355819358887,50083017.0,25421924.0,8729.0,1268.0,7461.0,3,,0,0,0,0,0,0.7842168771182587,7430.0,31.0,-5.0,-36.0,50.0,False,False,PASS_SUBSET_GROSS_FLOWS
1842065,2022-12-31,32699997.0,246.0,4723.0,5666888.0,,8233700.0,0.16165452305868647,50933929.0,25516934.0,175.0,4587.0,-4412.0,3,,0,0,0,0,0,0.780334444679001,-4477.0,65.0,-71.0,-136.0,50.0,False,False,PASS_SUBSET_GROSS_FLOWS
1842065,2023-03-31,33910787.0,22975.0,2001.0,5862470.0,,8477260.0,0.16256854800286052,52145757.0,25834527.0,22944.0,1953.0,20991.0,3,,0,0,0,0,0,0.7618380251688054,20974.0,17.0,-31.0,-48.0,50.0,False,False,PASS_SUBSET_GROSS_FLOWS
1842065,2023-06-30,34114681.0,18026.0,774.0,6106646.0,,8676956.0,0.16857130673343498,51473505.0,26002304.0,10934.0,706.0,10228.0,3,,0,0,0,0,0,0.7622027595685271,17252.0,-7024.0,-7092.0,-68.0,50.0,False,False,PASS_SUBSET_GROSS_FLOWS
1842065,2023-09-30,33734544.0,3632.0,1174.0,6347241.0,,8916566.0,0.1703500716299889,52342602.0,26018982.0,3591.0,1044.0,2547.0,3,,0,0,0,0,0,0.7712860147153612,2458.0,89.0,-41.0,-130.0,50.0,False,False,PASS_SUBSET_GROSS_FLOWS
1842065,2023-12-31,33335337.0,12270.0,2992.0,6525556.0,,9182824.0,0.16742509274557946,54847358.0,25893295.0,12230.0,2913.0,9317.0,3,,0,0,0,0,0,0.7767521594276968,9278.0,39.0,-40.0,-79.0,50.0,False,False,PASS_SUBSET_GROSS_FLOWS
1842065,2024-03-31,34167074.0,25120.0,1112.0,6758873.0,,9401596.0,0.1707875179732431,55048496.0,26341667.0,25048.0,1028.0,24020.0,3,,0,0,0,0,0,0.7709664280880476,24008.0,12.0,-72.0,-84.0,50.0,False,False,PASS_SUBSET_GROSS_FLOWS
1842065,2024-06-30,35097524.0,20091.0,1582.0,6984931.0,,9645486.0,0.17262933299046646,55873969.0,26548677.0,17937.0,1537.0,16400.0,3,,0,0,0,0,0,0.7564259233785267,18509.0,-2109.0,-2154.0,-45.0,50.0,False,False,PASS_SUBSET_GROSS_FLOWS
1842065,2024-09-30,35460253.0,34045.0,4634.0,7204111.0,,9973150.0,0.16931747899522037,58902070.0,27578353.0,27952.0,4569.0,23383.0,3,,0,0,0,0,0,0.777725782159535,29411.0,-6028.0,-6093.0,-65.0,50.0,False,False,PASS_SUBSET_GROSS_FLOWS
1842065,2024-12-31,36236928.0,31209.0,1776.0,7400262.0,,10123161.0,0.1645586303906948,61517047.0,28544727.0,29595.0,1737.0,27858.0,3,,0,0,0,0,0,0.7877248038244301,29433.0,-1575.0,-1614.0,-39.0,50.0,False,False,PASS_SUBSET_GROSS_FLOWS
1842065,2025-03-31,37011281.0,13739.0,3223.0,7595947.0,,10381141.0,0.1693407935142101,61303250.0,29109260.0,13564.0,2869.0,10695.0,3,,0,0,0,0,0,0.7864969602105909,10516.0,179.0,-175.0,-354.0,50.0,False,False,PASS_SUBSET_GROSS_FLOWS
1842065,2025-06-30,37791579.0,34094.0,1867.0,7862954.0,,10685061.0,0.177034206690473,60355912.0,29653029.0,23069.0,1801.0,21268.0,3,,0,0,0,0,0,0.7846464684632521,32227.0,-10959.0,-11025.0,-66.0,50.0,False,False,PASS_SUBSET_GROSS_FLOWS
1842065,2025-09-30,37997585.0,27734.0,15637.0,8082297.0,,10928925.0,0.1777434005539992,61487093.0,30093929.0,24571.0,15602.0,8969.0,3,,0,0,0,0,0,0.7919958334194134,12097.0,-3128.0,-3163.0,-35.0,50.0,False,False,PASS_SUBSET_GROSS_FLOWS
1842065,2025-12-31,39746236.0,78506.0,2558.0,8311267.0,,11175461.0,0.17467566762818984,63978350.0,31412050.0,66471.0,2452.0,64019.0,3,,0,0,0,0,0,0.7903150879494601,75948.0,-11929.0,-12035.0,-106.0,50.0,False,False,PASS_SUBSET_GROSS_FLOWS
1929247,2005-03-31,69471.0,0.0,1.0,12432.0,0.1811,11898.0,0.0672127443226754,177020.0,40552.0,0.0,0.0,0.0,3,,0,0,0,0,0,0.5837255833369319,-1.0,1.0,0.0,-1.0,50.0,False,False,PASS_SUBSET_GROSS_FLOWS
1929247,2005-06-30,72499.0,3.0,5.0,12807.0,0.1717,12427.0,0.06946222254517812,178903.0,41263.0,0.0,0.0,0.0,3,,0,0,0,0,0,0.569152677967972,-2.0,2.0,-3.0,-5.0,50.0,False,False,PASS_SUBSET_GROSS_FLOWS
1929247,2005-09-30,74953.0,0.0,0.0,13246.0,0.1731,12858.0,0.07343903497749651,175084.0,39998.0,0.0,0.0,0.0,3,,0,0,0,0,0,0.5336410817445599,0.0,0.0,0.0,0.0,50.0,False,False,PASS_SUBSET_GROSS_FLOWS
1929247,2005-12-31,76604.0,58.0,0.0,13688.0,0.1734,13167.0,0.07606805511424362,173095.0,39874.0,58.0,0.0,58.0,3,,0,0,0,0,0,0.5205211216124485,58.0,0.0,0.0,0.0,50.0,False,False,PASS_SUBSET_GROSS_FLOWS
1929247,2006-03-31,199966.0,10.0,3.0,26994.0,0.1158,31135.0,0.07860011764141583,396119.0,109489.0,10.0,0.0,10.0,3,,0,0,0,0,0,0.5475380814738505,7.0,3.0,0.0,-3.0,50.0,False,False,PASS_SUBSET_GROSS_FLOWS
1929247,2006-06-30,211181.0,1.0,23.0,27896.0,0.1175,31522.0,0.08224639477330188,383263.0,114943.0,-10.0,19.0,-29.0,3,,0,0,1,0,1,0.5442866545759325,-22.0,-7.0,-11.0,-4.0,50.0,False,False,PASS_SUBSET_GROSS_FLOWS
1929247,2006-09-30,220701.0,37.0,-9.0,28842.0,0.1171,33416.0,0.08587648445069221,389117.0,127376.0,0.0,-13.0,13.0,3,,0,1,0,1,1,0.577142831251331,46.0,-33.0,-37.0,-4.0,50.0,False,False,PASS_SUBSET_GROSS_FLOWS
1929247,2006-12-31,236215.0,21.0,8.0,29767.0,0.1134,34582.0,0.08089243191908417,427506.0,138236.0,15.0,7.0,8.0,3,,0,0,0,0,0,0.5852126240924581,13.0,-5.0,-6.0,-1.0,50.0,False,False,PASS_SUBSET_GROSS_FLOWS
1929247,2007-03-31,246145.0,15.0,7.0,30663.0,0.1128,35708.0,0.07923999902359137,450631.0,147577.0,0.0,3.0,-3.0,3,,0,0,0,0,0,0.5995531089398525,8.0,-11.0,-15.0,-4.0,50.0,False,False,PASS_SUBSET_GROSS_FLOWS
1929247,2007-06-30,252453.0,46.0,10.0,31605.0,0.1153,35359.0,0.08542121144038828,413937.0,136027.0,0.0,2.0,-2.0,3,,0,0,0,0,0,0.5388210874895525,36.0,-38.0,-46.0,-8.0,50.0,False,False,PASS_SUBSET_GROSS_FLOWS
1929247,2007-09-30,261535.0,118.0,11.0,32378.0,0.1166,37227.0,0.08926246430292697,417051.0,145037.0,0.0,3.0,-3.0,3,,0,0,0,0,0,0.5545605750664347,107.0,-110.0,-118.0,-8.0,50.0,False,False,PASS_SUBSET_GROSS_FLOWS
1929247,2007-12-31,264216.0,367.0,12.0,33046.0,0.1191,38577.0,0.09471373750616865,407301.0,143452.0,281.0,3.0,278.0,3,,0,0,0,0,0,0.5429345686862265,355.0,-77.0,-86.0,-9.0,50.0,False,False,PASS_SUBSET_GROSS_FLOWS
1929247,2008-03-31,270644.0,48.0,118.0,33761.0,0.1201,39971.0,0.09784151881878353,408528.0,118579.0,0.0,78.0,-78.0,3,,0,0,0,0,0,0.43813644492395915,-70.0,-8.0,-48.0,-40.0,50.0,False,False,PASS_SUBSET_GROSS_FLOWS
1929247,2008-06-30,283059.0,447.0,8.0,34274.0,0.1167,39066.0,0.09114558422438995,428611.0,121672.0,230.0,3.0,227.0,3,,0,0,0,0,0,0.4298467810597791,439.0,-212.0,-217.0,-5.0,50.0,False,False,PASS_SUBSET_GROSS_FLOWS
1929247,2008-09-30,291158.0,411.0,18.0,35005.0,0.1158,39405.0,0.09190048952957118,428779.0,125467.0,302.0,3.0,299.0,3,,0,0,0,0,0,0.4309241030643156,393.0,-94.0,-109.0,-15.0,50.0,False,False,PASS_SUBSET_GROSS_FLOWS
1929247,2008-12-31,306534.0,453.0,6.0,41093.0,0.1264,47079.0,0.08979949186294033,524268.0,134264.0,233.0,3.0,230.0,3,,0,0,0,0,0,0.43800687688804507,447.0,-217.0,-220.0,-3.0,50.0,False,False,PASS_SUBSET_GROSS_FLOWS
1929247,2009-03-31,330517.0,245.0,13.0,56588.0,0.132,69537.0,0.0737924638025664,942332.0,227024.0,43.0,4.0,39.0,3,,0,0,0,0,0,0.6868754103419794,232.0,-193.0,-202.0,-9.0,50.0,False,False,PASS_SUBSET_GROSS_FLOWS
1929247,2009-06-30,346550.0,573.0,18.0,66897.0,0.1546,79452.0,0.09073187777713067,875679.0,242092.0,200.0,3.0,197.0,3,,0,0,0,0,0,0.6985774058577406,555.0,-358.0,-373.0,-15.0,50.0,False,False,PASS_SUBSET_GROSS_FLOWS
1929247,2009-09-30,364437.0,1146.0,13.0,68146.0,0.1553,84463.0,0.09101891005332058,927972.0,241238.0,238.0,5.0,233.0,3,,0,0,0,0,0,0.6619470580649056,1133.0,-900.0,-908.0,-8.0,50.0,False,False,PASS_SUBSET_GROSS_FLOWS
1929247,2009-12-31,384536.0,863.0,54.0,69347.0,0.1513,84380.0,0.09578741958590502,880909.0,266505.0,773.0,4.0,769.0,3,,0,0,0,0,0,0.6930560467680529,809.0,-40.0,-90.0,-50.0,50.0,False,False,PASS_SUBSET_GROSS_FLOWS
1929247,2010-03-31,384208.0,639.0,15.0,70884.0,0.1536,86016.0,0.09567666413059438,899028.0,267082.0,382.0,3.0,379.0,3,,0,0,0,0,0,0.6951495023528922,624.0,-245.0,-257.0,-12.0,50.0,False,False,PASS_SUBSET_GROSS_FLOWS
1929247,2010-06-30,386916.0,1036.0,26.0,72495.0,0.1457,88718.0,0.09397645239368886,944045.0,267931.0,860.0,14.0,846.0,3,,0,0,0,0,0,0.6924784707791872,1010.0,-164.0,-176.0,-12.0,50.0,False,False,PASS_SUBSET_GROSS_FLOWS
1929247,2010-09-30,601834.0,799.0,26.0,87895.0,0.1648,110909.0,0.08960113361684527,1237808.0,445800.0,640.0,20.0,620.0,3,,0,0,1,0,1,0.7407358175177873,773.0,-153.0,-159.0,-6.0,50.0,False,False,PASS_SUBSET_GROSS_FLOWS
1929247,2010-12-31,989416.0,9932.0,320.0,146201.0,0.1488,174658.0,0.0950068865278627,1838372.0,756238.0,8692.0,209.0,8483.0,3,,0,0,0,0,0,0.7643276437817864,9612.0,-1129.0,-1240.0,-111.0,50.0,False,False,PASS_SUBSET_GROSS_FLOWS
1929247,2011-03-31,1077477.0,8486.0,96.0,148170.0,0.1362,177802.0,0.08903481933345819,1996994.0,843612.0,7695.0,70.0,7625.0,3,,0,0,0,0,0,0.7829512834148664,8390.0,-765.0,-791.0,-26.0,50.0,False,False,PASS_SUBSET_GROSS_FLOWS
1929247,2011-06-30,1057864.0,6443.0,118.0,150291.0,0.1425,178132.0,0.0923508265495406,1928862.0,830765.0,5418.0,32.0,5386.0,3,,0,0,0,0,0,0.7853230661030152,6325.0,-939.0,-1025.0,-86.0,50.0,False,False,PASS_SUBSET_GROSS_FLOWS
1929247,2011-09-30,1033701.0,4122.0,579.0,149811.0,0.142,179216.0,0.09317904012320165,1923351.0,817123.0,3163.0,420.0,2743.0,3,,0,0,0,0,0,0.7904829346203592,3543.0,-800.0,-959.0,-159.0,50.0,False,False,PASS_SUBSET_GROSS_FLOWS
1929247,2011-12-31,1177793.0,8294.0,457.0,169365.0,0.1465,198509.0,0.0953184211183393,2082588.0,951259.0,7364.0,352.0,7012.0,3,,0,0,0,0,0,0.8076622971948382,7837.0,-825.0,-930.0,-105.0,50.0,False,False,PASS_SUBSET_GROSS_FLOWS
1929247,2012-03-31,1352570.0,4634.0,157.0,187214.0,0.1547,227959.0,0.09788735690524131,2328789.0,1105853.0,3447.0,79.0,3368.0,3,,0,0,0,0,0,0.8175939138085274,4477.0,-1109.0,-1187.0,-78.0,50.0,False,False,PASS_SUBSET_GROSS_FLOWS
1929247,2012-06-30,1454828.0,3272.0,594.0,214252.0,0.1592,276655.0,0.11388616282401294,2429224.0,1207925.0,2307.0,525.0,1782.0,3,,0,0,0,0,0,0.8302871542202928,2678.0,-896.0,-965.0,-69.0,50.0,False,False,PASS_SUBSET_GROSS_FLOWS
1929247,2012-09-30,1443466.0,2244.0,977.0,208027.0,0.1503,272093.0,0.11479855099490419,2370178.0,1205066.0,1346.0,786.0,560.0,3,,0,0,1,0,1,0.8348419706456542,1267.0,-707.0,-898.0,-191.0,50.0,False,False,PASS_SUBSET_GROSS_FLOWS
1929247,2012-12-31,1436409.0,2122.0,294.0,213161.0,0.1539,272691.0,0.1157377559885761,2356111.0,1197701.0,1934.0,128.0,1806.0,3,,0,0,0,0,0,0.8338161345410673,1828.0,-22.0,-188.0,-166.0,50.0,False,False,PASS_SUBSET_GROSS_FLOWS
1929247,2013-03-31,1415866.0,1231.0,163.0,218444.0,0.1603,275837.0,0.1157151373104412,2383759.0,1181244.0,871.0,89.0,782.0,3,,0,0,0,0,0,0.8342908156562838,1068.0,-286.0,-360.0,-74.0,50.0,False,False,PASS_SUBSET_GROSS_FLOWS
1929247,2013-06-30,1436215.0,3040.0,310.0,222415.0,0.1584,272089.0,0.11584663856601524,2348700.0,1192896.0,2630.0,137.0,2493.0,3,,0,0,0,0,0,0.8305831647768614,2730.0,-237.0,-410.0,-173.0,50.0,False,False,PASS_SUBSET_GROSS_FLOWS
1929247,2013-09-30,1458775.0,1571.0,344.0,226565.0,0.1585,274335.0,0.11772210400019568,2330361.0,1213559.0,1203.0,237.0,966.0,3,,0,0,0,0,0,0.8319027951534678,1227.0,-261.0,-368.0,-107.0,50.0,False,False,PASS_SUBSET_GROSS_FLOWS
1929247,2013-12-31,1474076.0,1507.0,457.0,195434.0,0.1336,241990.0,0.10042191396308221,2409733.0,1196735.0,1062.0,365.0,697.0,3,,0,0,0,0,0,0.8118543412958354,1050.0,-353.0,-445.0,-92.0,50.0,False,False,PASS_SUBSET_GROSS_FLOWS
1929247,2014-03-31,1816376.0,1142.0,842.0,,,323288.0,0.10777926467342637,2999538.0,1509314.0,829.0,693.0,136.0,3,,0,0,0,0,0,0.8309479975511678,300.0,-164.0,-313.0,-149.0,50.0,False,False,PASS_SUBSET_GROSS_FLOWS
1929247,2014-06-30,2397511.0,733.0,101.0,,,426703.0,0.10973113104561692,3888623.0,2040375.0,297.0,20.0,277.0,3,,0,0,0,1,1,0.8510388482054931,632.0,-355.0,-436.0,-81.0,50.0,False,False,PASS_SUBSET_GROSS_FLOWS
1929247,2014-09-30,2436545.0,870.0,557.0,,,430490.0,0.11865668144971238,3628030.0,2085293.0,619.0,480.0,139.0,3,,0,0,0,0,0,0.855840134288511,313.0,-174.0,-251.0,-77.0,50.0,False,False,PASS_SUBSET_GROSS_FLOWS
1929247,2014-12-31,2430673.0,606.0,644.0,,,441710.0,0.11729790204293426,3765711.0,2067296.0,413.0,547.0,-134.0,3,,0,0,0,0,0,0.8505035436687699,-38.0,-96.0,-193.0,-97.0,50.0,False,False,PASS_SUBSET_GROSS_FLOWS
1929247,2015-03-31,2465086.0,1026.0,467.0,351878.0,,453009.0,0.1167876154994969,3878913.0,2074702.0,597.0,377.0,220.0,3,,0,0,0,0,0,0.8416347340417333,559.0,-339.0,-429.0,-90.0,50.0,False,False,PASS_SUBSET_GROSS_FLOWS
1929247,2015-06-30,2532715.0,783.0,429.0,363654.0,,460552.0,0.11921784322643422,3863113.0,2117030.0,609.0,384.0,225.0,3,,0,0,0,0,0,0.8358737560286096,354.0,-129.0,-174.0,-45.0,50.0,False,False,PASS_SUBSET_GROSS_FLOWS
1929247,2015-09-30,2564342.0,942.0,657.0,375259.0,,473389.0,0.12063644722249404,3924096.0,2088757.0,517.0,481.0,36.0,3,,0,0,0,0,0,0.8145391683324611,285.0,-249.0,-425.0,-176.0,50.0,False,False,PASS_SUBSET_GROSS_FLOWS
1929247,2015-12-31,2595210.0,1266.0,338.0,389371.0,,484993.0,0.12080634040679196,4014632.0,2104509.0,963.0,287.0,676.0,3,,0,0,0,0,0,0.8109205035430659,928.0,-252.0,-303.0,-51.0,50.0,False,False,PASS_SUBSET_GROSS_FLOWS
1929247,2016-03-31,3150313.0,495.0,844.0,369693.0,,510123.0,0.10283019229245757,4960829.0,2511936.0,340.0,752.0,-412.0,3,,0,0,0,0,0,0.797360770183788,-349.0,-63.0,-155.0,-92.0,50.0,False,False,PASS_SUBSET_GROSS_FLOWS
1929247,2016-06-30,3199205.0,327.0,465.0,387935.0,,530654.0,0.10642241871175395,4986299.0,2579802.0,108.0,357.0,-249.0,3,,0,0,0,0,0,0.8063884621335613,-138.0,-111.0,-219.0,-108.0,50.0,False,False,PASS_SUBSET_GROSS_FLOWS
1929247,2016-09-30,3296725.0,886.0,938.0,405999.0,,547773.0,0.10943483451710448,5005472.0,2638522.0,630.0,772.0,-142.0,3,,0,0,0,0,0,0.8003464043861711,-52.0,-90.0,-256.0,-166.0,50.0,False,False,PASS_SUBSET_GROSS_FLOWS
1929247,2016-12-31,3431943.0,1105.0,381.0,424118.0,,548653.0,0.10821460002532521,5070046.0,2689695.0,768.0,236.0,532.0,3,,0,0,0,0,0,0.7837236807254666,724.0,-192.0,-337.0,-145.0,50.0,False,False,PASS_SUBSET_GROSS_FLOWS
1929247,2017-03-31,3522557.0,902.0,686.0,439402.0,,569132.0,0.10696952507900565,5320506.0,2752640.0,628.0,560.0,68.0,3,,0,0,0,0,0,0.7814323515559862,216.0,-148.0,-274.0,-126.0,50.0,False,False,PASS_SUBSET_GROSS_FLOWS
1929247,2017-06-30,4655408.0,347.0,761.0,591325.0,,891234.0,0.13189401879299675,6757198.0,3706543.0,59.0,695.0,-636.0,3,,0,0,0,0,0,0.7961800555397078,-414.0,-222.0,-288.0,-66.0,50.0,False,False,PASS_SUBSET_GROSS_FLOWS
1929247,2017-09-30,4693727.0,473.0,1071.0,616629.0,,914169.0,0.1341347355891975,6815304.0,3743717.0,220.0,991.0,-771.0,3,,0,0,0,0,0,0.7976000734597475,-598.0,-173.0,-253.0,-80.0,50.0,False,False,PASS_SUBSET_GROSS_FLOWS
1929247,2017-12-31,4792788.0,277.0,307.0,621199.0,,903882.0,0.12776674436388874,7074470.0,3787850.0,3.0,206.0,-203.0,3,,0,0,0,0,0,0.7903228767890422,-30.0,-173.0,-274.0,-101.0,50.0,False,False,PASS_SUBSET_GROSS_FLOWS
1929247,2018-03-31,6905770.0,403.0,707.0,892990.0,,1550529.0,0.14968293490067727,10358756.0,5534710.0,135.0,524.0,-389.0,3,,0,0,0,0,0,0.8014616762504398,-304.0,-85.0,-268.0,-183.0,50.0,False,False,PASS_SUBSET_GROSS_FLOWS
1929247,2018-06-30,7076107.0,590.0,711.0,935503.0,,1579111.0,0.15005398808147655,10523619.0,5576891.0,222.0,438.0,-216.0,3,,0,0,0,0,0,0.7881298290147393,-121.0,-95.0,-368.0,-273.0,50.0,False,False,PASS_SUBSET_GROSS_FLOWS
1929247,2018-09-30,8262571.0,1177.0,555.0,1099070.0,,1949920.0,0.15902995252231036,12261338.0,6477782.0,432.0,412.0,20.0,3,,0,0,0,0,0,0.7839910846151882,622.0,-602.0,-745.0,-143.0,50.0,False,False,PASS_SUBSET_GROSS_FLOWS
1929247,2018-12-31,8380828.0,1675.0,533.0,1137315.0,,1999963.0,0.1622442921807675,12326862.0,6564632.0,996.0,317.0,679.0,3,,0,0,0,0,0,0.7832915793045747,1142.0,-463.0,-679.0,-216.0,50.0,False,False,PASS_SUBSET_GROSS_FLOWS
1929247,2019-03-31,8398796.0,1448.0,677.0,1179282.0,,2058903.0,0.16363395767252115,12582370.0,6561545.0,697.0,513.0,184.0,3,,0,0,0,0,0,0.7812482884451534,771.0,-587.0,-751.0,-164.0,50.0,False,False,PASS_SUBSET_GROSS_FLOWS
1929247,2019-06-30,11807799.0,3324.0,1133.0,1592956.0,,2932979.0,0.17229026388560503,17023475.0,9222107.0,1835.0,884.0,951.0,3,,0,0,0,0,0,0.7810182913852107,2191.0,-1240.0,-1489.0,-249.0,50.0,False,False,PASS_SUBSET_GROSS_FLOWS
1929247,2019-09-30,12041520.0,3960.0,1607.0,1590774.0,,2931831.0,0.16840798807657859,17409097.0,9373138.0,3149.0,1408.0,1741.0,3,,0,0,0,0,0,0.7784015639221626,2353.0,-612.0,-811.0,-199.0,50.0,False,False,PASS_SUBSET_GROSS_FLOWS
1929247,2019-12-31,12126675.0,5325.0,940.0,1630026.0,,2967040.0,0.17314407604604717,17136249.0,9519027.0,4134.0,806.0,3328.0,3,,0,0,0,0,0,0.7849659531569866,4385.0,-1057.0,-1191.0,-134.0,50.0,False,False,PASS_SUBSET_GROSS_FLOWS
1929247,2020-03-31,12215482.0,3607.0,2163.0,1651933.0,,2961145.0,0.15928015350821162,18590797.0,9639417.0,2490.0,1851.0,639.0,3,,0,0,0,0,0,0.7891147479894776,1444.0,-805.0,-1117.0,-312.0,50.0,False,False,PASS_SUBSET_GROSS_FLOWS
1929247,2020-06-30,26102357.0,2047.0,2076.0,2903011.0,,4567009.0,0.1210712047327269,37721678.0,20707598.0,-507.0,838.0,-1345.0,3,,0,0,1,1,1,0.7933229171603162,-29.0,-1316.0,-2554.0,-1238.0,50.0,False,False,PASS_SUBSET_GROSS_FLOWS
1929247,2020-09-30,25693893.0,4642.0,4048.0,3052492.0,,4675865.0,0.12397481849201968,37716248.0,20480808.0,2884.0,2958.0,-74.0,3,,0,0,0,0,0,0.7971080131765163,594.0,-668.0,-1758.0,-1090.0,50.0,False,False,PASS_SUBSET_GROSS_FLOWS
1929247,2020-12-31,24954541.0,4305.0,3489.0,3157098.0,,4794803.0,0.12728440427761128,37669996.0,19679697.0,2370.0,2759.0,-389.0,3,,0,0,0,0,0,0.7886218784789509,816.0,-1205.0,-1935.0,-730.0,50.0,False,False,PASS_SUBSET_GROSS_FLOWS
1929247,2021-03-31,24844403.0,3374.0,3395.0,3275890.0,,4898851.0,0.12368098948204971,39608763.0,19578400.0,1056.0,2439.0,-1383.0,3,,0,0,0,0,0,0.7880406705687394,-21.0,-1362.0,-2318.0,-956.0,50.0,False,False,PASS_SUBSET_GROSS_FLOWS
1929247,2021-06-30,24204465.0,5663.0,3548.0,3308072.0,,4962733.0,0.12325887472526359,40262683.0,18882309.0,3659.0,2197.0,1462.0,3,,0,0,0,0,0,0.780116767712073,2115.0,-653.0,-2004.0,-1351.0,50.0,False,False,PASS_SUBSET_GROSS_FLOWS
1929247,2021-09-30,24031762.0,3847.0,3787.0,3311733.0,,4940904.0,0.12113889544188704,40787098.0,18609191.0,1231.0,2436.0,-1205.0,3,,0,0,0,0,0,0.7743581598386335,60.0,-1265.0,-2616.0,-1351.0,50.0,False,False,PASS_SUBSET_GROSS_FLOWS
1929247,2021-12-31,24119889.0,4016.0,3056.0,3431069.0,,5032364.0,0.12032743624093482,41822249.0,18736995.0,1042.0,2125.0,-1083.0,3,,0,0,0,0,0,0.7768275799279176,960.0,-2043.0,-2974.0,-931.0,50.0,False,False,PASS_SUBSET_GROSS_FLOWS
1929247,2022-03-31,26686803.0,5490.0,3168.0,3773163.0,,5474622.0,0.11886545672455832,46057300.0,20797180.0,2611.0,2343.0,268.0,3,,0,0,0,0,0,0.7793057864593222,2322.0,-2054.0,-2879.0,-825.0,50.0,False,False,PASS_SUBSET_GROSS_FLOWS
1929247,2022-06-30,28009146.0,6163.0,3824.0,3846512.0,,5337559.0,0.11666254008229214,45752124.0,21717639.0,3836.0,2439.0,1397.0,3,,0,0,0,0,0,0.7753766930273418,2339.0,-942.0,-2327.0,-1385.0,50.0,False,False,PASS_SUBSET_GROSS_FLOWS
1929247,2022-09-30,28870780.0,7127.0,8389.0,3956892.0,,5211249.0,0.1173535730012214,44406394.0,22444465.0,4360.0,4454.0,-94.0,3,,0,0,0,0,0,0.7774111056230556,-1262.0,1168.0,-2767.0,-3935.0,50.0,False,False,PASS_SUBSET_GROSS_FLOWS
1929247,2022-12-31,30206830.0,4666.0,3794.0,4074045.0,,5360866.0,0.12211504814359758,43900126.0,23104643.0,1939.0,2946.0,-1007.0,3,,0,0,0,0,0,0.7648814192022135,872.0,-1879.0,-2727.0,-848.0,50.0,False,False,PASS_SUBSET_GROSS_FLOWS
1929247,2023-03-31,30723431.0,4627.0,3589.0,4165577.0,,5523427.0,0.12300924110368196,44902537.0,23754307.0,1860.0,2682.0,-822.0,3,,0,0,0,0,0,0.773165829037779,1038.0,-1860.0,-2767.0,-907.0,50.0,False,False,PASS_SUBSET_GROSS_FLOWS
1929247,2023-06-30,31579736.0,7578.0,4268.0,4263577.0,,5565114.0,0.12386627950844992,44928402.0,24510094.0,4561.0,3185.0,1376.0,3,,0,0,0,0,0,0.776133594023712,3310.0,-1934.0,-3017.0,-1083.0,50.0,False,False,PASS_SUBSET_GROSS_FLOWS
1929247,2023-09-30,32044116.0,17970.0,4773.0,4360670.0,,5502234.0,0.12233735521221571,44975911.0,25002567.0,14753.0,3645.0,11108.0,3,,0,0,0,0,0,0.7802545403343316,13197.0,-2089.0,-3217.0,-1128.0,50.0,False,False,PASS_SUBSET_GROSS_FLOWS
1929247,2023-12-31,32439377.0,10473.0,3152.0,4424466.0,,5798377.0,0.12917761781260906,44886855.0,25097415.0,6819.0,2211.0,4608.0,3,,0,0,0,0,0,0.7736713007774472,7321.0,-2713.0,-3654.0,-941.0,50.0,False,False,PASS_SUBSET_GROSS_FLOWS
1929247,2024-03-31,32723863.0,7940.0,5261.0,4447787.0,,5791273.0,0.1283310287207081,45127613.0,25907192.0,4970.0,3736.0,1234.0,3,,0,0,0,0,0,0.791691127664237,2679.0,-1445.0,-2970.0,-1525.0,50.0,False,False,PASS_SUBSET_GROSS_FLOWS
1929247,2024-06-30,33334571.0,8590.0,4365.0,4595267.0,,5935328.0,0.13050068465648731,45481202.0,26218060.0,6141.0,3247.0,2894.0,3,,0,0,0,0,0,0.7865125967872812,4225.0,-1331.0,-2449.0,-1118.0,50.0,False,False,PASS_SUBSET_GROSS_FLOWS
1929247,2024-09-30,33835236.0,8603.0,2523.0,4702224.0,,6176507.0,0.1340634808800493,46071510.0,26931866.0,6355.0,1754.0,4601.0,3,,0,0,0,0,0,0.795970981257527,6080.0,-1479.0,-2248.0,-769.0,50.0,False,False,PASS_SUBSET_GROSS_FLOWS
1929247,2024-12-31,34182353.0,9937.0,4677.0,4817945.0,,6161046.0,0.13286785147559743,46369727.0,27406314.0,7725.0,3299.0,4426.0,3,,0,0,0,0,0,0.8017679180833455,5260.0,-834.0,-2212.0,-1378.0,50.0,False,False,PASS_SUBSET_GROSS_FLOWS
1929247,2025-03-31,47124650.0,46851.0,2982.0,6104593.0,,9248706.0,0.1420502547355814,65108690.0,38609308.0,36692.0,1762.0,34930.0,3,,0,0,0,0,0,0.8193017454771547,43869.0,-8939.0,-10159.0,-1220.0,50.0,False,False,PASS_SUBSET_GROSS_FLOWS
1929247,2025-06-30,47586232.0,29224.0,4718.0,6252052.0,,9383939.0,0.1424712222277807,65865505.0,39203544.0,26955.0,4073.0,22882.0,3,,0,0,1,0,1,0.8238421566977608,24506.0,-1624.0,-2269.0,-645.0,50.0,False,False,PASS_SUBSET_GROSS_FLOWS
1929247,2025-09-30,48014584.0,37562.0,5408.0,6421905.0,,9585598.0,0.1451749177442676,66027921.0,40123718.0,34506.0,4476.0,30030.0,3,,0,0,0,0,0,0.8356568912478759,32154.0,-2124.0,-3056.0,-932.0,50.0,False,False,PASS_SUBSET_GROSS_FLOWS
1929247,2025-12-31,48943870.0,14350.0,3890.0,6496379.0,,9669919.0,0.14394101352053582,67179734.0,41059637.0,11576.0,2785.0,8791.0,3,,0,0,0,0,0,0.8389127586355554,10460.0,-1669.0,-2774.0,-1105.0,50.0,False,False,PASS_SUBSET_GROSS_FLOWS
197478,2005-03-31,5389647.0,865.0,99.0,521085.0,0.0933,568732.0,0.08939160388623338,6362253.0,2673855.0,749.0,67.0,682.0,3,,0,0,0,0,0,0.49610948546351924,766.0,-84.0,-116.0,-32.0,50.0,False,False,PASS_SUBSET_GROSS_FLOWS
197478,2005-06-30,5608497.0,2647.0,243.0,545857.0,0.0924,594551.0,0.08879077192809536,6696090.0,2803636.0,2643.0,217.0,2426.0,3,,0,0,0,0,0,0.4998907907056026,2404.0,22.0,-4.0,-26.0,50.0,False,False,PASS_SUBSET_GROSS_FLOWS
197478,2005-09-30,6624047.0,1298.0,171.0,602200.0,0.0863,763614.0,0.09625132176128623,7933543.0,3339872.0,1252.0,120.0,1132.0,3,,0,0,0,0,0,0.5042041519331008,1127.0,5.0,-46.0,-51.0,50.0,False,False,PASS_SUBSET_GROSS_FLOWS
197478,2005-12-31,6793086.0,1632.0,1258.0,634959.0,0.0882,794149.0,0.09604168442923063,8268795.0,3466019.0,1596.0,1197.0,399.0,3,,0,0,0,0,0,0.510227457741592,374.0,25.0,-36.0,-61.0,50.0,False,False,PASS_SUBSET_GROSS_FLOWS
197478,2006-03-31,7652336.0,1.0,47.0,722189.0,0.0899,986723.0,0.10638019397249014,9275439.0,4212439.0,0.0,38.0,-38.0,3,,0,0,0,0,0,0.5504775273851018,-46.0,8.0,-1.0,-9.0,50.0,False,False,PASS_SUBSET_GROSS_FLOWS
197478,2006-06-30,7869385.0,354.0,50.0,779960.0,0.0934,1036814.0,0.1035441729076455,10013253.0,4321951.0,285.0,45.0,240.0,3,,0,0,0,0,0,0.5492107706002438,304.0,-64.0,-69.0,-5.0,50.0,False,False,PASS_SUBSET_GROSS_FLOWS
197478,2006-09-30,8443361.0,153.0,20.0,816362.0,0.0906,1074828.0,0.09947643882145518,10804850.0,4885979.0,148.0,6.0,142.0,3,,0,0,0,0,0,0.5786770221005593,133.0,9.0,-5.0,-14.0,50.0,False,False,PASS_SUBSET_GROSS_FLOWS
197478,2006-12-31,8261007.0,7.0,882.0,855829.0,0.0941,1110667.0,0.10265334478047179,10819589.0,4786051.0,6.0,876.0,-870.0,3,,0,0,0,1,1,0.5793544297928812,-875.0,5.0,-1.0,-6.0,50.0,False,False,PASS_SUBSET_GROSS_FLOWS
197478,2007-03-31,8022065.0,191.0,35.0,888324.0,0.093,1154170.0,0.10836504703561502,10650759.0,4654842.0,180.0,29.0,151.0,3,,0,0,0,0,0,0.5802548346342244,156.0,-5.0,-11.0,-6.0,50.0,False,False,PASS_SUBSET_GROSS_FLOWS
197478,2007-06-30,8027082.0,864.0,287.0,914517.0,0.093,1170094.0,0.10809923414611884,10824258.0,4606508.0,864.0,280.0,584.0,3,,0,0,0,0,0,0.5738708038612288,577.0,7.0,0.0,-7.0,50.0,False,False,PASS_SUBSET_GROSS_FLOWS
197478,2007-09-30,8551747.0,909.0,57.0,940359.0,0.0877,1298698.0,0.11168948778160531,11627755.0,4854403.0,909.0,9.0,900.0,3,,0,0,0,0,0,0.5676504461602991,852.0,48.0,0.0,-48.0,50.0,False,False,PASS_SUBSET_GROSS_FLOWS
197478,2007-12-31,8839899.0,5242.0,66.0,968285.0,0.0875,1302493.0,0.11007346185982642,11832943.0,5033073.0,5181.0,60.0,5121.0,3,,0,0,0,0,0,0.5693586544371152,5176.0,-55.0,-61.0,-6.0,50.0,False,False,PASS_SUBSET_GROSS_FLOWS
197478,2008-03-31,8844479.0,25583.0,200.0,968247.0,0.0859,1236967.0,0.10532533838477028,11744249.0,2886262.0,75.0,0.0,75.0,2,,0,0,0,0,0,0.32633488077703615,25383.0,-25308.0,-25508.0,-200.0,50.0,False,False,PASS_SUBSET_GROSS_FLOWS
197478,2008-06-30,8737434.0,35209.0,366.0,1141177.0,0.1086,1406530.0,0.11949675649476295,11770445.0,2732652.0,1069.0,2.0,1067.0,2,,0,0,0,0,0,0.312752233664941,34843.0,-33776.0,-34140.0,-364.0,50.0,False,False,PASS_SUBSET_GROSS_FLOWS
197478,2008-09-30,8534158.0,44355.0,4660.0,1114877.0,0.1093,1398379.0,0.11944817939158245,11706993.0,2682560.0,6430.0,172.0,6258.0,3,,0,0,0,0,0,0.3143321227472001,39695.0,-33437.0,-37925.0,-4488.0,50.0,False,False,PASS_SUBSET_GROSS_FLOWS
197478,2008-12-31,8248446.0,42304.0,801.0,1409758.0,0.1362,1685966.0,0.13584342013897563,12411098.0,2634675.0,14524.0,163.0,14361.0,3,,0,0,0,0,0,0.31941471157112505,41503.0,-27142.0,-27780.0,-638.0,50.0,False,False,PASS_SUBSET_GROSS_FLOWS
197478,2009-03-31,8062763.0,60140.0,571.0,1387909.0,0.1346,1670348.0,0.13304210351338783,12555033.0,6057206.0,25058.0,416.0,24642.0,3,,0,0,0,0,0,0.751256858225896,59569.0,-34927.0,-35082.0,-155.0,50.0,False,False,PASS_SUBSET_GROSS_FLOWS
197478,2009-06-30,8514188.0,137411.0,3536.0,1263442.0,0.1208,1613478.0,0.12696191688590552,12708362.0,6745489.0,30792.0,1692.0,29100.0,3,,0,0,0,0,0,0.7922645118947338,133875.0,-104775.0,-106619.0,-1844.0,50.0,False,False,PASS_SUBSET_GROSS_FLOWS
197478,2009-09-30,8388567.0,153884.0,2639.0,1188282.0,0.1188,1558045.0,0.1250919395185898,12455199.0,6843024.0,120819.0,2193.0,118626.0,3,,0,0,0,1,1,0.8157560164924474,151245.0,-32619.0,-33065.0,-446.0,50.0,False,False,PASS_SUBSET_GROSS_FLOWS
197478,2009-12-31,14095644.0,133821.0,3166.0,1762536.0,0.1567,2191818.0,0.10660824646293397,20559554.0,10956175.0,79930.0,1836.0,78094.0,3,,0,0,0,0,0,0.7772738159391653,130655.0,-52561.0,-53891.0,-1330.0,50.0,False,False,PASS_SUBSET_GROSS_FLOWS
197478,2010-03-31,13739453.0,66174.0,2245.0,1793445.0,0.1669,2219391.0,0.1097007511126313,20231320.0,10784982.0,52945.0,1913.0,51032.0,3,,0,0,0,0,0,0.7849644378127717,63929.0,-12897.0,-13229.0,-332.0,50.0,False,False,PASS_SUBSET_GROSS_FLOWS
197478,2010-06-30,13712662.0,63435.0,8218.0,1811880.0,0.1671,2257561.0,0.1134596726469062,19897475.0,10989797.0,60139.0,8005.0,52134.0,3,,0,0,0,0,0,0.8014342510593494,55217.0,-3083.0,-3296.0,-213.0,50.0,False,False,PASS_SUBSET_GROSS_FLOWS
197478,2010-09-30,13550016.0,48113.0,2968.0,1882186.0,0.1637,2307971.0,0.1131713547149137,20393597.0,10966593.0,44702.0,2930.0,41772.0,3,,0,0,1,1,1,0.8093417011463307,45145.0,-3373.0,-3411.0,-38.0,50.0,False,False,PASS_SUBSET_GROSS_FLOWS
197478,2010-12-31,13694827.0,46773.0,8377.0,1859103.0,0.1564,2263182.0,0.10938117273672884,20690782.0,11136867.0,45951.0,7508.0,38443.0,3,,0,0,0,0,0,0.8132170636401613,38396.0,47.0,-822.0,-869.0,50.0,False,False,PASS_SUBSET_GROSS_FLOWS
197478,2011-03-31,13779318.0,37535.0,3271.0,1855481.0,0.1557,2273006.0,0.10753887640764138,21136598.0,11473418.0,18464.0,1205.0,17259.0,2,,0,0,0,0,0,0.8326549978743505,34264.0,-17005.0,-19071.0,-2066.0,50.0,False,False,PASS_SUBSET_GROSS_FLOWS
197478,2011-06-30,14177530.0,35594.0,3923.0,1916668.0,0.1491,2330869.0,0.10661980132929567,21861502.0,12020186.0,24155.0,1632.0,22523.0,2,,0,0,0,0,0,0.8478335789097254,31671.0,-9148.0,-11439.0,-2291.0,50.0,False,False,PASS_SUBSET_GROSS_FLOWS
197478,2011-09-30,14339283.0,27577.0,3112.0,1987691.0,0.1445,2372961.0,0.10882684612094251,21804923.0,12442167.0,19699.0,2435.0,17264.0,2,,0,0,0,0,0,0.8676979874098307,24465.0,-7201.0,-7878.0,-677.0,50.0,False,False,PASS_SUBSET_GROSS_FLOWS
197478,2011-12-31,14962259.0,23986.0,2111.0,2061895.0,0.1469,2431675.0,0.11072002816452882,21962377.0,12688822.0,17189.0,331.0,16858.0,2,,0,0,0,0,0,0.8480552301627715,21875.0,-5017.0,-6797.0,-1780.0,50.0,False,False,PASS_SUBSET_GROSS_FLOWS
197478,2012-03-31,14497063.0,16788.0,6462.0,1887484.0,0.1404,2271443.0,0.10446570235712088,21743433.0,12704782.0,13738.0,3431.0,10307.0,2,,0,0,0,0,0,0.8763693721962855,10326.0,-19.0,-3050.0,-3031.0,50.0,False,False,PASS_SUBSET_GROSS_FLOWS
197478,2012-06-30,14386959.0,14815.0,3159.0,1891919.0,0.1452,2274000.0,0.10569059251010648,21515633.0,12715323.0,5393.0,1512.0,3881.0,2,,0,0,0,0,0,0.8838089411389857,11656.0,-7775.0,-9422.0,-1647.0,50.0,False,False,PASS_SUBSET_GROSS_FLOWS
197478,2012-09-30,14528634.0,20957.0,3845.0,1970097.0,0.1471,2364746.0,0.10846326816811548,21802275.0,12959528.0,6310.0,1098.0,5212.0,2,,0,0,0,0,0,0.8919990688732333,17112.0,-11900.0,-14647.0,-2747.0,50.0,False,False,PASS_SUBSET_GROSS_FLOWS
197478,2012-12-31,15104362.0,12352.0,2709.0,2046477.0,0.1433,2444842.0,0.10853784568596778,22525249.0,13455838.0,6586.0,2980.0,3606.0,2,source_filing_internal_recovery_difference,0,0,0,0,0,0.890857753541659,9643.0,-6037.0,-5766.0,271.0,50.0,False,False,EXPLAINED_SOURCE_FILING_INCONSISTENCY
197478,2013-03-31,15434069.0,3056.0,2368.0,1805659.0,0.1247,2203121.0,0.09541771520775233,23089224.0,13558512.0,1316.0,414.0,902.0,2,,0,0,0,0,0,0.8784794210781357,688.0,214.0,-1740.0,-1954.0,50.0,False,False,PASS_SUBSET_GROSS_FLOWS
197478,2013-06-30,16315325.0,6542.0,1243.0,1886250.0,0.1221,2253480.0,0.09671497909225481,23300217.0,14144407.0,1694.0,1332.0,362.0,2,,0,0,0,0,0,0.8669399475646363,5299.0,-4937.0,-4848.0,89.0,50.0,False,False,REVIEW_REQUIRED
197478,2013-09-30,17274590.0,2399.0,2041.0,1967071.0,0.1189,2328487.0,0.09514971954274594,24471822.0,14888894.0,1004.0,741.0,263.0,2,,0,0,0,0,0,0.8618956513584404,358.0,-95.0,-1395.0,-1300.0,50.0,False,False,PASS_SUBSET_GROSS_FLOWS
197478,2013-12-31,18142429.0,5130.0,6254.0,2041895.0,0.116,2395894.0,0.09730076705311996,24623588.0,15653069.0,2920.0,4310.0,-1390.0,2,,0,0,0,0,0,0.8627879431139017,-1124.0,-266.0,-2210.0,-1944.0,50.0,False,False,PASS_SUBSET_GROSS_FLOWS
197478,2014-03-31,20022199.0,6136.0,1924.0,,,2550268.0,0.09348775545410735,27279166.0,17050912.0,602.0,921.0,-319.0,2,,0,0,0,0,0,0.8516003661735656,4212.0,-4531.0,-5534.0,-1003.0,50.0,False,False,PASS_SUBSET_GROSS_FLOWS
197478,2014-06-30,20626026.0,8970.0,1011.0,,,2647379.0,0.09650921427154906,27431360.0,17481968.0,1479.0,612.0,867.0,2,,0,0,0,0,0,0.8475684070213041,7959.0,-7092.0,-7491.0,-399.0,50.0,False,False,PASS_SUBSET_GROSS_FLOWS
197478,2014-09-30,21324838.0,17718.0,3699.0,,,2724049.0,0.09608325287740181,28350924.0,18252069.0,1555.0,355.0,1200.0,2,,0,0,0,0,0,0.855906572420386,14019.0,-12819.0,-16163.0,-3344.0,50.0,False,False,PASS_SUBSET_GROSS_FLOWS
197478,2014-12-31,21878430.0,17794.0,8409.0,,,2835870.0,0.09888647194065368,28678038.0,18852148.0,1125.0,2460.0,-1335.0,2,,0,0,0,0,0,0.8616773689885426,9385.0,-10720.0,-16669.0,-5949.0,50.0,False,False,PASS_SUBSET_GROSS_FLOWS
197478,2015-03-31,21692603.0,8800.0,2825.0,2459445.0,,2953680.0,0.0990128648540835,29831275.0,18525906.0,1748.0,2263.0,-515.0,2,,0,0,0,0,0,0.85401950148629,5975.0,-6490.0,-7052.0,-562.0,50.0,False,False,PASS_SUBSET_GROSS_FLOWS
197478,2015-06-30,22212274.0,3192.0,7256.0,2565038.0,,3050570.0,0.10176459189198503,29976733.0,18952324.0,349.0,1360.0,-1011.0,2,,0,0,0,0,0,0.8532365484056248,-4064.0,3053.0,-2843.0,-5896.0,50.0,False,False,PASS_SUBSET_GROSS_FLOWS
197478,2015-09-30,23002813.0,7481.0,2604.0,2650325.0,,3140439.0,0.10096782781977627,31103363.0,19571802.0,171.0,1244.0,-1073.0,2,,0,0,0,0,0,0.8508438511411626,4877.0,-5950.0,-7310.0,-1360.0,50.0,False,False,PASS_SUBSET_GROSS_FLOWS
197478,2015-12-31,23675685.0,4781.0,8756.0,2754201.0,,3227424.0,0.10009446162363957,32243782.0,20040846.0,963.0,6889.0,-5926.0,2,,0,0,0,0,0,0.8464737556695825,-3975.0,-1951.0,-3818.0,-1867.0,50.0,False,False,PASS_SUBSET_GROSS_FLOWS
197478,2016-03-31,23788223.0,6054.0,896.0,2762511.0,,3252176.0,0.09840474926695153,33048974.0,20104498.0,193.0,194.0,-1.0,2,,0,0,0,0,0,0.8451450114621845,5158.0,-5159.0,-5861.0,-702.0,50.0,False,False,PASS_SUBSET_GROSS_FLOWS
197478,2016-06-30,24292518.0,2356.0,1938.0,2865172.0,,3358947.0,0.10210498880870324,32896992.0,20495674.0,139.0,438.0,-299.0,2,,0,0,0,0,0,0.8437031517276224,418.0,-717.0,-2217.0,-1500.0,50.0,False,False,PASS_SUBSET_GROSS_FLOWS
197478,2016-09-30,24784496.0,24047.0,1602.0,2981480.0,,3469135.0,0.10442947362489285,33219884.0,20640965.0,338.0,1289.0,-951.0,2,,0,0,0,0,0,0.8328176211450901,22445.0,-23396.0,-23709.0,-313.0,50.0,False,False,PASS_SUBSET_GROSS_FLOWS
197478,2016-12-31,25551215.0,16051.0,8465.0,3095245.0,,3546984.0,0.10206999575775962,34750506.0,21479150.0,77.0,1647.0,-1570.0,2,,0,0,0,0,0,0.8406312576525226,7586.0,-9156.0,-15974.0,-6818.0,50.0,False,False,PASS_SUBSET_GROSS_FLOWS
197478,2017-03-31,26520223.0,7209.0,1686.0,3180695.0,,3638189.0,0.10306796834918226,35298930.0,22518215.0,148.0,1171.0,-1023.0,2,,0,0,0,0,0,0.8490959898791198,5523.0,-6546.0,-7061.0,-515.0,50.0,False,False,PASS_SUBSET_GROSS_FLOWS
197478,2017-06-30,27252315.0,5391.0,7774.0,3265959.0,,3728599.0,0.10389899430060111,35886767.0,23431550.0,221.0,885.0,-664.0,2,,0,0,0,0,0,0.859800350905969,-2383.0,1719.0,-5170.0,-6889.0,50.0,False,False,PASS_SUBSET_GROSS_FLOWS
197478,2017-09-30,28545536.0,7424.0,3383.0,3280193.0,,3743864.0,0.10312725194481401,36303343.0,24644673.0,0.0,1418.0,-1418.0,2,,0,0,0,0,0,0.863345953637024,4041.0,-5459.0,-7424.0,-1965.0,50.0,False,False,PASS_SUBSET_GROSS_FLOWS
197478,2017-12-31,29103936.0,18951.0,2978.0,3378815.0,,3830696.0,0.10319744026330986,37120068.0,25169170.0,684.0,802.0,-118.0,2,,0,0,0,0,0,0.864802959984519,15973.0,-16091.0,-18267.0,-2176.0,50.0,False,False,PASS_SUBSET_GROSS_FLOWS
197478,2018-03-31,29651429.0,18463.0,8659.0,3575565.0,,3999171.0,0.10617620120397973,37665418.0,25770487.0,1.0,1379.0,-1378.0,2,,0,0,0,0,0,0.8691145037225694,9804.0,-11182.0,-18462.0,-7280.0,50.0,False,False,PASS_SUBSET_GROSS_FLOWS
197478,2018-06-30,30295037.0,13696.0,3101.0,3681061.0,,4094852.0,0.10762782126501928,38046408.0,26691608.0,0.0,1950.0,-1950.0,2,,0,0,0,0,0,0.8810554679302752,10595.0,-12545.0,-13696.0,-1151.0,50.0,False,False,PASS_SUBSET_GROSS_FLOWS
197478,2018-09-30,31213299.0,4468.0,809.0,3828365.0,,4227546.0,0.1082636716578728,39048611.0,27301744.0,567.0,397.0,170.0,2,,0,0,0,0,0,0.8746830637799612,3659.0,-3489.0,-3901.0,-412.0,50.0,False,False,PASS_SUBSET_GROSS_FLOWS
197478,2018-12-31,32455464.0,22806.0,6794.0,3944728.0,,4401860.0,0.10731683983739494,41017421.0,28377920.0,0.0,5548.0,-5548.0,2,,0,0,0,0,0,0.8743649451445218,16012.0,-21560.0,-22806.0,-1246.0,50.0,False,False,PASS_SUBSET_GROSS_FLOWS
197478,2019-03-31,32863286.0,17258.0,2821.0,4103614.0,,4581897.0,0.10890788864286477,42071305.0,29000813.0,79.0,833.0,-754.0,2,,0,0,0,0,0,0.8824684482251713,14437.0,-15191.0,-17179.0,-1988.0,50.0,False,False,PASS_SUBSET_GROSS_FLOWS
197478,2019-06-30,33734256.0,11759.0,4121.0,4236648.0,,4716778.0,0.11001287166864494,42874783.0,29671150.0,-1.0,3027.0,-3028.0,2,,0,0,1,0,1,0.8795554880475206,7638.0,-10666.0,-11760.0,-1094.0,50.0,False,False,PASS_SUBSET_GROSS_FLOWS
197478,2019-09-30,34025270.0,26142.0,3679.0,4366350.0,,4859610.0,0.11237784779011924,43243487.0,30099538.0,1032.0,3024.0,-1992.0,2,,0,0,0,0,0,0.8846230463417336,22463.0,-24455.0,-25110.0,-655.0,50.0,False,False,PASS_SUBSET_GROSS_FLOWS
197478,2019-12-31,34778973.0,19908.0,11643.0,4516792.0,,4987666.0,0.11289036500184252,44181503.0,31174708.0,0.0,3049.0,-3049.0,2,,0,0,0,0,0,0.896366548833975,8265.0,-11314.0,-19908.0,-8594.0,50.0,False,False,PASS_SUBSET_GROSS_FLOWS
197478,2020-03-31,35894986.0,12957.0,12059.0,4478027.0,,4859473.0,0.10578034744993826,45939280.0,32273515.0,954.0,10779.0,-9825.0,2,,0,0,0,0,0,0.8991092794965848,898.0,-10723.0,-12003.0,-1280.0,50.0,False,False,PASS_SUBSET_GROSS_FLOWS
197478,2020-06-30,37233287.0,20949.0,1709.0,4308669.0,,4685071.0,0.0948195146492311,49410409.0,33732400.0,541.0,993.0,-452.0,2,,0,0,0,0,0,0.9059742697441674,19240.0,-19692.0,-20408.0,-716.0,50.0,False,False,PASS_SUBSET_GROSS_FLOWS
197478,2020-09-30,37441277.0,26649.0,2441.0,4481680.0,,4865520.0,0.09654531889677698,50396229.0,33522626.0,1414.0,1279.0,135.0,2,,0,0,0,0,0,0.8953387460582608,24208.0,-24073.0,-25235.0,-1162.0,50.0,False,False,PASS_SUBSET_GROSS_FLOWS
197478,2020-12-31,38692743.0,21282.0,2463.0,4662426.0,,5048896.0,0.09667421592513137,52225880.0,34166085.0,12518.0,473.0,12045.0,2,,0,0,0,0,0,0.8830101551601033,18819.0,-6774.0,-8764.0,-1990.0,50.0,False,False,PASS_SUBSET_GROSS_FLOWS
197478,2021-03-31,40438786.0,15899.0,2493.0,4822691.0,,5078984.0,0.08932614930043194,56858871.0,34890014.0,7417.0,1866.0,5551.0,2,,0,0,0,0,0,0.8627858907534959,13406.0,-7855.0,-8482.0,-627.0,50.0,False,False,PASS_SUBSET_GROSS_FLOWS
197478,2021-06-30,41062502.0,15060.0,1785.0,5003608.0,,5339488.0,0.08923110572419958,59838864.0,35006390.0,4456.0,126.0,4330.0,2,,0,0,0,1,1,0.8525147834391582,13275.0,-8945.0,-10604.0,-1659.0,50.0,False,False,PASS_SUBSET_GROSS_FLOWS
197478,2021-09-30,41742847.0,18979.0,5465.0,5181867.0,,5482004.0,0.08995452672360468,60941947.0,35252155.0,17815.0,1240.0,16575.0,2,,0,0,0,0,0,0.8445076829570345,13514.0,3061.0,-1164.0,-4225.0,50.0,False,False,PASS_SUBSET_GROSS_FLOWS
197478,2021-12-31,42712919.0,16654.0,6871.0,5349264.0,,5626975.0,0.09247344490881136,60849631.0,35967517.0,2872.0,1259.0,1613.0,2,,0,0,0,0,0,0.8420758365870523,9783.0,-8170.0,-13782.0,-5612.0,50.0,False,False,PASS_SUBSET_GROSS_FLOWS
197478,2022-03-31,44113135.0,11633.0,3369.0,5510955.0,,5512135.0,0.08858462686166592,62224510.0,37278487.0,399.0,307.0,92.0,2,,0,0,0,0,0,0.845065466328793,8264.0,-8172.0,-11234.0,-3062.0,50.0,False,False,PASS_SUBSET_GROSS_FLOWS
197478,2022-06-30,46820334.0,1146.0,7730.0,5711832.0,,5517129.0,0.08844478791277056,62379357.0,40306758.0,679.0,1208.0,-529.0,2,,0,0,0,0,0,0.8608814708583667,-6584.0,6055.0,-467.0,-6522.0,50.0,False,False,PASS_SUBSET_GROSS_FLOWS
197478,2022-09-30,47464741.0,13905.0,7264.0,5954432.0,,5567987.0,0.08901007694577834,62554569.0,41027586.0,7001.0,85.0,6916.0,2,,0,0,0,0,0,0.8643802775622436,6641.0,275.0,-6904.0,-7179.0,50.0,False,False,PASS_SUBSET_GROSS_FLOWS
197478,2022-12-31,48260266.0,11236.0,1098.0,6252421.0,,5889775.0,0.09190152056016195,64087895.0,41214221.0,10804.0,872.0,9932.0,2,,0,0,0,0,0,0.8539990434366855,10138.0,-206.0,-432.0,-226.0,50.0,False,False,PASS_SUBSET_GROSS_FLOWS
197478,2023-03-31,48944198.0,2037.0,1428.0,6447212.0,,6195415.0,0.09216769308366403,67218944.0,42261425.0,6.0,208.0,-202.0,2,,0,0,0,0,0,0.8634613851472241,609.0,-811.0,-2031.0,-1220.0,50.0,False,False,PASS_SUBSET_GROSS_FLOWS
197478,2023-06-30,49831194.0,9755.0,2218.0,6685571.0,,6338759.0,0.09252483318476833,68508732.0,43115974.0,2381.0,140.0,2241.0,2,,0,0,0,0,0,0.8652406362167441,7537.0,-5296.0,-7374.0,-2078.0,50.0,False,False,PASS_SUBSET_GROSS_FLOWS
197478,2023-09-30,50911946.0,21007.0,2861.0,6813681.0,,6369382.0,0.09345527872616048,68154331.0,44214952.0,13878.0,573.0,13305.0,2,,0,0,1,0,1,0.8684592806568423,18146.0,-4841.0,-7129.0,-2288.0,50.0,False,False,PASS_SUBSET_GROSS_FLOWS
197478,2023-12-31,52210898.0,21573.0,1611.0,6732946.0,,6542852.0,0.09417041572134299,69478848.0,45246178.0,1214.0,353.0,861.0,2,,0,0,0,0,0,0.8666040948002848,19962.0,-19101.0,-20359.0,-1258.0,50.0,False,False,PASS_SUBSET_GROSS_FLOWS
197478,2024-03-31,52005784.0,24684.0,2107.0,6864994.0,,6657354.0,0.09410006974229614,70747599.0,45067623.0,3854.0,349.0,3505.0,2,,0,0,0,0,0,0.8665886663683409,22577.0,-19072.0,-20830.0,-1758.0,50.0,False,False,PASS_SUBSET_GROSS_FLOWS
197478,2024-06-30,52786818.0,25322.0,2187.0,7031035.0,,6833251.0,0.09446710076988343,72334717.0,45599632.0,13132.0,360.0,12772.0,2,,0,0,0,1,1,0.8638450607119376,23135.0,-10363.0,-12190.0,-1827.0,50.0,False,False,PASS_SUBSET_GROSS_FLOWS
197478,2024-09-30,53253181.0,30298.0,935.0,7207089.0,,7227288.0,0.09720700840654459,74349454.0,45842434.0,11746.0,83.0,11663.0,2,,0,0,0,0,0,0.8608393553053666,29363.0,-17700.0,-18552.0,-852.0,50.0,False,False,PASS_SUBSET_GROSS_FLOWS
197478,2024-12-31,53726637.0,65953.0,2410.0,7367996.0,,7251084.0,0.09560791100083842,75841883.0,46425420.0,618.0,259.0,359.0,2,,0,0,0,0,0,0.864104336178719,63543.0,-63184.0,-65335.0,-2151.0,50.0,False,False,PASS_SUBSET_GROSS_FLOWS
197478,2025-03-31,54252734.0,16983.0,1702.0,7486690.0,,7489605.0,0.09892215001316897,75712113.0,46785590.0,16424.0,114.0,16310.0,2,,0,0,0,0,0,0.8623637289873723,15281.0,1029.0,-559.0,-1588.0,50.0,False,False,PASS_SUBSET_GROSS_FLOWS
197478,2025-06-30,54973057.0,16464.0,1813.0,7653957.0,,7692029.0,0.09909809095822868,77620355.0,46882878.0,10088.0,66.0,10022.0,2,,0,0,0,0,0,0.852833743628265,14651.0,-4629.0,-6376.0,-1747.0,50.0,False,False,PASS_SUBSET_GROSS_FLOWS
197478,2025-09-30,55786368.0,25403.0,7263.0,7907656.0,,8028345.0,0.10151930232985132,79081956.0,47361616.0,892.0,22.0,870.0,2,,0,0,0,0,0,0.8489818874747321,18140.0,-17270.0,-24511.0,-7241.0,50.0,False,False,PASS_SUBSET_GROSS_FLOWS
197478,2025-12-31,56899148.0,12602.0,835.0,7973536.0,,8151065.0,0.10232093436357094,79661753.0,48537031.0,2084.0,415.0,1669.0,2,,0,0,0,0,0,0.8530361649703436,11767.0,-10098.0,-10518.0,-420.0,50.0,False,False,PASS_SUBSET_GROSS_FLOWS
208244,2005-03-31,4973430.0,6349.0,1795.0,636579.0,0.1063,690502.0,0.08038765714839204,8589652.0,2125480.0,3586.0,1079.0,2507.0,3,,0,0,0,0,0,0.42736702838885837,4554.0,-2047.0,-2763.0,-716.0,50.0,False,False,PASS_SUBSET_GROSS_FLOWS
208244,2005-06-30,5071872.0,14074.0,2355.0,641082.0,0.1068,711759.0,0.08451128162365046,8422059.0,2235360.0,10935.0,1562.0,9373.0,3,,0,0,0,0,0,0.44073667474258027,11719.0,-2346.0,-3139.0,-793.0,50.0,False,False,PASS_SUBSET_GROSS_FLOWS
208244,2005-09-30,5158607.0,9427.0,4112.0,641842.0,0.105977,706847.0,0.08434007503953923,8380915.0,2269971.0,5649.0,3176.0,2473.0,3,,0,0,0,0,0,0.44003565303579045,5315.0,-2842.0,-3778.0,-936.0,50.0,False,False,PASS_SUBSET_GROSS_FLOWS
208244,2005-12-31,4937903.0,11624.0,3093.0,645297.0,0.109613,693002.0,0.08308965035664301,8340413.0,2197456.0,6034.0,2031.0,4003.0,3,,0,0,1,0,1,0.44501805726033905,8531.0,-4528.0,-5590.0,-1062.0,50.0,False,False,PASS_SUBSET_GROSS_FLOWS
208244,2006-03-31,4831254.0,7395.0,1841.0,646097.0,0.1111,687801.0,0.0849924843917053,8092492.0,2170813.0,4862.0,510.0,4352.0,3,,0,0,0,0,0,0.449327027724065,5554.0,-1202.0,-2533.0,-1331.0,50.0,False,False,PASS_SUBSET_GROSS_FLOWS
208244,2006-06-30,4875892.0,6360.0,2433.0,645211.0,0.108559,669572.0,0.08210361797070265,8155207.0,2210852.0,4346.0,1162.0,3184.0,3,,0,0,0,0,0,0.4534251373902457,3927.0,-743.0,-2014.0,-1271.0,50.0,False,False,PASS_SUBSET_GROSS_FLOWS
208244,2006-09-30,4732275.0,7366.0,2628.0,646249.0,0.114877,695262.0,0.08944824795745669,7772785.0,2103387.0,4728.0,1448.0,3280.0,3,,0,0,0,0,0,0.4444769164936526,4738.0,-1458.0,-2638.0,-1180.0,50.0,False,False,PASS_SUBSET_GROSS_FLOWS
208244,2006-12-31,4717211.0,9553.0,5701.0,645357.0,0.114845,690864.0,0.08626111798186661,8008985.0,2110089.0,6252.0,4483.0,1769.0,3,,0,0,0,0,0,0.4473170693445767,3852.0,-2083.0,-3301.0,-1218.0,50.0,False,False,PASS_SUBSET_GROSS_FLOWS
208244,2007-03-31,4900259.0,7698.0,3090.0,601099.0,0.104286,712094.0,0.0869994314018181,8185042.0,2224947.0,5244.0,1659.0,3585.0,3,,0,0,0,0,0,0.454046816709076,4608.0,-1023.0,-2454.0,-1431.0,50.0,False,False,PASS_SUBSET_GROSS_FLOWS
208244,2007-06-30,4873096.0,7121.0,3272.0,603258.0,0.106641,696036.0,0.08875537732856051,7842184.0,2215816.0,4239.0,1854.0,2385.0,3,,0,0,0,0,0,0.45470395001452873,3849.0,-1464.0,-2882.0,-1418.0,50.0,False,False,PASS_SUBSET_GROSS_FLOWS
208244,2007-09-30,4763599.0,5666.0,2297.0,607749.0,0.110441,713679.0,0.09280692042440422,7689933.0,2172785.0,2957.0,1252.0,1705.0,3,,0,0,0,0,0,0.4561225661521887,3369.0,-1664.0,-2709.0,-1045.0,50.0,False,False,PASS_SUBSET_GROSS_FLOWS
208244,2007-12-31,4700851.0,11784.0,2430.0,603823.0,0.111954,721529.0,0.09376946141713946,7694712.0,2177506.0,8237.0,1309.0,6928.0,3,,0,0,0,0,0,0.46321527740402746,9354.0,-2426.0,-3547.0,-1121.0,50.0,False,False,PASS_SUBSET_GROSS_FLOWS
208244,2008-03-31,4690870.0,8689.0,2558.0,604057.0,0.111686,723879.0,0.0955641577674171,7574796.0,1981570.0,2337.0,248.0,2089.0,2,,0,0,0,0,0,0.42243123343857325,6131.0,-4042.0,-6352.0,-2310.0,50.0,False,False,PASS_SUBSET_GROSS_FLOWS
208244,2008-06-30,4743277.0,17955.0,2086.0,606837.0,0.113855,695371.0,0.0932970129757219,7453304.0,1950193.0,1592.0,391.0,1201.0,2,,0,0,0,0,0,0.41114887450174215,15869.0,-14668.0,-16363.0,-1695.0,50.0,False,False,PASS_SUBSET_GROSS_FLOWS
208244,2008-09-30,4693247.0,8694.0,3226.0,605987.0,0.114457,678301.0,0.09154532958227023,7409455.0,1919962.0,2260.0,1177.0,1083.0,3,,0,0,0,0,0,0.4090903376702739,5468.0,-4385.0,-6434.0,-2049.0,50.0,False,False,PASS_SUBSET_GROSS_FLOWS
208244,2008-12-31,4778354.0,15875.0,2471.0,604051.0,0.110649,671465.0,0.08705776982800299,7712867.0,1966439.0,2984.0,751.0,2233.0,3,,0,0,0,0,0,0.41153062330668677,13404.0,-11171.0,-12891.0,-1720.0,50.0,False,False,PASS_SUBSET_GROSS_FLOWS
208244,2009-03-31,4641094.0,15899.0,3281.0,527622.0,0.094424,637766.0,0.07780316457881271,8197173.0,2839977.0,5819.0,1896.0,3923.0,3,,0,0,0,0,0,0.611919732718191,12618.0,-8695.0,-10080.0,-1385.0,50.0,False,False,PASS_SUBSET_GROSS_FLOWS
208244,2009-06-30,4546622.0,16567.0,2919.0,533180.0,0.098186,638339.0,0.0813399695965361,7847790.0,2756399.0,9067.0,1391.0,7676.0,3,,0,0,0,0,0,0.6062520702182851,13648.0,-5972.0,-7500.0,-1528.0,50.0,False,False,PASS_SUBSET_GROSS_FLOWS
208244,2009-09-30,4105781.0,19039.0,6300.0,527443.0,0.099617,669266.0,0.08780922244414359,7621819.0,2592106.0,14336.0,4974.0,9362.0,3,,0,0,0,0,0,0.6313307991829082,12739.0,-3377.0,-4703.0,-1326.0,50.0,False,False,PASS_SUBSET_GROSS_FLOWS
208244,2009-12-31,3908429.0,27094.0,5267.0,526168.0,0.103621,648257.0,0.08262806542670036,7845482.0,2422934.0,21118.0,4019.0,17099.0,3,,0,0,0,0,0,0.6199252947923577,21827.0,-4728.0,-5976.0,-1248.0,50.0,False,False,PASS_SUBSET_GROSS_FLOWS
208244,2010-03-31,3771415.0,10136.0,3401.0,479000.0,0.096745,660114.0,0.0860876291140335,7667931.0,2339596.0,5646.0,1793.0,3853.0,3,,0,0,0,0,0,0.6203496565612642,6735.0,-2882.0,-4490.0,-1608.0,50.0,False,False,PASS_SUBSET_GROSS_FLOWS
208244,2010-06-30,3737052.0,11681.0,3449.0,499410.0,0.10492,680889.0,0.0901774998404088,7550542.0,2340989.0,8398.0,1953.0,6445.0,3,,0,0,0,0,0,0.6264266593025732,8232.0,-1787.0,-3283.0,-1496.0,50.0,False,False,PASS_SUBSET_GROSS_FLOWS
208244,2010-09-30,3706751.0,9090.0,2977.0,504615.0,0.107027,703009.0,0.09557983587670332,7355202.0,2346125.0,5002.0,1524.0,3478.0,3,,0,0,1,0,1,0.6329329917224006,6113.0,-2635.0,-4088.0,-1453.0,50.0,False,False,PASS_SUBSET_GROSS_FLOWS
208244,2010-12-31,3748804.0,10400.0,3460.0,518165.0,0.111743,690799.0,0.09700046548495739,7121605.0,2424249.0,6595.0,1913.0,4682.0,3,,0,0,0,0,0,0.6466726454623928,6940.0,-2258.0,-3805.0,-1547.0,50.0,False,False,PASS_SUBSET_GROSS_FLOWS
208244,2011-03-31,4195051.0,6274.0,3402.0,536454.0,0.107451,818491.0,0.10308148388088863,7940233.0,2865528.0,2102.0,858.0,1244.0,2,,0,0,0,0,0,0.6830734596551985,2872.0,-1628.0,-4172.0,-2544.0,50.0,False,False,PASS_SUBSET_GROSS_FLOWS
208244,2011-06-30,4124820.0,8902.0,3135.0,549242.0,0.112032,842694.0,0.10702512485718452,7873796.0,2836248.0,3413.0,470.0,2943.0,2,,0,0,0,0,0,0.6876052773211921,5767.0,-2824.0,-5489.0,-2665.0,50.0,False,False,PASS_SUBSET_GROSS_FLOWS
208244,2011-09-30,4857463.0,7446.0,2861.0,586997.0,0.110033,896521.0,0.1019708983124297,8791930.0,3310008.0,3289.0,692.0,2597.0,2,,0,0,0,0,0,0.6814273212168575,4585.0,-1988.0,-4157.0,-2169.0,50.0,False,False,PASS_SUBSET_GROSS_FLOWS
208244,2011-12-31,4773307.0,12277.0,3779.0,620039.0,0.121625,901274.0,0.10643428140084923,8467892.0,3271398.0,11187.0,732.0,10455.0,2,,0,0,0,0,0,0.6853525239419966,8498.0,1957.0,-1090.0,-3047.0,50.0,False,False,PASS_SUBSET_GROSS_FLOWS
208244,2012-03-31,4668214.0,7628.0,3428.0,652891.0,0.128118,916810.0,0.10861574837720862,8440857.0,3259541.0,3726.0,857.0,2869.0,2,,0,0,0,0,0,0.6982415544788649,4200.0,-1331.0,-3902.0,-2571.0,50.0,False,False,PASS_SUBSET_GROSS_FLOWS
208244,2012-06-30,4721013.0,5175.0,3626.0,656580.0,0.129659,931385.0,0.10895098074423586,8548661.0,3271216.0,2194.0,1261.0,933.0,2,,0,0,0,0,0,0.6929055268434974,1549.0,-616.0,-2981.0,-2365.0,50.0,False,False,PASS_SUBSET_GROSS_FLOWS
208244,2012-09-30,5255693.0,5186.0,4788.0,638224.0,0.114503,1052625.0,0.11393518967009261,9238805.0,3667183.0,4258.0,2070.0,2188.0,2,,0,0,0,0,0,0.6977544160208748,398.0,1790.0,-928.0,-2718.0,50.0,False,False,PASS_SUBSET_GROSS_FLOWS
208244,2012-12-31,5210231.0,4331.0,2151.0,672710.0,0.120781,1058869.0,0.11270594797003078,9394970.0,3648992.0,2741.0,2063.0,678.0,2,,0,0,0,0,0,0.7003512896069292,2180.0,-1502.0,-1590.0,-88.0,50.0,False,False,PASS_SUBSET_GROSS_FLOWS
208244,2013-03-31,5127870.0,5005.0,2878.0,721193.0,0.129148,1062518.0,0.11155686437392934,9524452.0,3625569.0,3905.0,2050.0,1855.0,2,,0,0,0,0,0,0.7070321595516267,2127.0,-272.0,-1100.0,-828.0,50.0,False,False,PASS_SUBSET_GROSS_FLOWS
208244,2013-06-30,5202407.0,3990.0,3520.0,726599.0,0.12954,1034050.0,0.10892923734259222,9492860.0,3633815.0,2731.0,941.0,1790.0,2,,0,0,0,0,0,0.6984872579173448,470.0,1320.0,-1259.0,-2579.0,50.0,False,False,PASS_SUBSET_GROSS_FLOWS
208244,2013-09-30,5081447.0,3505.0,3229.0,707983.0,0.12554,1018939.0,0.10724609125641528,9500943.0,3454652.0,2287.0,2153.0,134.0,2,,0,0,0,0,0,0.6798559544161338,276.0,-142.0,-1218.0,-1076.0,50.0,False,False,PASS_SUBSET_GROSS_FLOWS
208244,2013-12-31,5091697.0,4504.0,2078.0,670518.0,0.117975,973543.0,0.10327714074455976,9426510.0,3418335.0,3421.0,141.0,3280.0,2,,0,0,0,0,0,0.6713547565772275,2426.0,854.0,-1083.0,-1937.0,50.0,False,False,PASS_SUBSET_GROSS_FLOWS
208244,2014-03-31,5079446.0,2419.0,2790.0,,,1002835.0,0.10669318937561022,9399241.0,3400442.0,757.0,1177.0,-420.0,2,,0,0,0,0,0,0.6694513535531237,-371.0,-49.0,-1662.0,-1613.0,50.0,False,False,PASS_SUBSET_GROSS_FLOWS
208244,2014-06-30,5551222.0,3143.0,2142.0,,,1117935.0,0.10924066580487252,10233689.0,3745152.0,2520.0,945.0,1575.0,2,,0,0,0,0,0,0.6746536168072543,1001.0,574.0,-623.0,-1197.0,50.0,False,False,PASS_SUBSET_GROSS_FLOWS
208244,2014-09-30,6256301.0,2130.0,1666.0,,,1308719.0,0.11858868555135599,11035783.0,4244329.0,1177.0,704.0,473.0,2,,0,0,0,0,0,0.6784086954895553,464.0,9.0,-953.0,-962.0,50.0,False,False,PASS_SUBSET_GROSS_FLOWS
208244,2014-12-31,6532798.0,3524.0,2225.0,,,1398835.0,0.12161690797878418,11501978.0,4392326.0,1271.0,714.0,557.0,2,,0,0,0,0,0,0.672349887444859,1299.0,-742.0,-2253.0,-1511.0,50.0,False,False,PASS_SUBSET_GROSS_FLOWS
208244,2015-03-31,6863970.0,2578.0,3606.0,955204.0,,1502986.0,0.1273136593073378,11805379.0,4600918.0,959.0,1575.0,-616.0,2,,0,0,0,0,0,0.6702998410540839,-1028.0,412.0,-1619.0,-2031.0,50.0,False,False,PASS_SUBSET_GROSS_FLOWS
208244,2015-06-30,6984648.0,4900.0,3942.0,953369.0,,1487964.0,0.12474328711041197,11928209.0,4757883.0,2577.0,2191.0,386.0,2,,0,0,0,0,0,0.6811915217488411,958.0,-572.0,-2323.0,-1751.0,50.0,False,False,PASS_SUBSET_GROSS_FLOWS
208244,2015-09-30,6867638.0,2467.0,3335.0,1000660.0,,1531078.0,0.1301091144312125,11767646.0,4603884.0,1212.0,1853.0,-641.0,2,,0,0,0,0,0,0.6703737150968062,-868.0,227.0,-1255.0,-1482.0,50.0,False,False,PASS_SUBSET_GROSS_FLOWS
208244,2015-12-31,6963055.0,4269.0,4792.0,1023839.0,,1551924.0,0.13100593936744837,11846211.0,4577903.0,1213.0,1829.0,-616.0,2,,0,0,0,0,0,0.6574561022424783,-523.0,-93.0,-3056.0,-2963.0,50.0,False,False,PASS_SUBSET_GROSS_FLOWS
208244,2016-03-31,7030461.0,3918.0,2294.0,1047021.0,,1584288.0,0.13436097401122066,11791281.0,4596622.0,637.0,1030.0,-393.0,2,,0,0,0,0,0,0.6538151623343049,1624.0,-2017.0,-3281.0,-1264.0,50.0,False,False,PASS_SUBSET_GROSS_FLOWS
208244,2016-06-30,8874917.0,2133.0,1918.0,1139333.0,,1852739.0,0.12921358932619326,14338577.0,6104138.0,699.0,493.0,206.0,2,,0,0,0,0,0,0.6877966295346762,215.0,-9.0,-1434.0,-1425.0,50.0,False,False,PASS_SUBSET_GROSS_FLOWS
208244,2016-09-30,8965497.0,5087.0,3524.0,1171986.0,,1889337.0,0.12931242290719955,14610638.0,6149161.0,2281.0,2051.0,230.0,2,,0,0,0,0,0,0.6858695061746158,1563.0,-1333.0,-2806.0,-1473.0,50.0,False,False,PASS_SUBSET_GROSS_FLOWS
208244,2016-12-31,9101316.0,3472.0,3489.0,1187151.0,,1862244.0,0.126176328302751,14759060.0,6272977.0,2585.0,3136.0,-551.0,2,,0,0,0,0,0,0.6892384573835256,-17.0,-534.0,-887.0,-353.0,50.0,False,False,PASS_SUBSET_GROSS_FLOWS
208244,2017-03-31,9149233.0,3239.0,2918.0,1216805.0,,1910936.0,0.12935458429791244,14772851.0,6381001.0,1166.0,1840.0,-674.0,2,,0,0,0,0,0,0.6974356211061626,321.0,-995.0,-2073.0,-1078.0,50.0,False,False,PASS_SUBSET_GROSS_FLOWS
208244,2017-06-30,9260496.0,3380.0,3177.0,1208675.0,,1920213.0,0.1291905662325919,14863415.0,6562386.0,1495.0,1658.0,-163.0,2,,0,0,0,0,0,0.708643035966972,203.0,-366.0,-1885.0,-1519.0,50.0,False,False,PASS_SUBSET_GROSS_FLOWS
208244,2017-09-30,9428390.0,2821.0,1693.0,1234640.0,,1933702.0,0.1291884485857631,14968072.0,6771233.0,1646.0,576.0,1070.0,2,,0,0,0,0,0,0.7181748951835891,1128.0,-58.0,-1175.0,-1117.0,50.0,False,False,PASS_SUBSET_GROSS_FLOWS
208244,2017-12-31,11136110.0,3277.0,2452.0,1393058.0,,2248700.0,0.1290651993628873,17422977.0,8199121.0,428.0,849.0,-421.0,2,,0,0,0,0,0,0.7362643687966445,825.0,-1246.0,-2849.0,-1603.0,50.0,False,False,PASS_SUBSET_GROSS_FLOWS
208244,2018-03-31,11256367.0,2682.0,2302.0,1445378.0,,2280509.0,0.13111845121116347,17392739.0,8335946.0,497.0,727.0,-230.0,2,,0,0,0,0,0,0.7405538572081027,380.0,-610.0,-2185.0,-1575.0,50.0,False,False,PASS_SUBSET_GROSS_FLOWS
208244,2018-06-30,11321864.0,3067.0,3900.0,1466396.0,,2291946.0,0.13184435441770967,17383725.0,8564336.0,108.0,2336.0,-2228.0,2,,0,0,0,0,0,0.7564422254144724,-833.0,-1395.0,-2959.0,-1564.0,50.0,False,False,PASS_SUBSET_GROSS_FLOWS
208244,2018-09-30,11314161.0,4260.0,2563.0,1500473.0,,2308803.0,0.13216330114738295,17469320.0,8502193.0,504.0,780.0,-276.0,2,,0,0,0,0,0,0.7514647352110333,1697.0,-1973.0,-3756.0,-1783.0,50.0,False,False,PASS_SUBSET_GROSS_FLOWS
208244,2018-12-31,12258814.0,2969.0,2327.0,1699945.0,,2769166.0,0.14104048327178823,19633838.0,9099537.0,532.0,1080.0,-548.0,2,,0,0,0,0,0,0.742285265116185,642.0,-1190.0,-2437.0,-1247.0,50.0,False,False,PASS_SUBSET_GROSS_FLOWS
208244,2019-03-31,12083087.0,2895.0,1950.0,1734109.0,,2846246.0,0.14245057677487538,19980586.0,8972253.0,755.0,464.0,291.0,2,,0,0,0,0,0,0.7425464204635785,945.0,-654.0,-2140.0,-1486.0,50.0,False,False,PASS_SUBSET_GROSS_FLOWS
208244,2019-06-30,12084510.0,2876.0,2606.0,1776377.0,,2913716.0,0.14540418118188692,20038736.0,8890055.0,482.0,1085.0,-603.0,2,,0,0,0,0,0,0.7356570518788101,270.0,-873.0,-2394.0,-1521.0,50.0,False,False,PASS_SUBSET_GROSS_FLOWS
208244,2019-09-30,12075957.0,2714.0,1895.0,1807635.0,,2957222.0,0.1454394316553365,20333014.0,8994458.0,214.0,753.0,-539.0,2,,0,0,0,0,0,0.74482361936201,819.0,-1358.0,-2500.0,-1142.0,50.0,False,False,PASS_SUBSET_GROSS_FLOWS
208244,2019-12-31,12164453.0,6304.0,2749.0,1822337.0,,2966576.0,0.14605375713849297,20311535.0,8925213.0,2150.0,949.0,1201.0,2,,0,0,0,0,0,0.7337126461831042,3555.0,-2354.0,-4154.0,-1800.0,50.0,False,False,PASS_SUBSET_GROSS_FLOWS
208244,2020-03-31,12438940.0,8450.0,1914.0,1765792.0,,2944161.0,0.14259212889933517,20647430.0,9254191.0,1553.0,1343.0,210.0,2,,0,0,0,0,0,0.7439694218317638,6536.0,-6326.0,-6897.0,-571.0,50.0,False,False,PASS_SUBSET_GROSS_FLOWS
208244,2020-06-30,13738223.0,2231.0,1700.0,1774692.0,,2950817.0,0.13412347915973225,22000749.0,10508356.0,1271.0,1182.0,89.0,2,,0,0,0,0,0,0.7648992158592854,531.0,-442.0,-960.0,-518.0,50.0,False,False,PASS_SUBSET_GROSS_FLOWS
208244,2020-09-30,13977617.0,4169.0,7163.0,1826469.0,,2999380.0,0.13413617009477785,22360710.0,10707992.0,3040.0,5341.0,-2301.0,2,,0,0,0,0,0,0.766081371381116,-2994.0,693.0,-1129.0,-1822.0,50.0,False,False,PASS_SUBSET_GROSS_FLOWS
208244,2020-12-31,13849755.0,707.0,1807.0,1870617.0,,3037930.0,0.13291801985039423,22855667.0,10684271.0,260.0,1387.0,-1127.0,2,,0,0,0,0,0,0.7714411554572626,-1100.0,-27.0,-447.0,-420.0,50.0,False,False,PASS_SUBSET_GROSS_FLOWS
208244,2021-03-31,13975565.0,1570.0,1575.0,1919875.0,,3033803.0,0.12833078939304648,23640492.0,11129318.0,204.0,241.0,-37.0,2,,0,0,0,0,0,0.7963411854905329,-5.0,-32.0,-1366.0,-1334.0,50.0,False,False,PASS_SUBSET_GROSS_FLOWS
208244,2021-06-30,13834822.0,979.0,1315.0,1952816.0,,3035231.0,0.12873517791925834,23577324.0,10868773.0,205.0,190.0,15.0,2,,0,0,0,0,0,0.7856098907524796,-336.0,351.0,-774.0,-1125.0,50.0,False,False,PASS_SUBSET_GROSS_FLOWS
208244,2021-09-30,13636249.0,1216.0,4253.0,1995416.0,,3070167.0,0.12833734181088435,23922632.0,10537076.0,201.0,3473.0,-3272.0,2,,0,0,0,0,0,0.7727254027115521,-3037.0,-235.0,-1015.0,-780.0,50.0,False,False,PASS_SUBSET_GROSS_FLOWS
208244,2021-12-31,13637303.0,545.0,1932.0,2040285.0,,3053575.0,0.12538233281291464,24354109.0,10570738.0,41.0,1004.0,-963.0,2,,0,0,0,0,0,0.7751340569319315,-1387.0,424.0,-504.0,-928.0,50.0,False,False,PASS_SUBSET_GROSS_FLOWS
208244,2022-03-31,28375620.0,4664.0,1890.0,3310990.0,,4966364.0,0.10894050380434649,45587856.0,23012171.0,2421.0,694.0,1727.0,2,,0,0,0,0,0,0.8109839009685075,2774.0,-1047.0,-2243.0,-1196.0,50.0,False,False,PASS_SUBSET_GROSS_FLOWS
208244,2022-06-30,29579865.0,4096.0,2338.0,3447658.0,,4857545.0,0.10675793090343472,45500554.0,24084821.0,502.0,586.0,-84.0,2,,0,0,0,0,0,0.8142302542624856,1758.0,-1842.0,-3594.0,-1752.0,50.0,False,False,PASS_SUBSET_GROSS_FLOWS
208244,2022-09-30,30548681.0,11440.0,3845.0,3590766.0,,4766758.0,0.10372892087372954,45953992.0,24870079.0,4721.0,614.0,4107.0,2,,0,0,0,0,0,0.8141130217700725,7595.0,-3488.0,-6719.0,-3231.0,50.0,False,False,PASS_SUBSET_GROSS_FLOWS
208244,2022-12-31,31135567.0,7081.0,3109.0,3817402.0,,5000153.0,0.10755228849424908,46490438.0,25188165.0,852.0,728.0,124.0,2,,0,0,0,0,0,0.808983661675408,3972.0,-3848.0,-6229.0,-2381.0,50.0,False,False,PASS_SUBSET_GROSS_FLOWS
208244,2023-03-31,31832958.0,18180.0,1751.0,3969158.0,,5236201.0,0.11011053950410943,47554040.0,25774176.0,1272.0,398.0,874.0,2,,0,0,0,0,0,0.8096695255275994,16429.0,-15555.0,-16908.0,-1353.0,50.0,False,False,PASS_SUBSET_GROSS_FLOWS
208244,2023-06-30,32546842.0,14331.0,4239.0,4090646.0,,5252872.0,0.10896553240595244,48206730.0,27048755.0,2723.0,1254.0,1469.0,2,,0,0,0,0,0,0.8310715675579216,10092.0,-8623.0,-11608.0,-2985.0,50.0,False,False,PASS_SUBSET_GROSS_FLOWS
208244,2023-09-30,32699867.0,22750.0,3062.0,4204934.0,,5201677.0,0.10668054898815768,48759376.0,26814635.0,2175.0,313.0,1862.0,2,,0,0,0,0,0,0.8200227542209881,19688.0,-17826.0,-20575.0,-2749.0,50.0,False,False,PASS_SUBSET_GROSS_FLOWS
208244,2023-12-31,33023933.0,13202.0,3501.0,4308574.0,,5530637.0,0.11332685470719878,48802528.0,27128533.0,5850.0,2210.0,3640.0,2,,0,0,0,0,0,0.8214809847149339,9701.0,-6061.0,-7352.0,-1291.0,50.0,False,False,PASS_SUBSET_GROSS_FLOWS
208244,2024-03-31,33642737.0,14020.0,2270.0,4333736.0,,5520620.0,0.11210434150035459,49245372.0,27829186.0,6694.0,1119.0,5575.0,2,,0,0,0,0,0,0.8271974423484034,11750.0,-6175.0,-7326.0,-1151.0,50.0,False,False,PASS_SUBSET_GROSS_FLOWS
208244,2024-06-30,36216639.0,17041.0,2996.0,4552758.0,,5930985.0,0.11227555197174806,52825258.0,29729747.0,3187.0,1407.0,1780.0,2,,0,0,0,0,0,0.8208864163237235,14045.0,-12265.0,-13854.0,-1589.0,50.0,False,False,PASS_SUBSET_GROSS_FLOWS
208244,2024-09-30,36463019.0,18965.0,1491.0,4641366.0,,6208337.0,0.11646339454808315,53307196.0,30457435.0,2824.0,351.0,2473.0,2,,0,0,0,0,0,0.835296578157722,17474.0,-15001.0,-16141.0,-1140.0,50.0,False,False,PASS_SUBSET_GROSS_FLOWS
208244,2024-12-31,36320370.0,21278.0,2543.0,4742642.0,,6159142.0,0.11567621046334532,53244673.0,30349100.0,6551.0,1140.0,5411.0,2,,0,0,0,0,0,0.8355944611797732,18735.0,-13324.0,-14727.0,-1403.0,50.0,False,False,PASS_SUBSET_GROSS_FLOWS
208244,2025-03-31,36454368.0,24540.0,2924.0,4822795.0,,6342902.0,0.11839424387896222,53574412.0,30969357.0,12143.0,491.0,11652.0,2,,0,0,0,0,0,0.8495376191955927,21616.0,-9964.0,-12397.0,-2433.0,50.0,False,False,PASS_SUBSET_GROSS_FLOWS
208244,2025-06-30,47980437.0,29954.0,3426.0,5683828.0,,7871927.0,0.11134079921427065,70701190.0,39423145.0,9766.0,810.0,8956.0,2,,0,0,0,0,0,0.8216503947223324,26528.0,-17572.0,-20188.0,-2616.0,50.0,False,False,PASS_SUBSET_GROSS_FLOWS
208244,2025-09-30,48048256.0,35402.0,5364.0,5897648.0,,8076852.0,0.11376335948159128,70996954.0,39327673.0,8544.0,2472.0,6072.0,2,,0,0,0,0,0,0.8185036518286949,30038.0,-23966.0,-26858.0,-2892.0,50.0,False,False,PASS_SUBSET_GROSS_FLOWS
208244,2025-12-31,48817073.0,35131.0,3023.0,5899410.0,,8112742.0,0.11303495392129095,71771976.0,39821491.0,15607.0,631.0,14976.0,2,,0,0,0,0,0,0.8157287717762185,32108.0,-17132.0,-19524.0,-2392.0,50.0,False,False,PASS_SUBSET_GROSS_FLOWS
210434,2005-03-31,11482408.0,57.0,390.0,1975361.0,0.0771,2451224.0,0.06219199097697226,39413821.0,5628862.0,1.0,381.0,-380.0,3,,0,0,0,0,0,0.4902161637175756,-333.0,-47.0,-56.0,-9.0,50.0,False,False,PASS_SUBSET_GROSS_FLOWS
210434,2005-06-30,12270105.0,30.0,459.0,2104219.0,0.081,2556923.0,0.0674991780797038,37880802.0,5590594.0,19.0,450.0,-431.0,3,,0,0,0,0,0,0.4556272338337773,-429.0,-2.0,-11.0,-9.0,50.0,False,False,PASS_SUBSET_GROSS_FLOWS
210434,2005-09-30,11534168.0,5391.0,18.0,2164888.0,0.079982,2606912.0,0.06492714813503112,40151340.0,5530395.0,5309.0,12.0,5297.0,3,,0,0,0,0,0,0.4794793174505521,5373.0,-76.0,-82.0,-6.0,50.0,False,False,PASS_SUBSET_GROSS_FLOWS
210434,2005-12-31,11932013.0,74.0,39.0,2213309.0,0.079731,2656437.0,0.059209703230541526,44864893.0,5722901.0,0.0,38.0,-38.0,3,,0,0,0,0,0,0.479625776472084,35.0,-73.0,-74.0,-1.0,50.0,False,False,PASS_SUBSET_GROSS_FLOWS
210434,2006-03-31,11935556.0,45.0,55.0,2292685.0,0.084287,2726190.0,0.06518055165107854,41825206.0,5902061.0,35.0,55.0,-20.0,3,,0,0,0,0,0,0.4944940143550916,-10.0,-10.0,-10.0,0.0,50.0,False,False,PASS_SUBSET_GROSS_FLOWS
210434,2006-06-30,12951879.0,101.0,40.0,2355547.0,0.081841,2803753.0,0.061747970809136396,45406399.0,6446187.0,0.0,40.0,-40.0,3,,0,0,0,0,0,0.49770284296201345,61.0,-101.0,-101.0,0.0,50.0,False,False,PASS_SUBSET_GROSS_FLOWS
210434,2006-09-30,12857421.0,215.0,77.0,2677448.0,0.092111,3136894.0,0.06632432685352153,47296281.0,6578604.0,144.0,70.0,74.0,3,,0,0,0,0,0,0.5116581311290965,138.0,-64.0,-71.0,-7.0,50.0,False,False,PASS_SUBSET_GROSS_FLOWS
210434,2006-12-31,13895252.0,455.0,253.0,2804643.0,0.087486,3126668.0,0.0597686624956569,52312832.0,6841953.0,373.0,251.0,122.0,3,,0,0,0,0,0,0.4923950281722131,202.0,-80.0,-82.0,-2.0,50.0,False,False,PASS_SUBSET_GROSS_FLOWS
210434,2007-03-31,12891298.0,2119.0,3.0,2872801.0,0.091992,3191326.0,0.06254069580244097,51027990.0,6891928.0,2072.0,2.0,2070.0,3,,0,0,0,0,0,0.5346186241292382,2116.0,-46.0,-47.0,-1.0,50.0,False,False,PASS_SUBSET_GROSS_FLOWS
210434,2007-06-30,14723513.0,1890.0,35.0,2976380.0,0.089025,3296534.0,0.06471602746907405,50938448.0,7220001.0,1701.0,3.0,1698.0,3,,0,0,0,0,0,0.4903721686529567,1855.0,-157.0,-189.0,-32.0,50.0,False,False,PASS_SUBSET_GROSS_FLOWS
210434,2007-09-30,15150355.0,627.0,448.0,3031405.0,0.084944,3348538.0,0.06188007096437254,54113351.0,7584738.0,12.0,432.0,-420.0,3,,0,0,0,0,0,0.5006310413188337,179.0,-599.0,-615.0,-16.0,50.0,False,False,PASS_SUBSET_GROSS_FLOWS
210434,2007-12-31,15092109.0,1759.0,118.0,3021495.0,0.082437,3377322.0,0.05783242080864517,58398420.0,7949901.0,539.0,118.0,421.0,3,,0,0,0,0,0,0.5267587850047996,1641.0,-1220.0,-1220.0,0.0,50.0,False,False,PASS_SUBSET_GROSS_FLOWS
210434,2008-03-31,16417953.0,874.0,308.0,3378039.0,0.084635,3668207.0,0.05397451060734245,67961839.0,8891043.0,24.0,0.0,24.0,2,,0,0,0,0,0,0.5415439427801992,566.0,-542.0,-850.0,-308.0,50.0,False,False,PASS_SUBSET_GROSS_FLOWS
210434,2008-06-30,17799667.0,1565.0,11.0,3537123.0,0.088182,3817135.0,0.05854521378055591,65199779.0,9106484.0,581.0,7.0,574.0,2,,0,0,0,0,0,0.5116097958461807,1554.0,-980.0,-984.0,-4.0,50.0,False,False,PASS_SUBSET_GROSS_FLOWS
210434,2008-09-30,18412126.0,399.0,1047.0,3583264.0,0.085055,3805155.0,0.05520285439213231,68930403.0,10007770.0,336.0,1045.0,-709.0,3,,0,0,0,0,0,0.5435423372618675,-648.0,-61.0,-63.0,-2.0,50.0,False,False,PASS_SUBSET_GROSS_FLOWS
210434,2008-12-31,18983398.0,1568.0,648.0,4385245.0,0.108678,4286442.0,0.06085792390900313,70433589.0,10449882.0,1374.0,648.0,726.0,3,,0,0,0,0,0,0.5504747885494473,920.0,-194.0,-194.0,0.0,50.0,False,False,PASS_SUBSET_GROSS_FLOWS
210434,2009-03-31,18529348.0,2095.0,1224.0,4546774.0,0.110104,4466457.0,0.06788307499292476,65796327.0,11197401.0,2019.0,1197.0,822.0,3,,0,0,0,0,0,0.6043062605332902,871.0,-49.0,-76.0,-27.0,50.0,False,False,PASS_SUBSET_GROSS_FLOWS
210434,2009-06-30,16929250.0,17694.0,15.0,4413184.0,0.113069,4438093.0,0.07140248614128183,62156001.0,10672871.0,11506.0,15.0,11491.0,3,,0,0,0,0,0,0.630439682797525,17679.0,-6188.0,-6188.0,0.0,50.0,False,False,PASS_SUBSET_GROSS_FLOWS
210434,2009-09-30,15954634.0,30209.0,276.0,4580971.0,0.123991,4637917.0,0.07142634385303478,64932863.0,10024672.0,28074.0,275.0,27799.0,3,,0,0,0,0,0,0.6283235328369174,29933.0,-2134.0,-2135.0,-1.0,50.0,False,False,PASS_SUBSET_GROSS_FLOWS
210434,2009-12-31,15402889.0,13338.0,1977.0,4755543.0,0.126683,4775917.0,0.06940800799798771,68809308.0,9402955.0,12895.0,1527.0,11368.0,3,,0,0,0,0,0,0.6104669714882708,11361.0,7.0,-443.0,-450.0,50.0,False,False,PASS_SUBSET_GROSS_FLOWS
210434,2010-03-31,15575822.0,13313.0,420.0,4886791.0,0.128128,4928441.0,0.07809328165208033,63109667.0,9385536.0,12838.0,414.0,12424.0,3,,0,0,0,0,0,0.6025708306117006,12893.0,-469.0,-475.0,-6.0,50.0,False,False,PASS_SUBSET_GROSS_FLOWS
210434,2010-06-30,15918907.0,19079.0,230.0,5058329.0,0.132593,5095546.0,0.07648158180885001,66624485.0,9106007.0,19076.0,94.0,18982.0,3,,0,0,0,0,0,0.5720246371186163,18849.0,133.0,-3.0,-136.0,50.0,False,False,PASS_SUBSET_GROSS_FLOWS
210434,2010-09-30,15333925.0,13274.0,526.0,5171482.0,0.127033,5263824.0,0.07796758951938365,67512976.0,8929831.0,13092.0,330.0,12762.0,3,,0,0,0,0,0,0.582357811193155,12748.0,14.0,-182.0,-196.0,50.0,False,False,PASS_SUBSET_GROSS_FLOWS
210434,2010-12-31,15541432.0,9016.0,296.0,5293057.0,0.133046,5352919.0,0.07606446749448834,70373450.0,8032505.0,7915.0,280.0,7635.0,3,,0,0,0,0,0,0.5168445867793907,8720.0,-1085.0,-1101.0,-16.0,50.0,False,False,PASS_SUBSET_GROSS_FLOWS
210434,2011-03-31,15466652.0,9713.0,11442.0,5405427.0,0.133317,5490403.0,0.06900847653489353,79561284.0,8500659.0,4807.0,53.0,4754.0,2,,0,0,0,0,0,0.5496120944597448,-1729.0,6483.0,-4906.0,-11389.0,50.0,False,False,PASS_SUBSET_GROSS_FLOWS
210434,2011-06-30,16280388.0,5635.0,664.0,5436024.0,0.124979,5625022.0,0.06663432298637638,84416285.0,9053306.0,3186.0,493.0,2693.0,2,,0,0,0,0,0,0.5560866239797233,4971.0,-2278.0,-2449.0,-171.0,50.0,False,False,PASS_SUBSET_GROSS_FLOWS
210434,2011-09-30,16386955.0,16008.0,3537.0,5183359.0,0.113286,5517117.0,0.06631529002714194,83195248.0,8269598.0,10732.0,292.0,10440.0,2,,0,0,1,0,1,0.5046451888102457,12471.0,-2031.0,-5276.0,-3245.0,50.0,False,False,PASS_SUBSET_GROSS_FLOWS
210434,2011-12-31,29066313.0,84904.0,17257.0,6602702.0,0.117262,6891485.0,0.06903135283355012,99831232.0,16127344.0,52231.0,11476.0,40755.0,2,,0,0,0,0,0,0.5548465675711949,67647.0,-26892.0,-32673.0,-5781.0,50.0,False,False,PASS_SUBSET_GROSS_FLOWS
210434,2012-03-31,29158753.0,14369.0,8558.0,6698011.0,0.116773,7038467.0,0.07705711240263166,91340913.0,16570502.0,9942.0,4178.0,5764.0,2,,0,0,0,0,0,0.5682856876629806,5811.0,-47.0,-4427.0,-4380.0,50.0,False,False,PASS_SUBSET_GROSS_FLOWS
210434,2012-06-30,29607208.0,16143.0,12984.0,6766313.0,0.119084,7102237.0,0.07538222138537752,94216340.0,16987628.0,12064.0,6807.0,5257.0,2,,0,0,0,0,0,0.5737666314229968,3159.0,2098.0,-4079.0,-6177.0,50.0,False,False,PASS_SUBSET_GROSS_FLOWS
210434,2012-09-30,29548280.0,16784.0,4856.0,6845574.0,0.118044,7229398.0,0.07741633723968222,93383364.0,16828231.0,10831.0,3038.0,7793.0,2,,0,0,0,0,0,0.569516432090125,11928.0,-4135.0,-5953.0,-1818.0,50.0,False,False,PASS_SUBSET_GROSS_FLOWS
210434,2012-12-31,29504533.0,16033.0,10667.0,6904188.0,0.118973,7225518.0,0.07438345273878356,97138782.0,16885770.0,10200.0,8717.0,1483.0,2,,0,0,0,0,0,0.5723110411542525,5366.0,-3883.0,-5833.0,-1950.0,50.0,False,False,PASS_SUBSET_GROSS_FLOWS
210434,2013-03-31,28862933.0,12568.0,3833.0,6926771.0,0.121798,7233734.0,0.07793248818184263,92820519.0,16775227.0,7201.0,1671.0,5530.0,2,,0,0,0,0,0,0.581203129979895,8735.0,-3205.0,-5367.0,-2162.0,50.0,False,False,PASS_SUBSET_GROSS_FLOWS
210434,2013-06-30,28810357.0,15581.0,7542.0,6719660.0,0.113381,6948713.0,0.07171843095513905,96888804.0,16950329.0,12450.0,4148.0,8302.0,2,,0,0,0,0,0,0.5883415120472127,8039.0,263.0,-3131.0,-3394.0,50.0,False,False,PASS_SUBSET_GROSS_FLOWS
210434,2013-09-30,29064767.0,11545.0,3290.0,6746453.0,0.117258,6993329.0,0.07312798626534268,95631363.0,17106790.0,7820.0,1475.0,6345.0,2,,0,0,0,0,0,0.5885748198153455,8255.0,-1910.0,-3725.0,-1815.0,50.0,False,False,PASS_SUBSET_GROSS_FLOWS
210434,2013-12-31,29385472.0,19526.0,4925.0,6765599.0,0.115479,7101690.0,0.06917770689561961,102658650.0,17200396.0,14565.0,3056.0,11509.0,2,,0,0,0,0,0,0.5853367269377194,14601.0,-3092.0,-4961.0,-1869.0,50.0,False,False,PASS_SUBSET_GROSS_FLOWS
210434,2014-03-31,29660782.0,11530.0,10043.0,6874899.0,0.116616,7197745.0,0.06954409246835917,103499014.0,17070270.0,9982.0,2305.0,7677.0,2,,0,0,0,0,0,0.5755165187485617,1487.0,6190.0,-1548.0,-7738.0,50.0,False,False,PASS_SUBSET_GROSS_FLOWS
210434,2014-06-30,30697599.0,7780.0,1915.0,6877149.0,0.11434,7256873.0,0.06884479327639566,105409177.0,17439953.0,6221.0,1043.0,5178.0,2,,0,0,0,0,0,0.568121076830797,5865.0,-687.0,-1559.0,-872.0,50.0,False,False,PASS_SUBSET_GROSS_FLOWS
210434,2014-09-30,30719901.0,8480.0,3378.0,7068201.0,0.116462,7448699.0,0.06722882549167364,110796209.0,17461337.0,4485.0,2257.0,2228.0,2,,0,0,0,0,0,0.5684047289084688,5102.0,-2874.0,-3995.0,-1121.0,50.0,False,False,PASS_SUBSET_GROSS_FLOWS
210434,2014-12-31,31640232.0,8170.0,2822.0,7327255.0,0.117614,7604509.0,0.06938613268249774,109596957.0,17815934.0,3793.0,1782.0,2011.0,2,,0,0,0,0,0,0.563078488172906,5348.0,-3337.0,-4377.0,-1040.0,50.0,False,False,PASS_SUBSET_GROSS_FLOWS
210434,2015-03-31,32630164.0,7466.0,2901.0,7354033.0,,7738024.0,0.07258756882547505,106602606.0,18515917.0,4491.0,2050.0,2441.0,2,,0,0,0,0,0,0.5674478681749807,4565.0,-2124.0,-2975.0,-851.0,50.0,False,False,PASS_SUBSET_GROSS_FLOWS
210434,2015-06-30,32953843.0,6126.0,3543.0,7495335.0,,7868645.0,0.06579119377792077,119600277.0,18202016.0,2916.0,2428.0,488.0,2,,0,0,0,0,0,0.5523488110324493,2583.0,-2095.0,-3210.0,-1115.0,50.0,False,False,PASS_SUBSET_GROSS_FLOWS
210434,2015-09-30,33378408.0,11855.0,2480.0,7580740.0,,7947260.0,0.06642622946983039,119640390.0,18078893.0,4069.0,873.0,3196.0,2,,0,0,0,0,0,0.5416343703390527,9375.0,-6179.0,-7786.0,-1607.0,50.0,False,False,PASS_SUBSET_GROSS_FLOWS
210434,2015-12-31,33180864.0,4941.0,2325.0,7591706.0,,7927794.0,0.06811360049153041,116390764.0,17905292.0,1762.0,1012.0,750.0,2,,0,0,0,0,0,0.5396270573303938,2616.0,-1866.0,-3179.0,-1313.0,50.0,False,False,PASS_SUBSET_GROSS_FLOWS
210434,2016-03-31,34144872.0,5257.0,2599.0,7727455.0,,8179093.0,0.06964836092846825,117434106.0,18000674.0,1134.0,2105.0,-971.0,2,,0,0,0,0,0,0.5271852827563682,2658.0,-3629.0,-4123.0,-494.0,50.0,False,False,PASS_SUBSET_GROSS_FLOWS
210434,2016-06-30,34557067.0,4856.0,2463.0,7927709.0,,8401024.0,0.06934684194839157,121145012.0,17458039.0,2187.0,690.0,1497.0,2,,0,0,0,0,0,0.5051944657224526,2393.0,-896.0,-2669.0,-1773.0,50.0,False,False,PASS_SUBSET_GROSS_FLOWS
210434,2016-09-30,33423002.0,2982.0,3810.0,8085363.0,,8549877.0,0.07142607774542171,119702457.0,17007437.0,646.0,2309.0,-1663.0,2,,0,0,0,0,0,0.5088542615052951,-828.0,-835.0,-2336.0,-1501.0,50.0,False,False,PASS_SUBSET_GROSS_FLOWS
210434,2016-12-31,33822054.0,14109.0,3168.0,8201433.0,,8635022.0,0.06989208042753803,123547932.0,17098470.0,1117.0,1865.0,-748.0,2,,0,0,0,0,0,0.505542034791855,10941.0,-11689.0,-12992.0,-1303.0,50.0,False,False,PASS_SUBSET_GROSS_FLOWS
210434,2017-03-31,33471789.0,4673.0,2704.0,8309756.0,,8809778.0,0.07275586678122907,121086840.0,16484148.0,2296.0,1570.0,726.0,2,,0,0,0,0,0,0.49247884539425124,1969.0,-1243.0,-2377.0,-1134.0,50.0,False,False,PASS_SUBSET_GROSS_FLOWS
210434,2017-06-30,33498957.0,4963.0,1761.0,8436319.0,,8951788.0,0.0715009264110086,125198210.0,15759962.0,360.0,848.0,-488.0,2,,0,0,0,0,0,0.47046127436146745,3202.0,-3690.0,-4603.0,-913.0,50.0,False,False,PASS_SUBSET_GROSS_FLOWS
210434,2017-09-30,33336124.0,3470.0,5138.0,8605112.0,,9119724.0,0.0696177644628756,130997082.0,15500790.0,1823.0,3525.0,-1702.0,2,,0,0,0,0,0,0.4649847714749321,-1668.0,-34.0,-1647.0,-1613.0,50.0,False,False,PASS_SUBSET_GROSS_FLOWS
210434,2017-12-31,32592237.0,8325.0,1738.0,8517751.0,,9223936.0,0.0667611872864712,138163151.0,15307326.0,420.0,1275.0,-855.0,2,,0,0,0,0,0,0.4696617172978952,6587.0,-7442.0,-7905.0,-463.0,50.0,False,False,PASS_SUBSET_GROSS_FLOWS
210434,2018-03-31,32108883.0,4291.0,1324.0,8587515.0,,9409725.0,0.0728178916172828,129222706.0,14761294.0,1991.0,361.0,1630.0,2,,0,0,0,0,0,0.45972617608653654,2967.0,-1337.0,-2300.0,-963.0,50.0,False,False,PASS_SUBSET_GROSS_FLOWS
210434,2018-06-30,32473221.0,2188.0,2106.0,8648914.0,,9519232.0,0.07069246599314086,134656952.0,14376240.0,1663.0,1274.0,389.0,2,,0,0,0,0,0,0.44271062608787715,82.0,307.0,-525.0,-832.0,50.0,False,False,PASS_SUBSET_GROSS_FLOWS
210434,2018-09-30,31354013.0,2822.0,3051.0,8686937.0,,9546810.0,0.0723793275674259,131899678.0,13941945.0,856.0,982.0,-126.0,2,,0,0,0,0,0,0.4446622191551684,-229.0,103.0,-1966.0,-2069.0,50.0,False,False,PASS_SUBSET_GROSS_FLOWS
210434,2018-12-31,32490040.0,835.0,2576.0,8722461.0,,9583567.0,0.07277062077822204,131695551.0,13823678.0,487.0,1340.0,-853.0,2,,0,0,0,0,0,0.4254743299792798,-1741.0,888.0,-348.0,-1236.0,50.0,False,False,PASS_SUBSET_GROSS_FLOWS
210434,2019-03-31,30620648.0,1024.0,2187.0,8784152.0,,9636905.0,0.07936404601483313,121426584.0,13700788.0,900.0,553.0,347.0,2,,0,0,0,0,0,0.44743625281868626,-1163.0,1510.0,-124.0,-1634.0,50.0,False,False,PASS_SUBSET_GROSS_FLOWS
210434,2019-06-30,30982324.0,591.0,1854.0,9016734.0,,9878114.0,0.0783339625829989,126102570.0,13533744.0,495.0,814.0,-319.0,2,,0,0,0,0,0,0.43682145987499194,-1263.0,944.0,-96.0,-1040.0,50.0,False,False,PASS_SUBSET_GROSS_FLOWS
210434,2019-09-30,30844233.0,1138.0,1696.0,9138180.0,,9999525.0,0.0807557843856071,123824257.0,13186021.0,516.0,627.0,-111.0,2,,0,0,0,0,0,0.4275036114530713,-558.0,447.0,-622.0,-1069.0,50.0,False,False,PASS_SUBSET_GROSS_FLOWS
210434,2019-12-31,31409584.0,3738.0,1492.0,8475961.0,,9347105.0,0.06878665942066065,135885433.0,13306861.0,569.0,799.0,-230.0,2,,0,0,0,0,0,0.4236560726178354,2246.0,-2476.0,-3169.0,-693.0,50.0,False,False,PASS_SUBSET_GROSS_FLOWS
210434,2020-03-31,37837740.0,1755.0,1046.0,9309241.0,,10108791.0,0.06272381265615001,161163529.0,15619335.0,118.0,775.0,-657.0,2,,0,0,0,0,0,0.4127977780913976,709.0,-1366.0,-1637.0,-271.0,50.0,False,False,PASS_SUBSET_GROSS_FLOWS
210434,2020-06-30,33757309.0,426.0,3047.0,9984591.0,,10742178.0,0.07117605509680125,150924043.0,14531637.0,255.0,1612.0,-1357.0,2,,0,0,0,0,0,0.4304737975411488,-2621.0,1264.0,-171.0,-1435.0,50.0,False,False,PASS_SUBSET_GROSS_FLOWS
210434,2020-09-30,32766274.0,794.0,1229.0,10084104.0,,10855622.0,0.07159334587113472,151628924.0,13686819.0,182.0,913.0,-731.0,2,,0,0,0,0,0,0.41771057032606146,-435.0,-296.0,-612.0,-316.0,50.0,False,False,PASS_SUBSET_GROSS_FLOWS
210434,2020-12-31,33759676.0,6669.0,1180.0,9998147.0,,10796930.0,0.06367199926803559,169571085.0,13983914.0,6528.0,746.0,5782.0,2,,0,0,0,0,0,0.41421943741403205,5489.0,293.0,-141.0,-434.0,50.0,False,False,PASS_SUBSET_GROSS_FLOWS
210434,2021-03-31,34344288.0,444.0,1390.0,9752481.0,,10561495.0,0.06457999670113859,163541275.0,14288478.0,5.0,1220.0,-1215.0,2,,0,0,0,0,0,0.41603651821228615,-946.0,-269.0,-439.0,-170.0,50.0,False,False,PASS_SUBSET_GROSS_FLOWS
210434,2021-06-30,37406634.0,23.0,3228.0,10223680.0,,11058934.0,0.0643447680624621,171869980.0,14588514.0,19.0,1644.0,-1625.0,2,,0,0,0,0,0,0.38999804152386447,-3205.0,1580.0,-4.0,-1584.0,50.0,False,False,PASS_SUBSET_GROSS_FLOWS
210434,2021-09-30,39456620.0,37.0,1182.0,10565470.0,,11370925.0,0.06742279878526451,168651038.0,15171204.0,-1.0,722.0,-723.0,2,,0,0,1,0,1,0.3845033862505202,-1145.0,422.0,-38.0,-460.0,50.0,False,False,PASS_SUBSET_GROSS_FLOWS
210434,2021-12-31,40480572.0,308.0,1374.0,10313642.0,,11118965.0,0.060513520691852354,183743482.0,15412556.0,308.0,746.0,-438.0,2,,0,0,0,0,0,0.3807395804584975,-1066.0,628.0,0.0,-628.0,50.0,False,False,PASS_SUBSET_GROSS_FLOWS
210434,2022-03-31,39239079.0,97.0,3327.0,9826619.0,,10634208.0,0.061784259778244165,172118401.0,15884220.0,7.0,3149.0,-3142.0,2,,0,0,0,0,0,0.4048061372694298,-3230.0,88.0,-90.0,-178.0,50.0,False,False,PASS_SUBSET_GROSS_FLOWS
210434,2022-06-30,41207847.0,17.0,5447.0,9639232.0,,10422768.0,0.06626467238389938,157289965.0,15990175.0,14.0,4747.0,-4733.0,2,,0,0,0,0,0,0.388037137683995,-5430.0,697.0,-3.0,-700.0,50.0,False,False,PASS_SUBSET_GROSS_FLOWS
210434,2022-09-30,43991866.0,5474.0,931.0,9761038.0,,10541427.0,0.06614986103632434,159356752.0,16549860.0,534.0,572.0,-38.0,2,,0,0,0,0,0,0.376202728022494,4543.0,-4581.0,-4940.0,-359.0,50.0,False,False,PASS_SUBSET_GROSS_FLOWS
210434,2022-12-31,42893339.0,423.0,509.0,10111200.0,,10894617.0,0.07050488657782061,154522864.0,16674114.0,22.0,401.0,-379.0,2,,0,0,0,0,0,0.3887343440434889,-86.0,-293.0,-401.0,-108.0,50.0,False,False,PASS_SUBSET_GROSS_FLOWS
210434,2023-03-31,42369569.0,3952.0,1083.0,10656011.0,,11432183.0,0.07592445913521725,150573124.0,16937400.0,3937.0,889.0,3048.0,2,,0,0,0,0,0,0.3997538894011407,2869.0,179.0,-15.0,-194.0,50.0,False,False,PASS_SUBSET_GROSS_FLOWS
210434,2023-06-30,45128352.0,842.0,787.0,10673220.0,,11473773.0,0.07270330091238872,157816397.0,18217377.0,841.0,414.0,427.0,2,,0,0,0,0,0,0.4036791992758787,55.0,372.0,-1.0,-373.0,50.0,False,False,PASS_SUBSET_GROSS_FLOWS
210434,2023-09-30,43577043.0,854.0,1112.0,10817143.0,,11598582.0,0.07954180022521859,145817444.0,16945341.0,722.0,1059.0,-337.0,2,,0,0,0,0,0,0.388859358814227,-258.0,-79.0,-132.0,-53.0,50.0,False,False,PASS_SUBSET_GROSS_FLOWS
210434,2023-12-31,47616981.0,1897.0,714.0,10806181.0,,11588560.0,0.07712752995174564,150251927.0,16711248.0,1449.0,530.0,919.0,2,,0,0,0,0,0,0.3509514389414986,1183.0,-264.0,-448.0,-184.0,50.0,False,False,PASS_SUBSET_GROSS_FLOWS
210434,2024-03-31,47342594.0,11103.0,708.0,10700847.0,,11483735.0,0.07381584241134129,155572769.0,16746874.0,3749.0,483.0,3266.0,2,,0,0,0,0,0,0.35373798909286636,10395.0,-7129.0,-7354.0,-225.0,50.0,False,False,PASS_SUBSET_GROSS_FLOWS
210434,2024-06-30,42135180.0,277.0,388.0,11097600.0,,11885693.0,0.07606100629109115,156265261.0,16668015.0,9.0,357.0,-348.0,2,,0,0,0,0,0,0.395584283726805,-111.0,-237.0,-268.0,-31.0,50.0,False,False,PASS_SUBSET_GROSS_FLOWS
210434,2024-09-30,41950312.0,1.0,2441.0,10570363.0,,11390478.0,0.0733833597864197,155218813.0,16755482.0,0.0,2413.0,-2413.0,2,,0,0,0,0,0,0.39941257171102806,-2440.0,27.0,-1.0,-28.0,50.0,False,False,PASS_SUBSET_GROSS_FLOWS
210434,2024-12-31,43390614.0,4142.0,707.0,9983803.0,,10797892.0,0.0696873305113662,154947706.0,15990707.0,4156.0,675.0,3481.0,2,,0,0,0,0,0,0.36852917084787046,3435.0,46.0,14.0,-32.0,50.0,False,False,PASS_SUBSET_GROSS_FLOWS
210434,2025-03-31,40833258.0,313.0,514.0,10185412.0,,10986968.0,0.06679082326795775,164498167.0,15900305.0,313.0,348.0,-35.0,2,,0,0,0,0,0,0.3893959428855763,-201.0,166.0,0.0,-166.0,50.0,False,False,PASS_SUBSET_GROSS_FLOWS
210434,2025-06-30,43323421.0,114.0,449.0,10278574.0,,11100794.0,0.06479949819121929,171309876.0,15696101.0,0.0,363.0,-363.0,2,,0,0,0,0,0,0.3623005902511715,-335.0,-28.0,-114.0,-86.0,50.0,False,False,PASS_SUBSET_GROSS_FLOWS
210434,2025-09-30,42949351.0,2097.0,1682.0,10437748.0,,11258336.0,0.06639300958733506,169571105.0,15572545.0,2097.0,1644.0,453.0,2,,0,0,0,0,0,0.36257928554031005,415.0,38.0,0.0,-38.0,50.0,False,False,PASS_SUBSET_GROSS_FLOWS
210434,2025-12-31,41948281.0,1369.0,1014.0,10582201.0,,11411586.0,0.06469287984753379,176396321.0,15662256.0,1119.0,976.0,143.0,2,,0,0,0,0,0,0.3733706275115302,355.0,-212.0,-250.0,-38.0,50.0,False,False,PASS_SUBSET_GROSS_FLOWS
229801,2005-03-31,7321025.0,1378.0,744.0,852522.0,0.102,938522.0,0.08254191839456082,11370247.0,3910599.0,206.0,268.0,-62.0,3,,0,0,0,0,0,0.534160039065568,634.0,-696.0,-1172.0,-476.0,50.0,False,False,PASS_SUBSET_GROSS_FLOWS
229801,2005-06-30,7844790.0,1886.0,950.0,873419.0,0.098,1073372.0,0.08774591507749416,12232729.0,4204496.0,682.0,526.0,156.0,3,,0,0,0,0,0,0.5359602997658318,936.0,-780.0,-1204.0,-424.0,50.0,False,False,PASS_SUBSET_GROSS_FLOWS
229801,2005-09-30,8083264.0,1890.0,886.0,849249.0,0.092409,1027434.0,0.08252995668405061,12449225.0,4266600.0,804.0,464.0,340.0,3,,0,0,0,0,0,0.52783133150173,1004.0,-664.0,-1086.0,-422.0,50.0,False,False,PASS_SUBSET_GROSS_FLOWS
229801,2005-12-31,8133955.0,2448.0,918.0,867151.0,0.0936,1038148.0,0.08371872325697145,12400428.0,4342575.0,641.0,475.0,166.0,3,,0,0,0,0,0,0.5338823487467044,1530.0,-1364.0,-1807.0,-443.0,50.0,False,False,PASS_SUBSET_GROSS_FLOWS
229801,2006-03-31,8163699.0,1394.0,810.0,881036.0,0.096157,1039191.0,0.08461424218545043,12281514.0,4355036.0,438.0,270.0,168.0,3,,0,0,0,0,0,0.5334635684142691,584.0,-416.0,-956.0,-540.0,50.0,False,False,PASS_SUBSET_GROSS_FLOWS
229801,2006-06-30,8335692.0,3845.0,526.0,893913.0,0.095493,1043135.0,0.08413003901338156,12399079.0,4473514.0,2734.0,154.0,2580.0,3,,0,0,0,0,0,0.5366697809851899,3319.0,-739.0,-1111.0,-372.0,50.0,False,False,PASS_SUBSET_GROSS_FLOWS
229801,2006-09-30,8314235.0,2408.0,456.0,910943.0,0.097759,1084417.0,0.0873977048226674,12407843.0,4442053.0,1250.0,183.0,1067.0,3,,0,0,0,0,0,0.5342708018236194,1952.0,-885.0,-1158.0,-273.0,50.0,False,False,PASS_SUBSET_GROSS_FLOWS
229801,2006-12-31,8336359.0,4441.0,556.0,892646.0,0.09625,1054382.0,0.08527730600638604,12364157.0,4497912.0,2699.0,156.0,2543.0,3,,0,0,0,0,0,0.5395535389010958,3885.0,-1342.0,-1742.0,-400.0,50.0,False,False,PASS_SUBSET_GROSS_FLOWS
229801,2007-03-31,8283527.0,1730.0,635.0,878525.0,0.097565,1055724.0,0.08601508199478104,12273708.0,4430518.0,403.0,152.0,251.0,3,,0,0,0,0,0,0.5348588831786267,1095.0,-844.0,-1327.0,-483.0,50.0,False,False,PASS_SUBSET_GROSS_FLOWS
229801,2007-06-30,8186374.0,4058.0,913.0,890039.0,0.095377,1056153.0,0.0859242606011191,12291674.0,4265443.0,2723.0,400.0,2323.0,3,,0,0,0,0,0,0.5210417945722978,3145.0,-822.0,-1335.0,-513.0,50.0,False,False,PASS_SUBSET_GROSS_FLOWS
229801,2007-09-30,8373530.0,3892.0,1027.0,899197.0,0.095458,1070169.0,0.08622782773949482,12410947.0,4410638.0,1636.0,616.0,1020.0,3,,0,0,0,0,0,0.5267357972085847,2865.0,-1845.0,-2256.0,-411.0,50.0,False,False,PASS_SUBSET_GROSS_FLOWS
229801,2007-12-31,8499205.0,5455.0,902.0,900344.0,0.092837,1075652.0,0.08455903682196655,12720722.0,4430546.0,1671.0,530.0,1141.0,3,,0,0,0,0,0,0.5212894617790723,4553.0,-3412.0,-3784.0,-372.0,50.0,False,False,PASS_SUBSET_GROSS_FLOWS
229801,2008-03-31,8676064.0,4602.0,697.0,886113.0,0.091101,1060842.0,0.0820213757427674,12933726.0,4116071.0,826.0,215.0,611.0,3,,0,0,0,0,0,0.47441685538511474,3905.0,-3294.0,-3776.0,-482.0,50.0,False,False,PASS_SUBSET_GROSS_FLOWS
229801,2008-06-30,9048257.0,5446.0,565.0,879647.0,0.087447,1028320.0,0.07930970202637246,12965879.0,4284725.0,1206.0,56.0,1150.0,3,,0,0,0,0,0,0.47354147876215275,4881.0,-3731.0,-4240.0,-509.0,50.0,False,False,PASS_SUBSET_GROSS_FLOWS
229801,2008-09-30,10059647.0,5198.0,751.0,933885.0,0.084129,1200528.0,0.08413292790687553,14269419.0,4620425.0,1314.0,57.0,1257.0,3,,0,0,0,0,0,0.45930289601613256,4447.0,-3190.0,-3884.0,-694.0,50.0,False,False,PASS_SUBSET_GROSS_FLOWS
229801,2008-12-31,10148231.0,7417.0,761.0,996484.0,0.089107,1249915.0,0.08502718435915857,14700181.0,4648376.0,1838.0,96.0,1742.0,3,,0,0,0,0,0,0.45804791002490974,6656.0,-4914.0,-5579.0,-665.0,50.0,False,False,PASS_SUBSET_GROSS_FLOWS
229801,2009-03-31,9878260.0,8041.0,799.0,1004533.0,0.093529,1265937.0,0.08782659974122471,14414050.0,7713700.0,2236.0,57.0,2179.0,3,,0,0,0,0,0,0.780876389161654,7242.0,-5063.0,-5805.0,-742.0,50.0,False,False,PASS_SUBSET_GROSS_FLOWS
229801,2009-06-30,9645973.0,9202.0,979.0,1015100.0,0.092796,1290358.0,0.09144134577355952,14111319.0,7534199.0,2962.0,36.0,2926.0,3,,0,0,0,0,0,0.7810719561416977,8223.0,-5297.0,-6240.0,-943.0,50.0,False,False,PASS_SUBSET_GROSS_FLOWS
229801,2009-09-30,9525631.0,10810.0,824.0,1024445.0,0.094506,1310604.0,0.0922324354432981,14209795.0,7496161.0,4462.0,119.0,4343.0,3,,0,0,0,0,0,0.7869463975667333,9986.0,-5643.0,-6348.0,-705.0,50.0,False,False,PASS_SUBSET_GROSS_FLOWS
229801,2009-12-31,9395563.0,14411.0,787.0,1027774.0,0.096206,1314229.0,0.09214515310853319,14262595.0,7435676.0,9582.0,164.0,9418.0,3,,0,0,0,0,0,0.791402920719067,13624.0,-4206.0,-4829.0,-623.0,50.0,False,False,PASS_SUBSET_GROSS_FLOWS
229801,2010-03-31,9588193.0,14164.0,3181.0,1049308.0,0.098138,1351068.0,0.09348235880861173,14452652.0,7680528.0,9400.0,2456.0,6944.0,3,,0,0,0,0,0,0.8010401959993921,10983.0,-4039.0,-4764.0,-725.0,50.0,False,False,PASS_SUBSET_GROSS_FLOWS
229801,2010-06-30,9438311.0,6886.0,1668.0,1059674.0,0.100529,1367689.0,0.09705105613501792,14092469.0,7578763.0,4084.0,818.0,3266.0,3,,0,0,0,0,0,0.8029787321057761,5218.0,-1952.0,-2802.0,-850.0,50.0,False,False,PASS_SUBSET_GROSS_FLOWS
229801,2010-09-30,9540153.0,6863.0,767.0,1072988.0,0.101578,1387165.0,0.09860178403219254,14068356.0,7663974.0,3815.0,219.0,3596.0,3,,0,0,0,0,0,0.803338688593359,6096.0,-2500.0,-3048.0,-548.0,50.0,False,False,PASS_SUBSET_GROSS_FLOWS
229801,2010-12-31,9424753.0,5746.0,1436.0,1085423.0,0.104027,1407703.0,0.09968060072498948,14122136.0,7573454.0,2060.0,802.0,1258.0,3,,0,0,0,0,0,0.80357055511163,4310.0,-3052.0,-3686.0,-634.0,50.0,False,False,PASS_SUBSET_GROSS_FLOWS
229801,2011-03-31,9560778.0,10035.0,1092.0,1094178.0,0.104373,1416904.0,0.0987971589673805,14341546.0,7743662.0,7934.0,431.0,7503.0,3,,0,0,0,0,0,0.8099405717819198,8943.0,-1440.0,-2101.0,-661.0,50.0,False,False,PASS_SUBSET_GROSS_FLOWS
229801,2011-06-30,9619408.0,8486.0,1630.0,1105799.0,0.105137,1420872.0,0.09833484251581597,14449324.0,7756313.0,6686.0,774.0,5912.0,3,,0,0,0,0,0,0.8063191622602971,6856.0,-944.0,-1800.0,-856.0,50.0,False,False,PASS_SUBSET_GROSS_FLOWS
229801,2011-09-30,9634437.0,12056.0,1082.0,1065012.0,0.102449,1415532.0,0.09960519097728955,14211428.0,7844699.0,10155.0,481.0,9674.0,3,,0,0,0,0,0,0.8142353310317977,10974.0,-1300.0,-1901.0,-601.0,50.0,False,False,PASS_SUBSET_GROSS_FLOWS
229801,2011-12-31,9787819.0,18138.0,1257.0,1067602.0,0.104249,1379471.0,0.09723706302229014,14186679.0,7978924.0,15372.0,663.0,14709.0,3,,0,0,0,0,0,0.8151891652266966,16881.0,-2172.0,-2766.0,-594.0,50.0,False,False,PASS_SUBSET_GROSS_FLOWS
229801,2012-03-31,11165414.0,8546.0,2240.0,1162729.0,0.100234,1609926.0,0.10105080088637551,15931848.0,9273702.0,6745.0,1624.0,5121.0,3,,0,0,0,0,0,0.8305739491612223,6306.0,-1185.0,-1801.0,-616.0,50.0,False,False,PASS_SUBSET_GROSS_FLOWS
229801,2012-06-30,11453822.0,12383.0,1938.0,1169238.0,0.099476,1617329.0,0.10109305175717676,15998419.0,9525856.0,10627.0,1409.0,9218.0,3,,0,0,0,0,0,0.8316748767354687,10445.0,-1227.0,-1756.0,-529.0,50.0,False,False,PASS_SUBSET_GROSS_FLOWS
229801,2012-09-30,11298005.0,9367.0,1178.0,1201241.0,0.104496,1646443.0,0.10450581320619638,15754559.0,9322859.0,7834.0,499.0,7335.0,3,,0,0,0,0,0,0.8251774538956214,8189.0,-854.0,-1533.0,-679.0,50.0,False,False,PASS_SUBSET_GROSS_FLOWS
229801,2012-12-31,11143028.0,6352.0,2050.0,1201499.0,0.105374,1646598.0,0.10292455226108939,15998107.0,9144047.0,4385.0,1614.0,2771.0,3,,0,0,0,0,0,0.8206070199231305,4302.0,-1531.0,-1967.0,-436.0,50.0,False,False,PASS_SUBSET_GROSS_FLOWS
229801,2013-03-31,10946551.0,11720.0,1819.0,1222242.0,0.108475,1663991.0,0.10390305442913518,16014842.0,8918869.0,9923.0,1254.0,8669.0,3,,0,0,0,0,0,0.8147652169162689,9901.0,-1232.0,-1797.0,-565.0,50.0,False,False,PASS_SUBSET_GROSS_FLOWS
229801,2013-06-30,10931926.0,8354.0,1319.0,1230237.0,0.107683,1676978.0,0.10504617237607725,15964199.0,8928341.0,6023.0,483.0,5540.0,3,,0,0,0,0,0,0.8167216828946702,7035.0,-1495.0,-2331.0,-836.0,50.0,False,False,PASS_SUBSET_GROSS_FLOWS
229801,2013-09-30,11406792.0,12007.0,2868.0,1223500.0,0.104892,1670460.0,0.10463931926750096,15963980.0,9361398.0,9605.0,1830.0,7775.0,3,,0,0,0,0,0,0.8206863068950498,9139.0,-1364.0,-2402.0,-1038.0,50.0,False,False,PASS_SUBSET_GROSS_FLOWS
229801,2013-12-31,11578100.0,8168.0,2766.0,1239510.0,0.104877,1680730.0,0.10407059410821229,16149903.0,9501330.0,6682.0,2332.0,4350.0,3,,0,0,0,0,0,0.8206294642471562,5402.0,-1052.0,-1486.0,-434.0,50.0,False,False,PASS_SUBSET_GROSS_FLOWS
229801,2014-03-31,11726980.0,14240.0,2382.0,,,1700460.0,0.1041525792472467,16326624.0,9575666.0,12360.0,1873.0,10487.0,3,,0,0,0,0,0,0.8165500410165277,11858.0,-1371.0,-1880.0,-509.0,50.0,False,False,PASS_SUBSET_GROSS_FLOWS
229801,2014-06-30,11829496.0,4750.0,6765.0,,,1708443.0,0.104669858963917,16322206.0,9558363.0,3501.0,5114.0,-1613.0,3,,0,0,0,0,0,0.8080110090911734,-2015.0,402.0,-1249.0,-1651.0,50.0,False,False,PASS_SUBSET_GROSS_FLOWS
229801,2014-09-30,12176078.0,2346.0,1731.0,,,1709700.0,0.10230565605409293,16711686.0,9783580.0,2187.0,1210.0,977.0,3,,0,0,0,0,0,0.8035083218093708,615.0,362.0,-159.0,-521.0,50.0,False,False,PASS_SUBSET_GROSS_FLOWS
229801,2014-12-31,13498207.0,5562.0,1310.0,,,1967373.0,0.1047459835108797,18782324.0,10879412.0,3989.0,984.0,3005.0,3,,0,0,0,0,0,0.8059894177056256,4252.0,-1247.0,-1573.0,-326.0,50.0,False,False,PASS_SUBSET_GROSS_FLOWS
229801,2015-03-31,13738109.0,1666.0,1944.0,1393899.0,,1966641.0,0.10370531809042129,18963743.0,11099721.0,792.0,1185.0,-393.0,3,,0,0,0,0,0,0.807951152520336,-278.0,-115.0,-874.0,-759.0,50.0,False,False,PASS_SUBSET_GROSS_FLOWS
229801,2015-06-30,14484827.0,7349.0,3171.0,1513415.0,,2080432.0,0.10793227224391862,19275347.0,11690142.0,5604.0,2311.0,3293.0,3,,0,0,0,0,0,0.8070612096368152,4178.0,-885.0,-1745.0,-860.0,50.0,False,False,PASS_SUBSET_GROSS_FLOWS
229801,2015-09-30,15034998.0,2010.0,3726.0,1520836.0,,2083408.0,0.10653699142000572,19555724.0,12212466.0,1151.0,3194.0,-2043.0,3,,0,0,0,0,0,0.8122692134711291,-1716.0,-327.0,-859.0,-532.0,50.0,False,False,PASS_SUBSET_GROSS_FLOWS
229801,2015-12-31,16059489.0,3947.0,2110.0,1618054.0,,2297421.0,0.10656348832626998,21559176.0,12940277.0,3047.0,1626.0,1421.0,3,,0,0,0,0,0,0.8057714040589959,1837.0,-416.0,-900.0,-484.0,50.0,False,False,PASS_SUBSET_GROSS_FLOWS
229801,2016-03-31,16151333.0,2511.0,1019.0,1646283.0,,2338450.0,0.10786131869727493,21680154.0,13071660.0,1379.0,603.0,776.0,3,,0,0,0,0,0,0.8093239115310172,1492.0,-716.0,-1132.0,-416.0,50.0,False,False,PASS_SUBSET_GROSS_FLOWS
229801,2016-06-30,16503720.0,1755.0,3065.0,1660727.0,,2348456.0,0.10790384142575234,21764341.0,13445610.0,928.0,2526.0,-1598.0,3,,0,0,0,0,0,0.8147017763267917,-1310.0,-288.0,-827.0,-539.0,50.0,False,False,PASS_SUBSET_GROSS_FLOWS
229801,2016-09-30,16836504.0,5062.0,1722.0,1677204.0,,2370528.0,0.10624331309214093,22312256.0,13745185.0,4215.0,1385.0,2830.0,3,,0,0,0,0,0,0.816391870901465,3340.0,-510.0,-847.0,-337.0,50.0,False,False,PASS_SUBSET_GROSS_FLOWS
229801,2016-12-31,17293811.0,1641.0,1531.0,1807201.0,,2490619.0,0.10910618334622861,22827478.0,14086941.0,655.0,1029.0,-374.0,3,,0,0,0,0,0,0.8145654535024119,110.0,-484.0,-986.0,-502.0,50.0,False,False,PASS_SUBSET_GROSS_FLOWS
229801,2017-03-31,17564565.0,3379.0,2001.0,1830170.0,,2519134.0,0.10867696478924219,23180018.0,14346236.0,2141.0,1410.0,731.0,3,,0,0,0,0,0,0.8167714941986892,1378.0,-647.0,-1238.0,-591.0,50.0,False,False,PASS_SUBSET_GROSS_FLOWS
229801,2017-06-30,17850336.0,4289.0,1582.0,1857730.0,,2541987.0,0.10856890207705501,23413583.0,14573381.0,2992.0,828.0,2164.0,3,,0,0,0,0,0,0.8164205424480525,2707.0,-543.0,-1297.0,-754.0,50.0,False,False,PASS_SUBSET_GROSS_FLOWS
229801,2017-09-30,18214783.0,1729.0,2948.0,1964544.0,,2647265.0,0.11153099452895596,23735689.0,14857858.0,178.0,2577.0,-2399.0,3,,0,0,0,0,0,0.8157032669562959,-1219.0,-1180.0,-1551.0,-371.0,50.0,False,False,PASS_SUBSET_GROSS_FLOWS
229801,2017-12-31,18346699.0,1677.0,2449.0,1961316.0,,2637337.0,0.11004836418591683,23965254.0,14935833.0,437.0,1838.0,-1401.0,3,,0,0,0,0,0,0.8140883000260701,-772.0,-629.0,-1240.0,-611.0,50.0,False,False,PASS_SUBSET_GROSS_FLOWS
229801,2018-03-31,22561216.0,1720.0,3024.0,2333497.0,,3409069.0,0.11587098942475144,29421247.0,18471576.0,403.0,2498.0,-2095.0,3,,0,0,0,0,0,0.8187314017116808,-1304.0,-791.0,-1317.0,-526.0,50.0,False,False,PASS_SUBSET_GROSS_FLOWS
229801,2018-06-30,23267386.0,2201.0,1509.0,2370583.0,,3437954.0,0.11407076012091265,30138784.0,19039032.0,523.0,993.0,-470.0,3,,0,0,0,0,0,0.8182712058844943,692.0,-1162.0,-1678.0,-516.0,50.0,False,False,PASS_SUBSET_GROSS_FLOWS
229801,2018-09-30,24142965.0,1982.0,1751.0,2395821.0,,3459012.0,0.1122010443710936,30828697.0,19875255.0,607.0,1134.0,-527.0,3,,0,0,0,0,0,0.8232317364499347,231.0,-758.0,-1375.0,-617.0,50.0,False,False,PASS_SUBSET_GROSS_FLOWS
229801,2018-12-31,25070624.0,2160.0,1121.0,2442359.0,,3508009.0,0.11021329674143977,31829272.0,20672568.0,817.0,583.0,234.0,3,,0,0,0,0,0,0.8245733333163148,1039.0,-805.0,-1343.0,-538.0,50.0,False,False,PASS_SUBSET_GROSS_FLOWS
229801,2019-03-31,25455021.0,6325.0,991.0,2537563.0,,3616550.0,0.11143123204326622,32455443.0,20993155.0,4020.0,482.0,3538.0,3,,0,0,0,0,0,0.8247156818295298,5334.0,-1796.0,-2305.0,-509.0,50.0,False,False,PASS_SUBSET_GROSS_FLOWS
229801,2019-06-30,25838803.0,4825.0,1843.0,2580986.0,,3675262.0,0.11137376610830922,32999351.0,21202107.0,2702.0,1173.0,1529.0,3,,0,0,0,0,0,0.820552987690645,2982.0,-1453.0,-2123.0,-670.0,50.0,False,False,PASS_SUBSET_GROSS_FLOWS
229801,2019-09-30,26608780.0,2987.0,978.0,2630246.0,,3729696.0,0.110553368860909,33736611.0,21890397.0,470.0,337.0,133.0,3,,0,0,0,0,0,0.8226757107992174,2009.0,-1876.0,-2517.0,-641.0,50.0,False,False,PASS_SUBSET_GROSS_FLOWS
229801,2019-12-31,29775321.0,8078.0,2494.0,3152070.0,,4569751.0,0.12205017106917876,37441578.0,24851088.0,5098.0,1566.0,3532.0,3,,0,0,0,0,0,0.8346203219773852,5584.0,-2052.0,-2980.0,-928.0,50.0,False,False,PASS_SUBSET_GROSS_FLOWS
229801,2020-03-31,30486935.0,6305.0,1506.0,3203498.0,,4607069.0,0.11780003157310624,39109234.0,25477275.0,2928.0,674.0,2254.0,3,,0,0,0,0,0,0.8356784635779229,4799.0,-2545.0,-3377.0,-832.0,50.0,False,False,PASS_SUBSET_GROSS_FLOWS
229801,2020-06-30,32435210.0,16656.0,1903.0,3385605.0,,4782388.0,0.1146683687935236,41706253.0,27469936.0,12326.0,1324.0,11002.0,3,,0,0,0,0,0,0.8469171619360565,14753.0,-3751.0,-4330.0,-579.0,50.0,False,False,PASS_SUBSET_GROSS_FLOWS
229801,2020-09-30,32624836.0,17126.0,1711.0,3448166.0,,4838803.0,0.11878784721635774,40734832.0,27695507.0,13756.0,306.0,13450.0,3,,0,0,0,0,0,0.8489086964299223,15415.0,-1965.0,-3370.0,-1405.0,50.0,False,False,PASS_SUBSET_GROSS_FLOWS
229801,2020-12-31,32518539.0,5202.0,2200.0,3607625.0,,4995810.0,0.12280722929446308,40680097.0,27475941.0,2923.0,1360.0,1563.0,3,,0,0,0,0,0,0.844931594251513,3002.0,-1439.0,-2279.0,-840.0,50.0,False,False,PASS_SUBSET_GROSS_FLOWS
229801,2021-03-31,32918484.0,8800.0,2745.0,3699612.0,,5074814.0,0.12330137625172188,41157805.0,27789540.0,7005.0,1510.0,5495.0,3,,0,0,0,0,0,0.8441925818941115,6055.0,-560.0,-1795.0,-1235.0,50.0,False,False,PASS_SUBSET_GROSS_FLOWS
229801,2021-06-30,32616710.0,12374.0,3008.0,3993176.0,,5364851.0,0.1299178448411412,41294181.0,27448604.0,10020.0,1304.0,8716.0,3,,0,0,0,0,0,0.8415503586965086,9366.0,-650.0,-2354.0,-1704.0,50.0,False,False,PASS_SUBSET_GROSS_FLOWS
229801,2021-09-30,32763897.0,2019.0,1726.0,4119028.0,,5487301.0,0.13288409333400397,41293889.0,27521887.0,641.0,524.0,117.0,3,,0,0,0,0,0,0.8400065169292896,293.0,-176.0,-1378.0,-1202.0,50.0,False,False,PASS_SUBSET_GROSS_FLOWS
229801,2021-12-31,34293173.0,3139.0,3763.0,4308734.0,,5757995.0,0.13259687427122607,43424817.0,28993956.0,1694.0,2783.0,-1089.0,3,,0,0,0,0,0,0.8454731208453647,-624.0,-465.0,-1445.0,-980.0,50.0,False,False,PASS_SUBSET_GROSS_FLOWS
229801,2022-03-31,35442037.0,2595.0,2645.0,4290309.0,,5730579.0,0.13197748042215168,43420885.0,29691586.0,1273.0,1325.0,-52.0,3,,0,0,0,0,0,0.8377505502858089,-50.0,-2.0,-1322.0,-1320.0,50.0,False,False,PASS_SUBSET_GROSS_FLOWS
229801,2022-06-30,43579125.0,5267.0,2947.0,4977845.0,,6922427.0,0.12716751017258957,54435500.0,35777291.0,4011.0,2093.0,1918.0,3,,0,0,0,0,0,0.8209731379416176,2320.0,-402.0,-1256.0,-854.0,50.0,False,False,PASS_SUBSET_GROSS_FLOWS
229801,2022-09-30,45191837.0,9995.0,15605.0,5121353.0,,6999912.0,0.12516543502330252,55925280.0,37028645.0,8600.0,14957.0,-6357.0,3,,0,0,0,0,0,0.8193657850199805,-5610.0,-747.0,-1395.0,-648.0,50.0,False,False,PASS_SUBSET_GROSS_FLOWS
229801,2022-12-31,46935318.0,24039.0,1597.0,5284372.0,,7152437.0,0.12449488616106485,57451653.0,38458178.0,21952.0,882.0,21070.0,3,,0,0,0,0,0,0.8193867568980784,22442.0,-1372.0,-2087.0,-715.0,50.0,False,False,PASS_SUBSET_GROSS_FLOWS
229801,2023-03-31,48677184.0,32573.0,2205.0,5362097.0,,7254058.0,0.11279076371999498,64314291.0,40078014.0,25308.0,1276.0,24032.0,3,,0,0,0,0,0,0.823342903319962,30368.0,-6336.0,-7265.0,-929.0,50.0,False,False,PASS_SUBSET_GROSS_FLOWS
229801,2023-06-30,49910292.0,11327.0,2702.0,5446582.0,,7306704.0,0.1184208760589025,61701148.0,41017038.0,8924.0,2145.0,6779.0,3,,0,0,0,0,0,0.8218152280094855,8625.0,-1846.0,-2403.0,-557.0,50.0,False,False,PASS_SUBSET_GROSS_FLOWS
229801,2023-09-30,50131353.0,8918.0,3440.0,5404401.0,,7220741.0,0.11801322857906665,61185861.0,41251592.0,6103.0,2607.0,3496.0,3,,0,0,0,0,0,0.8228701108465993,5478.0,-1982.0,-2815.0,-833.0,50.0,False,False,PASS_SUBSET_GROSS_FLOWS
229801,2023-12-31,50240935.0,22635.0,5144.0,5420894.0,,7281778.0,0.11948347958445522,60943806.0,41450240.0,10746.0,23.0,10723.0,2,,0,0,0,1,1,0.8250292316414891,17491.0,-6768.0,-11889.0,-5121.0,50.0,False,False,PASS_SUBSET_GROSS_FLOWS
229801,2024-03-31,49983824.0,24900.0,1345.0,5442185.0,,7299491.0,0.1196833070364214,60990051.0,41308314.0,7082.0,270.0,6812.0,2,,0,0,0,0,0,0.8264336478137407,23555.0,-16743.0,-17818.0,-1075.0,50.0,False,False,PASS_SUBSET_GROSS_FLOWS
229801,2024-06-30,50331596.0,38339.0,1500.0,5457352.0,,7302452.0,0.11768643119792473,62050076.0,41756656.0,22144.0,158.0,21986.0,2,,0,0,0,0,0,0.8296310730937282,36839.0,-14853.0,-16195.0,-1342.0,50.0,False,False,PASS_SUBSET_GROSS_FLOWS
229801,2024-09-30,50198527.0,48221.0,5313.0,5583510.0,,7471032.0,0.12032748908126531,62089154.0,42053840.0,38123.0,1633.0,36490.0,2,,0,0,0,0,0,0.8377504782162234,42908.0,-6418.0,-10098.0,-3680.0,50.0,False,False,PASS_SUBSET_GROSS_FLOWS
229801,2024-12-31,48825399.0,103652.0,5344.0,6041434.0,,7884398.0,0.12625842501046095,62446510.0,40962270.0,69259.0,3222.0,66037.0,2,,0,0,0,0,0,0.8389541271337077,98308.0,-32271.0,-34393.0,-2122.0,50.0,False,False,PASS_SUBSET_GROSS_FLOWS
229801,2025-03-31,48684511.0,44019.0,2070.0,6149462.0,,8026536.0,0.12984141171704414,61817997.0,40748976.0,13497.0,420.0,13077.0,2,,0,0,0,0,0,0.8370008276348919,41949.0,-28872.0,-30522.0,-1650.0,50.0,False,False,PASS_SUBSET_GROSS_FLOWS
229801,2025-06-30,49419522.0,42071.0,4242.0,6181833.0,,8026050.0,0.12810943574226522,62649952.0,40721930.0,14669.0,683.0,13986.0,2,,0,0,0,0,0,0.8240049347300445,37829.0,-23843.0,-27402.0,-3559.0,50.0,False,False,PASS_SUBSET_GROSS_FLOWS
229801,2025-09-30,49290921.0,16566.0,1979.0,6202250.0,,8063357.0,0.1280727298914505,62959203.0,40948336.0,12343.0,265.0,12078.0,2,,0,0,0,0,0,0.8307480397860694,14587.0,-2509.0,-4223.0,-1714.0,50.0,False,False,PASS_SUBSET_GROSS_FLOWS
229801,2025-12-31,50162966.0,25052.0,2502.0,6297558.0,,8185196.0,0.12777001610644148,64061947.0,41083372.0,16039.0,1470.0,14569.0,2,,0,0,0,0,0,0.8189980632325449,22550.0,-7981.0,-9013.0,-1032.0,50.0,False,False,PASS_SUBSET_GROSS_FLOWS
233031,2005-03-31,38210353.0,25717.0,8711.0,3960396.0,0.0952,4091860.0,0.08041308427744642,50885500.0,23065000.0,13520.0,3177.0,10343.0,3,,0,0,0,0,0,0.6036322145466702,17006.0,-6663.0,-12197.0,-5534.0,50.0,False,False,PASS_SUBSET_GROSS_FLOWS
233031,2005-06-30,60488353.0,32168.0,11109.0,6616070.0,0.1004,11004068.0,0.13449018786845626,81820601.0,34705826.0,20251.0,5719.0,14532.0,3,,0,0,0,0,0,0.5737604725326213,21059.0,-6527.0,-11917.0,-5390.0,50.0,False,False,PASS_SUBSET_GROSS_FLOWS
233031,2005-09-30,60535104.0,64426.0,22282.0,6902241.0,0.1039,11169479.0,0.13742902834559784,81274525.0,33461527.0,40387.0,12781.0,27606.0,3,,0,0,0,0,0,0.5527623608278595,42144.0,-14538.0,-24039.0,-9501.0,50.0,False,False,PASS_SUBSET_GROSS_FLOWS
233031,2005-12-31,60096089.0,64420.0,19225.0,6951188.0,0.1043,11180501.0,0.13790420557156868,81074402.0,33275011.0,42188.0,11813.0,30375.0,3,,0,0,0,0,0,0.553696780500974,45195.0,-14820.0,-22232.0,-7412.0,50.0,False,False,PASS_SUBSET_GROSS_FLOWS
233031,2006-03-31,60137509.0,55231.0,21374.0,6884161.0,0.1045,10985385.0,0.1367071662023245,80357053.0,33718761.0,30066.0,12733.0,17333.0,3,,0,0,0,0,0,0.5606943413635573,33857.0,-16524.0,-25165.0,-8641.0,50.0,False,False,PASS_SUBSET_GROSS_FLOWS
233031,2006-06-30,61540202.0,61576.0,20649.0,6880693.0,0.1015,10776928.0,0.13149858013041593,81954710.0,35276901.0,35950.0,11563.0,24387.0,3,,0,0,0,0,0,0.5732334287755506,40927.0,-16540.0,-25626.0,-9086.0,50.0,False,False,PASS_SUBSET_GROSS_FLOWS
233031,2006-09-30,61493901.0,53315.0,19385.0,7250606.0,0.1065,11246796.0,0.13638238808328812,82465164.0,35436982.0,27704.0,9296.0,18408.0,3,,0,0,0,0,0,0.5762682383737535,33930.0,-15522.0,-25611.0,-10089.0,50.0,False,False,PASS_SUBSET_GROSS_FLOWS
233031,2006-12-31,99548289.0,104798.0,27444.0,11095684.0,0.0977,21707358.0,0.15654200060709053,138667948.0,55077550.0,55888.0,14473.0,41415.0,3,,0,0,0,0,0,0.5532747026922783,77354.0,-35939.0,-48910.0,-12971.0,50.0,False,False,PASS_SUBSET_GROSS_FLOWS
233031,2007-03-31,95411418.0,74096.0,27402.0,10846505.0,0.0987,21368839.0,0.16039744668519917,133224309.0,52701244.0,36235.0,11437.0,24798.0,3,,0,0,0,0,0,0.552357832057375,46694.0,-21896.0,-37861.0,-15965.0,50.0,False,False,PASS_SUBSET_GROSS_FLOWS
233031,2007-06-30,95718640.0,80660.0,26274.0,10797012.0,0.0981,21165674.0,0.15953933712638182,132667431.0,52422875.0,38977.0,11559.0,27418.0,3,,0,0,0,0,0,0.5476767638988602,54386.0,-26968.0,-41683.0,-14715.0,50.0,False,False,PASS_SUBSET_GROSS_FLOWS
233031,2007-09-30,95287010.0,102229.0,21072.0,10574568.0,0.0953,21326471.0,0.15924691804916874,133920777.0,50846376.0,57042.0,9827.0,47215.0,3,,0,0,0,0,0,0.5336128817558657,81157.0,-33942.0,-45187.0,-11245.0,50.0,False,False,PASS_SUBSET_GROSS_FLOWS
233031,2007-12-31,96286671.0,129767.0,22295.0,9798731.0,0.0865,20843445.0,0.15208669131372377,137049763.0,51366902.0,77286.0,11416.0,65870.0,3,,0,0,0,0,0,0.5334788446471475,107472.0,-41602.0,-52481.0,-10879.0,50.0,False,False,PASS_SUBSET_GROSS_FLOWS
233031,2008-03-31,97409529.0,146483.0,20725.0,10031451.0,0.0876,21185896.0,0.15158162384969187,139765596.0,35730132.0,16830.0,2191.0,14639.0,2,,0,0,0,0,0,0.36680325186666285,125758.0,-111119.0,-129653.0,-18534.0,50.0,False,False,PASS_SUBSET_GROSS_FLOWS
233031,2008-06-30,99187763.0,239738.0,25777.0,10002300.0,0.0859,20678723.0,0.14838995211688683,139353930.0,36133565.0,34522.0,3495.0,31027.0,2,,0,0,0,0,0,0.3642945854117105,213961.0,-182934.0,-205216.0,-22282.0,50.0,False,False,PASS_SUBSET_GROSS_FLOWS
233031,2008-09-30,99785958.0,438506.0,22122.0,9820007.0,0.0851,20578924.0,0.14745970467221053,139556254.0,34933330.0,67745.0,7206.0,60539.0,3,,0,0,0,0,0,0.3500826238497405,416384.0,-355845.0,-370761.0,-14916.0,50.0,False,False,PASS_SUBSET_GROSS_FLOWS
233031,2008-12-31,98729936.0,820595.0,24604.0,9640018.0,0.0841,14191926.0,0.0998840509880053,142084005.0,34720283.0,158755.0,7111.0,151644.0,3,,0,0,0,0,0,0.35166925460176535,795991.0,-644347.0,-661840.0,-17493.0,50.0,False,False,PASS_SUBSET_GROSS_FLOWS
233031,2009-03-31,97655749.0,412712.0,22653.0,9706510.0,0.087,14321596.0,0.10453749161658221,136999614.0,55138655.0,101360.0,6882.0,94478.0,3,,0,0,0,0,0,0.5646227238500828,390059.0,-295581.0,-311352.0,-15771.0,50.0,False,False,PASS_SUBSET_GROSS_FLOWS
233031,2009-06-30,98096696.0,520470.0,29683.0,9385562.0,0.0864,14070406.0,0.1038940730436958,135430305.0,55736857.0,148241.0,8592.0,139649.0,3,,0,0,0,0,0,0.5681828162693675,490787.0,-351138.0,-372229.0,-21091.0,50.0,False,False,PASS_SUBSET_GROSS_FLOWS
233031,2009-09-30,94270983.0,715468.0,34993.0,11489855.0,0.1089,16387436.0,0.12085625339800068,135594440.0,53446708.0,419647.0,12727.0,406920.0,3,,0,0,0,0,0,0.5669476046515819,680475.0,-273555.0,-295821.0,-22266.0,50.0,False,False,PASS_SUBSET_GROSS_FLOWS
233031,2009-12-31,92224632.0,720349.0,28733.0,10577498.0,0.1036,15888831.0,0.11513081427755827,138006763.0,52479365.0,400404.0,10768.0,389636.0,3,,0,0,0,0,0,0.5690384863774789,691616.0,-301980.0,-319945.0,-17965.0,50.0,False,False,PASS_SUBSET_GROSS_FLOWS
233031,2010-03-31,89275952.0,730008.0,30303.0,10518345.0,0.1062,15821257.0,0.11879025239286278,133186492.0,51992133.0,373245.0,11915.0,361330.0,3,,0,0,0,0,0,0.5823755651465917,699705.0,-338375.0,-356763.0,-18388.0,50.0,False,False,PASS_SUBSET_GROSS_FLOWS
233031,2010-06-30,87162246.0,681379.0,30792.0,10994161.0,0.1127,15923532.0,0.12154361632013276,131010846.0,51859994.0,406516.0,12700.0,393816.0,3,,0,0,0,0,0,0.5949823046092686,650587.0,-256771.0,-274863.0,-18092.0,50.0,False,False,PASS_SUBSET_GROSS_FLOWS
233031,2010-09-30,86070497.0,789374.0,29894.0,10926585.0,0.1139,15696761.0,0.12161652666155018,129067664.0,52529909.0,416031.0,13918.0,402113.0,3,,0,0,0,0,0,0.6103126022381398,759480.0,-357367.0,-373343.0,-15976.0,50.0,False,False,PASS_SUBSET_GROSS_FLOWS
233031,2010-12-31,84420465.0,711255.0,29207.0,10970769.0,0.1168,15334841.0,0.11945559714633783,128372729.0,57549334.0,450831.0,14141.0,436690.0,3,,0,0,0,0,0,0.6816988511020402,682048.0,-245358.0,-260424.0,-15066.0,50.0,False,False,PASS_SUBSET_GROSS_FLOWS
233031,2011-03-31,82995278.0,510677.0,29586.0,11043929.0,0.1189,15291343.0,0.11992849564037424,127503834.0,57331940.0,246123.0,7493.0,238630.0,2,,0,0,0,0,0,0.6907855649329833,481091.0,-242461.0,-264554.0,-22093.0,50.0,False,False,PASS_SUBSET_GROSS_FLOWS
233031,2011-06-30,82390425.0,580953.0,32703.0,11206310.0,0.1206,15603036.0,0.12313027546080114,126719736.0,56084362.0,375406.0,7645.0,367761.0,2,,0,0,0,0,0,0.6807145611883905,548250.0,-180489.0,-205547.0,-25058.0,50.0,False,False,PASS_SUBSET_GROSS_FLOWS
233031,2011-09-30,80536725.0,546619.0,35366.0,11344679.0,0.1236,16047053.0,0.12787721793962503,125487974.0,54841627.0,285891.0,10807.0,275084.0,2,,0,0,0,0,0,0.6809517893855257,511253.0,-236169.0,-260728.0,-24559.0,50.0,False,False,PASS_SUBSET_GROSS_FLOWS
233031,2011-12-31,78885840.0,469244.0,39850.0,11622630.0,0.1285,15992948.0,0.1296358997788109,123368203.0,53622705.0,231806.0,14754.0,217052.0,2,,0,0,0,0,0,0.6797507005059463,429394.0,-212342.0,-237438.0,-25096.0,50.0,False,False,PASS_SUBSET_GROSS_FLOWS
233031,2012-03-31,77776745.0,375238.0,43179.0,11992607.0,0.131,16275048.0,0.1305000256308511,124712987.0,52921194.0,178589.0,12824.0,165765.0,2,,0,0,0,0,0,0.6804243864923892,332059.0,-166294.0,-196649.0,-30355.0,50.0,False,False,PASS_SUBSET_GROSS_FLOWS
233031,2012-06-30,77394206.0,315358.0,49948.0,11820091.0,0.1291,16127388.0,0.13292217984690752,121329548.0,52400825.0,141096.0,13516.0,127580.0,2,,0,0,0,0,0,0.6770639264649863,265410.0,-137830.0,-174262.0,-36432.0,50.0,False,False,PASS_SUBSET_GROSS_FLOWS
233031,2012-09-30,76529509.0,298543.0,36791.0,12214908.0,0.1335,16628683.0,0.13761794576857425,120832228.0,51686832.0,146172.0,8059.0,138113.0,2,,0,0,0,0,0,0.6753843409605568,261752.0,-123639.0,-152371.0,-28732.0,50.0,False,False,PASS_SUBSET_GROSS_FLOWS
233031,2012-12-31,75388361.0,233929.0,53516.0,12246301.0,0.1325,16509540.0,0.13709875521740278,120420787.0,50830930.0,117153.0,22811.0,94342.0,2,,0,0,0,0,0,0.6742543454419974,180413.0,-86071.0,-116776.0,-30705.0,50.0,False,False,PASS_SUBSET_GROSS_FLOWS
233031,2013-03-31,75034836.0,224223.0,44166.0,12309811.0,0.1331,16494299.0,0.13868298418040415,118935276.0,50588708.0,79573.0,14011.0,65562.0,2,,0,0,0,0,0,0.6742029528791134,180057.0,-114495.0,-144650.0,-30155.0,50.0,False,False,PASS_SUBSET_GROSS_FLOWS
233031,2013-06-30,75836298.0,189758.0,45850.0,11939134.0,0.1266,15737720.0,0.13348437290711304,117899344.0,50800368.0,90472.0,18929.0,71543.0,2,,0,0,0,0,0,0.6698687744488794,143908.0,-72365.0,-99286.0,-26921.0,50.0,False,False,PASS_SUBSET_GROSS_FLOWS
233031,2013-09-30,76573291.0,156274.0,42876.0,11995113.0,0.1248,15851887.0,0.136574041087368,116068082.0,50845743.0,61062.0,17152.0,43910.0,2,,0,0,0,0,0,0.6640140750904907,113398.0,-69488.0,-95212.0,-25724.0,50.0,False,False,PASS_SUBSET_GROSS_FLOWS
233031,2013-12-31,75671930.0,328390.0,49835.0,11965160.0,0.1246,15908881.0,0.13642979867256733,116608550.0,50113930.0,213841.0,20448.0,193393.0,2,,0,0,0,0,0,0.6622525684226634,278555.0,-85162.0,-114549.0,-29387.0,50.0,False,False,PASS_SUBSET_GROSS_FLOWS
233031,2014-03-31,76079299.0,124235.0,42204.0,,,16074579.0,0.13729725809981083,117078660.0,49831586.0,41048.0,13514.0,27534.0,2,,0,0,0,0,0,0.6549953358534495,82031.0,-54497.0,-83187.0,-28690.0,50.0,False,False,PASS_SUBSET_GROSS_FLOWS
233031,2014-06-30,77027152.0,109271.0,42495.0,,,16265498.0,0.13789304588299153,117957348.0,50424293.0,33012.0,12635.0,20377.0,2,,0,0,0,0,0,0.6546301101720599,66776.0,-46399.0,-76259.0,-29860.0,50.0,False,False,PASS_SUBSET_GROSS_FLOWS
233031,2014-09-30,77110359.0,120982.0,45817.0,,,16200944.0,0.1369598307288656,118289749.0,50316771.0,35518.0,14294.0,21224.0,2,,0,0,0,0,0,0.6525293313703805,75165.0,-53941.0,-85464.0,-31523.0,50.0,False,False,PASS_SUBSET_GROSS_FLOWS
233031,2014-12-31,77847970.0,118848.0,36229.0,,,16117646.0,0.13566880838082968,118801412.0,53541860.0,26405.0,12423.0,13982.0,2,,0,0,0,0,0,0.6877746458899313,82619.0,-68637.0,-92443.0,-23806.0,50.0,False,False,PASS_SUBSET_GROSS_FLOWS
233031,2015-03-31,78733186.0,101336.0,46765.0,12142831.0,,16243517.0,0.13376314104035555,121434925.0,54034451.0,24775.0,18578.0,6197.0,2,,0,0,0,0,0,0.6862982910408325,54571.0,-48374.0,-76561.0,-28187.0,50.0,False,False,PASS_SUBSET_GROSS_FLOWS
233031,2015-06-30,80660067.0,85118.0,39471.0,12190246.0,,16117883.0,0.13328020443833413,120932310.0,55513727.0,20297.0,8689.0,11608.0,2,,0,0,0,0,0,0.6882430062945522,45647.0,-34039.0,-64821.0,-30782.0,50.0,False,False,PASS_SUBSET_GROSS_FLOWS
233031,2015-09-30,81514554.0,95760.0,35572.0,12251558.0,,16322644.0,0.131783964273083,123859106.0,55869779.0,15174.0,8187.0,6987.0,2,,0,0,0,0,0,0.6853963649239865,60188.0,-53201.0,-80586.0,-27385.0,50.0,False,False,PASS_SUBSET_GROSS_FLOWS
233031,2015-12-31,81609705.0,120516.0,42910.0,12301630.0,,16128018.0,0.12889909846897885,125121263.0,56720198.0,14062.0,11786.0,2276.0,2,,0,0,0,0,0,0.695017804561357,77606.0,-75330.0,-106454.0,-31124.0,50.0,False,False,PASS_SUBSET_GROSS_FLOWS
233031,2016-03-31,81956915.0,95910.0,27753.0,12296356.0,,16506638.0,0.13243724299103624,124637433.0,57529477.0,11346.0,5899.0,5447.0,2,,0,0,0,0,0,0.7019478100170071,68157.0,-62710.0,-84564.0,-21854.0,50.0,False,False,PASS_SUBSET_GROSS_FLOWS
233031,2016-06-30,82252799.0,97659.0,25849.0,12336924.0,,16711039.0,0.13341555616964235,125255551.0,56239221.0,10482.0,6129.0,4353.0,2,,0,0,0,1,1,0.6837362580208365,71810.0,-67457.0,-87177.0,-19720.0,50.0,False,False,PASS_SUBSET_GROSS_FLOWS
233031,2016-09-30,81453065.0,94008.0,39968.0,12422455.0,,16747458.0,0.1348468359538775,124196151.0,55934024.0,11496.0,9238.0,2258.0,2,,0,0,0,0,0,0.6867025077570745,54040.0,-51782.0,-82512.0,-30730.0,50.0,False,False,PASS_SUBSET_GROSS_FLOWS
233031,2016-12-31,80812105.0,110316.0,26889.0,12404098.0,,16095838.0,0.12872343130154623,125042021.0,55641108.0,9458.0,6024.0,3434.0,2,,0,0,0,0,0,0.6885244234140417,83427.0,-79993.0,-100858.0,-20865.0,50.0,False,False,PASS_SUBSET_GROSS_FLOWS
233031,2017-03-31,80377412.0,124283.0,24224.0,12491039.0,,16188388.0,0.1309354208949579,123636430.0,55746746.0,17023.0,4715.0,12308.0,2,,0,0,0,0,0,0.6935623406237563,100059.0,-87751.0,-107260.0,-19509.0,50.0,False,False,PASS_SUBSET_GROSS_FLOWS
233031,2017-06-30,80699988.0,99060.0,30973.0,12633966.0,,16409785.0,0.13264036818538752,123716371.0,55878495.0,6711.0,6853.0,-142.0,2,,0,0,0,0,0,0.6924225936687871,68087.0,-68229.0,-92349.0,-24120.0,50.0,False,False,PASS_SUBSET_GROSS_FLOWS
233031,2017-09-30,79743504.0,105919.0,29838.0,12448953.0,,16244339.0,0.13263715521611835,122472010.0,55188537.0,5482.0,6500.0,-1018.0,2,,0,0,0,0,0,0.6920756454343917,76081.0,-77099.0,-100437.0,-23338.0,50.0,False,False,PASS_SUBSET_GROSS_FLOWS
233031,2017-12-31,80295380.0,104711.0,42142.0,12560168.0,,16103151.0,0.13057467888563265,123325220.0,55753460.0,5802.0,17428.0,-11626.0,2,,0,0,0,0,0,0.6943545195252828,62569.0,-74195.0,-98909.0,-24714.0,50.0,False,False,PASS_SUBSET_GROSS_FLOWS
233031,2018-03-31,80273723.0,111536.0,27845.0,12987561.0,,16145890.0,0.13248970639626437,121865241.0,55957627.0,21336.0,5369.0,15967.0,2,,0,0,0,0,0,0.6970852342303845,83691.0,-67724.0,-90200.0,-22476.0,50.0,False,False,PASS_SUBSET_GROSS_FLOWS
233031,2018-06-30,80964630.0,95545.0,32722.0,13228743.0,,16276381.0,0.13164856076250525,123635085.0,56444766.0,6698.0,6741.0,-43.0,2,,0,0,0,0,0,0.6971533866084486,62823.0,-62866.0,-88847.0,-25981.0,50.0,False,False,PASS_SUBSET_GROSS_FLOWS
233031,2018-09-30,82151175.0,106898.0,25485.0,12566590.0,,15468948.0,0.12482161076758133,123928444.0,57442282.0,7737.0,4852.0,2885.0,2,,0,0,0,0,0,0.6992265417993109,81413.0,-78528.0,-99161.0,-20633.0,50.0,False,False,PASS_SUBSET_GROSS_FLOWS
233031,2018-12-31,83455936.0,119091.0,23593.0,12109098.0,,15434876.0,0.12375960766341683,124716588.0,58755185.0,7782.0,3246.0,4536.0,2,,0,0,0,0,0,0.7040264337817743,95498.0,-90962.0,-111309.0,-20347.0,50.0,False,False,PASS_SUBSET_GROSS_FLOWS
233031,2019-03-31,84748000.0,102000.0,24000.0,12215000.0,,15901000.0,0.1241402462350397,128089000.0,60326000.0,5000.0,3000.0,2000.0,2,,0,0,0,0,0,0.7118280077405956,78000.0,-76000.0,-97000.0,-21000.0,50.0,False,False,PASS_SUBSET_GROSS_FLOWS
233031,2019-06-30,84060000.0,113000.0,20000.0,12228000.0,,16485000.0,0.12990953221535745,126896000.0,60039000.0,6000.0,3000.0,3000.0,2,,0,0,0,0,0,0.7142398286937901,93000.0,-90000.0,-107000.0,-17000.0,50.0,False,False,PASS_SUBSET_GROSS_FLOWS
233031,2019-09-30,83334000.0,114000.0,23000.0,12306000.0,,16906000.0,0.13255137483044935,127543000.0,59804000.0,5000.0,4000.0,1000.0,2,,0,0,0,0,0,0.7176422588619291,91000.0,-90000.0,-109000.0,-19000.0,50.0,False,False,PASS_SUBSET_GROSS_FLOWS
233031,2019-12-31,83600000.0,114000.0,18000.0,12212000.0,,16421000.0,0.1306977817750575,125641000.0,59813000.0,5000.0,3000.0,2000.0,2,,0,0,0,0,0,0.7154665071770335,96000.0,-94000.0,-109000.0,-15000.0,50.0,False,False,PASS_SUBSET_GROSS_FLOWS
233031,2020-03-31,88661000.0,144000.0,21000.0,12482000.0,,17656000.0,0.13304497878785596,132707000.0,65145000.0,5000.0,3000.0,2000.0,2,,0,0,0,0,0,0.734765003778437,123000.0,-121000.0,-139000.0,-18000.0,50.0,False,False,PASS_SUBSET_GROSS_FLOWS
233031,2020-06-30,91700000.0,204000.0,22000.0,12095000.0,,17777000.0,0.12393075995343097,143443000.0,67940000.0,5000.0,3000.0,2000.0,2,,0,0,0,0,0,0.7408942202835332,182000.0,-180000.0,-199000.0,-19000.0,50.0,False,False,PASS_SUBSET_GROSS_FLOWS
233031,2020-09-30,89545000.0,139000.0,26000.0,12633000.0,,18241000.0,0.1262588857433569,144473000.0,66899000.0,3000.0,2000.0,1000.0,2,,0,0,0,0,0,0.7470992238539282,113000.0,-112000.0,-136000.0,-24000.0,50.0,False,False,PASS_SUBSET_GROSS_FLOWS
233031,2020-12-31,87164000.0,126000.0,32000.0,12972000.0,,18354000.0,0.1253038040361561,146476000.0,65239000.0,8000.0,3000.0,5000.0,2,,0,0,0,0,0,0.7484626680739755,94000.0,-89000.0,-118000.0,-29000.0,50.0,False,False,PASS_SUBSET_GROSS_FLOWS
233031,2021-03-31,86236000.0,114000.0,31000.0,13347000.0,,18054000.0,0.1183721372419174,152519000.0,65329000.0,19000.0,2000.0,17000.0,2,,0,0,0,0,0,0.7575606475253954,83000.0,-66000.0,-95000.0,-29000.0,50.0,False,False,PASS_SUBSET_GROSS_FLOWS
233031,2021-06-30,85251000.0,83000.0,36000.0,13669000.0,,18524000.0,0.11971435034090541,154735000.0,64899000.0,4000.0,4000.0,0.0,2,,0,0,0,0,0,0.7612696625259527,47000.0,-47000.0,-79000.0,-32000.0,50.0,False,False,PASS_SUBSET_GROSS_FLOWS
233031,2021-09-30,84195000.0,59000.0,29000.0,13313000.0,,18084000.0,0.1164133562503621,155343000.0,64022000.0,2000.0,5000.0,-3000.0,2,,0,0,0,0,0,0.7604014490171626,30000.0,-33000.0,-57000.0,-24000.0,50.0,False,False,PASS_SUBSET_GROSS_FLOWS
233031,2021-12-31,88774000.0,72000.0,28000.0,12478000.0,,17700000.0,0.10912924725481371,162193000.0,65596000.0,2000.0,3000.0,-1000.0,2,,0,0,0,0,0,0.7389100412282875,44000.0,-45000.0,-70000.0,-25000.0,50.0,False,False,PASS_SUBSET_GROSS_FLOWS
233031,2022-03-31,90013000.0,77000.0,31000.0,12968000.0,,16779000.0,0.10282573125218318,163179000.0,67068000.0,3000.0,5000.0,-2000.0,2,,0,0,0,0,0,0.7450923755457545,46000.0,-48000.0,-74000.0,-26000.0,50.0,False,False,PASS_SUBSET_GROSS_FLOWS
233031,2022-06-30,94049000.0,70000.0,32000.0,13134000.0,,16085000.0,0.10066526062821131,159787000.0,69843000.0,2000.0,1000.0,1000.0,2,,0,0,0,0,0,0.7426235260343013,38000.0,-37000.0,-68000.0,-31000.0,50.0,False,False,PASS_SUBSET_GROSS_FLOWS
233031,2022-09-30,95426000.0,135000.0,25000.0,13227000.0,,14590000.0,0.09304312890204006,156809000.0,72028000.0,1000.0,3000.0,-2000.0,2,,0,0,0,0,0,0.7548047701884183,110000.0,-112000.0,-134000.0,-22000.0,50.0,False,False,PASS_SUBSET_GROSS_FLOWS
233031,2022-12-31,97347000.0,93000.0,24000.0,13509000.0,,15134000.0,0.09814335648463389,154203000.0,72654000.0,5000.0,3000.0,2000.0,2,,0,0,0,0,0,0.7463404111066597,69000.0,-67000.0,-88000.0,-21000.0,50.0,False,False,PASS_SUBSET_GROSS_FLOWS
233031,2023-03-31,98601000.0,105000.0,22000.0,13393000.0,,15602000.0,0.10189061224489795,153125000.0,73272000.0,0.0,1000.0,-1000.0,2,,0,0,0,0,0,0.7431161955761098,83000.0,-84000.0,-105000.0,-21000.0,50.0,False,False,PASS_SUBSET_GROSS_FLOWS
233031,2023-06-30,99727000.0,112000.0,31000.0,13635000.0,,15233000.0,0.0985597453350242,154556000.0,74275000.0,2000.0,1000.0,1000.0,2,,0,0,0,0,0,0.7447832582951458,81000.0,-80000.0,-110000.0,-30000.0,50.0,False,False,PASS_SUBSET_GROSS_FLOWS
233031,2023-09-30,99379000.0,124000.0,23000.0,13686000.0,,14475000.0,0.0946660039501393,152906000.0,73585000.0,2000.0,2000.0,0.0,2,,0,0,0,0,0,0.7404481832177824,101000.0,-101000.0,-122000.0,-21000.0,50.0,False,False,PASS_SUBSET_GROSS_FLOWS
233031,2023-12-31,98762000.0,149000.0,17000.0,14136000.0,,16336000.0,0.10796092892924647,151314000.0,73131000.0,0.0,0.0,0.0,2,,0,0,0,0,0,0.7404771065794536,132000.0,-132000.0,-149000.0,-17000.0,50.0,False,False,PASS_SUBSET_GROSS_FLOWS
233031,2024-03-31,97252000.0,141000.0,20000.0,13979000.0,,15859000.0,0.10301664219921271,153946000.0,72193000.0,7000.0,2000.0,5000.0,2,,0,0,0,0,0,0.7423292065972936,121000.0,-116000.0,-134000.0,-18000.0,50.0,False,False,PASS_SUBSET_GROSS_FLOWS
233031,2024-06-30,98043000.0,123000.0,22000.0,14218000.0,,16042000.0,0.10482295362619985,153039000.0,72828000.0,0.0,3000.0,-3000.0,2,,0,0,0,0,0,0.7428169272666075,101000.0,-104000.0,-123000.0,-19000.0,50.0,False,False,PASS_SUBSET_GROSS_FLOWS
233031,2024-09-30,97305000.0,143000.0,26000.0,14458000.0,,17642000.0,0.11281133101000736,156385000.0,72111000.0,14000.0,3000.0,11000.0,2,,0,0,0,0,0,0.7410821643286574,117000.0,-106000.0,-129000.0,-23000.0,50.0,False,False,PASS_SUBSET_GROSS_FLOWS
233031,2024-12-31,97308000.0,154000.0,35000.0,14035000.0,,16174000.0,0.10373401403301735,155918000.0,68317000.0,27000.0,1000.0,26000.0,2,,0,0,0,0,0,0.7020697167755992,119000.0,-93000.0,-127000.0,-34000.0,50.0,False,False,PASS_SUBSET_GROSS_FLOWS
233031,2025-03-31,96075000.0,145000.0,22000.0,14514000.0,,17382000.0,0.10972030223265855,158421000.0,67853000.0,25000.0,1000.0,24000.0,2,,0,0,0,0,0,0.7062503252667187,123000.0,-99000.0,-120000.0,-21000.0,50.0,False,False,PASS_SUBSET_GROSS_FLOWS
233031,2025-06-30,97293000.0,133000.0,20000.0,14372000.0,,17547000.0,0.11119278612482336,157807000.0,69225000.0,2000.0,1000.0,1000.0,2,,0,0,0,0,0,0.7115105917178008,113000.0,-112000.0,-131000.0,-19000.0,50.0,False,False,PASS_SUBSET_GROSS_FLOWS
233031,2025-09-30,96685000.0,160000.0,25000.0,14575000.0,,18047000.0,0.11379084225526173,158598000.0,68822000.0,36000.0,2000.0,34000.0,2,,0,0,0,0,0,0.7118167244143352,135000.0,-101000.0,-124000.0,-23000.0,50.0,False,False,PASS_SUBSET_GROSS_FLOWS
233031,2025-12-31,96123000.0,167000.0,25000.0,14475000.0,,18071000.0,0.11480065052219653,157412000.0,67058000.0,5000.0,3000.0,2000.0,2,,0,0,0,0,0,0.6976269987411962,142000.0,-140000.0,-162000.0,-22000.0,50.0,False,False,PASS_SUBSET_GROSS_FLOWS
276579,2005-03-31,8145994.0,7077.0,2499.0,717802.0,0.0723,750081.0,0.06340431736773702,11830125.0,4019742.0,2162.0,1275.0,887.0,3,,0,0,0,0,0,0.493462430735893,4578.0,-3691.0,-4915.0,-1224.0,50.0,False,False,PASS_SUBSET_GROSS_FLOWS
276579,2005-06-30,8503532.0,5377.0,1839.0,764425.0,0.0754,800202.0,0.06527139684355426,12259612.0,4151181.0,2130.0,830.0,1300.0,3,,0,0,0,0,0,0.48817138572536684,3538.0,-2238.0,-3247.0,-1009.0,50.0,False,False,PASS_SUBSET_GROSS_FLOWS
276579,2005-09-30,8177286.0,6447.0,2615.0,778484.0,0.0717,802974.0,0.06468702910567488,12413215.0,4312421.0,3167.0,1859.0,1308.0,3,,0,0,0,0,0,0.527365803275072,3832.0,-2524.0,-3280.0,-756.0,50.0,False,False,PASS_SUBSET_GROSS_FLOWS
276579,2005-12-31,8510220.0,7688.0,2133.0,820333.0,0.0733,836385.0,0.06602517527298632,12667668.0,4271283.0,4320.0,986.0,3334.0,3,,0,0,0,0,0,0.5019004209056875,5555.0,-2221.0,-3368.0,-1147.0,50.0,False,False,PASS_SUBSET_GROSS_FLOWS
276579,2006-03-31,8972473.0,9404.0,2216.0,826019.0,0.0702,835695.0,0.06160907470165275,13564479.0,4439262.0,2732.0,789.0,1943.0,3,,0,0,0,0,0,0.4947645983442915,7188.0,-5245.0,-6672.0,-1427.0,50.0,False,False,PASS_SUBSET_GROSS_FLOWS
276579,2006-06-30,9555534.0,12018.0,2575.0,899535.0,0.0733,906144.0,0.0664699342132916,13632389.0,4629092.0,4968.0,1383.0,3585.0,3,,0,0,0,0,0,0.48444095327377834,9443.0,-5858.0,-7050.0,-1192.0,50.0,False,False,PASS_SUBSET_GROSS_FLOWS
276579,2006-09-30,10049802.0,3646.0,3093.0,948890.0,0.0751,964810.0,0.06551992146926629,14725445.0,4818551.0,1689.0,658.0,1031.0,3,,0,0,0,0,0,0.4794672571658626,553.0,478.0,-1957.0,-2435.0,50.0,False,False,PASS_SUBSET_GROSS_FLOWS
276579,2006-12-31,10702118.0,4886.0,3201.0,955278.0,0.0733,971846.0,0.06544814163821376,14849100.0,5082059.0,2025.0,1962.0,63.0,3,,0,0,0,0,0,0.4748647884465486,1685.0,-1622.0,-2861.0,-1239.0,50.0,False,False,PASS_SUBSET_GROSS_FLOWS
276579,2007-03-31,11202001.0,4215.0,2240.0,999206.0,0.0732,1011826.0,0.06516988885850253,15525974.0,5113384.0,1490.0,1059.0,431.0,3,,0,0,0,0,0,0.4564705894955732,1975.0,-1544.0,-2725.0,-1181.0,50.0,False,False,PASS_SUBSET_GROSS_FLOWS
276579,2007-06-30,11768703.0,4319.0,3431.0,994927.0,0.0702,1008221.0,0.06271739441464777,16075620.0,5525280.0,2141.0,1734.0,407.0,3,,0,0,0,0,0,0.469489288666729,888.0,-481.0,-2178.0,-1697.0,50.0,False,False,PASS_SUBSET_GROSS_FLOWS
276579,2007-09-30,12226718.0,4558.0,1464.0,1041136.0,0.0723,1048515.0,0.06585935620055555,15920517.0,5761279.0,1518.0,620.0,898.0,3,,0,0,0,0,0,0.4712040467441876,3094.0,-2196.0,-3040.0,-844.0,50.0,False,False,PASS_SUBSET_GROSS_FLOWS
276579,2007-12-31,12996699.0,9687.0,1641.0,1044815.0,0.0689,1047987.0,0.05678922525964052,18453976.0,6110863.0,6180.0,831.0,5349.0,3,,0,0,0,0,0,0.4701857756342591,8046.0,-2697.0,-3507.0,-810.0,50.0,False,False,PASS_SUBSET_GROSS_FLOWS
276579,2008-03-31,13573069.0,8838.0,1715.0,1101376.0,0.0709,1048694.0,0.05601797670799051,18720669.0,4357206.0,0.0,229.0,-229.0,2,,0,0,0,0,0,0.32101848152396484,7123.0,-7352.0,-8838.0,-1486.0,50.0,False,False,PASS_SUBSET_GROSS_FLOWS
276579,2008-06-30,14963470.0,24585.0,1838.0,1138405.0,0.0678,1075619.0,0.0532608155277194,20195316.0,4539434.0,141.0,364.0,-223.0,2,,0,0,0,0,0,0.30336773489036967,22747.0,-22970.0,-24444.0,-1474.0,50.0,False,False,PASS_SUBSET_GROSS_FLOWS
276579,2008-09-30,14746673.0,20674.0,1893.0,1160341.0,0.0707,1073938.0,0.056167130394761615,19120400.0,4393608.0,6102.0,883.0,5219.0,3,,0,0,0,0,0,0.2979389317170049,18781.0,-13562.0,-14572.0,-1010.0,50.0,False,False,PASS_SUBSET_GROSS_FLOWS
276579,2008-12-31,14734489.0,29125.0,2353.0,1419536.0,0.0833,1294399.0,0.06229580829354978,20778268.0,4412792.0,15263.0,1572.0,13691.0,3,,0,0,0,0,0,0.2994872777739357,26772.0,-13081.0,-13862.0,-781.0,50.0,False,False,PASS_SUBSET_GROSS_FLOWS
276579,2009-03-31,14544364.0,43319.0,1116.0,1448368.0,0.0775,1243372.0,0.05875160656233462,21163200.0,11027533.0,13125.0,206.0,12919.0,3,,0,0,0,0,0,0.7581997397754897,42203.0,-29284.0,-30194.0,-910.0,50.0,False,False,PASS_SUBSET_GROSS_FLOWS
276579,2009-06-30,14457040.0,97973.0,1720.0,1596708.0,0.0846,1437099.0,0.07717424669269109,18621484.0,10995578.0,63128.0,698.0,62430.0,3,,0,0,0,0,0,0.7605691068157797,96253.0,-33823.0,-34845.0,-1022.0,50.0,False,False,PASS_SUBSET_GROSS_FLOWS
276579,2009-09-30,14395434.0,73133.0,2460.0,1790577.0,0.0983,1668569.0,0.09049048587612292,18439165.0,10927172.0,59107.0,1422.0,57685.0,3,,0,0,0,0,0,0.7590720779936194,70673.0,-12988.0,-14026.0,-1038.0,50.0,False,False,PASS_SUBSET_GROSS_FLOWS
276579,2009-12-31,14046138.0,88602.0,42625.0,1814128.0,0.1013,1741611.0,0.09751346162707708,17860211.0,10706591.0,73166.0,41124.0,32042.0,3,,0,0,0,0,0,0.7622444689066845,45977.0,-13935.0,-15436.0,-1501.0,50.0,False,False,PASS_SUBSET_GROSS_FLOWS
276579,2010-03-31,13687068.0,62971.0,3025.0,1766169.0,0.1122,1745468.0,0.1015063988585482,17195645.0,10478907.0,53023.0,2009.0,51014.0,3,,0,0,0,0,0,0.7656064103721849,59946.0,-8932.0,-9948.0,-1016.0,50.0,False,False,PASS_SUBSET_GROSS_FLOWS
276579,2010-06-30,13534461.0,78976.0,6570.0,1714538.0,0.1112,1760009.0,0.1035945476113986,16989398.0,10397020.0,64675.0,5553.0,59122.0,3,,0,0,0,0,0,0.7681886999415788,72406.0,-13284.0,-14301.0,-1017.0,50.0,False,False,PASS_SUBSET_GROSS_FLOWS
276579,2010-09-30,13341399.0,100874.0,7692.0,1730962.0,0.1104,1750976.0,0.10243665089690046,17093257.0,10220368.0,85940.0,5051.0,80889.0,3,,0,0,0,0,0,0.7660641886206986,93182.0,-12293.0,-14934.0,-2641.0,50.0,False,False,PASS_SUBSET_GROSS_FLOWS
276579,2010-12-31,12971567.0,103823.0,7525.0,1784700.0,0.1166,1749072.0,0.108180743840956,16168053.0,9985384.0,90589.0,6126.0,84463.0,3,,0,0,0,0,0,0.7697901109403359,96298.0,-11835.0,-13234.0,-1399.0,50.0,False,False,PASS_SUBSET_GROSS_FLOWS
276579,2011-03-31,12867390.0,55902.0,6638.0,1840465.0,0.1232,1735678.0,0.1081965555569893,16041897.0,10081519.0,34686.0,1594.0,33092.0,2,,0,0,0,0,0,0.7834936999655718,49264.0,-16172.0,-21216.0,-5044.0,50.0,False,False,PASS_SUBSET_GROSS_FLOWS
276579,2011-06-30,12819369.0,53174.0,5631.0,1885846.0,0.1276,1804684.0,0.11042519246412205,16343046.0,10047291.0,38818.0,1448.0,37370.0,2,,0,0,0,0,0,0.7837586233768604,47543.0,-10173.0,-14356.0,-4183.0,50.0,False,False,PASS_SUBSET_GROSS_FLOWS
276579,2011-09-30,12762425.0,48382.0,7451.0,1926677.0,0.1308,1829231.0,0.11311014801336201,16172121.0,9945513.0,38352.0,4255.0,34097.0,2,,0,0,0,0,0,0.7792808184964848,40931.0,-6834.0,-10030.0,-3196.0,50.0,False,False,PASS_SUBSET_GROSS_FLOWS
276579,2011-12-31,12850705.0,49433.0,7648.0,1957798.0,0.1335,1858725.0,0.10602336612444148,17531277.0,10009567.0,40339.0,3711.0,36628.0,2,,0,0,0,0,0,0.7789118962733951,41785.0,-5157.0,-9094.0,-3937.0,50.0,False,False,PASS_SUBSET_GROSS_FLOWS
276579,2012-03-31,12470258.0,32798.0,6143.0,1983358.0,0.1383,1895182.0,0.1103191467997277,17179085.0,9733398.0,20051.0,2396.0,17655.0,2,,0,0,0,0,0,0.7805289994802033,26655.0,-9000.0,-12747.0,-3747.0,50.0,False,False,PASS_SUBSET_GROSS_FLOWS
276579,2012-06-30,12542546.0,27542.0,8702.0,2015231.0,0.1399,1913607.0,0.1078163284347398,17748768.0,9806792.0,18359.0,6025.0,12334.0,2,,0,0,0,0,0,0.7818820835897273,18840.0,-6506.0,-9183.0,-2677.0,50.0,False,False,PASS_SUBSET_GROSS_FLOWS
276579,2012-09-30,12688582.0,23107.0,3840.0,1942050.0,0.1337,1877991.0,0.10914420075376113,17206512.0,10022752.0,16709.0,1701.0,15008.0,2,,0,0,0,0,0,0.7899032374145512,19267.0,-4259.0,-6398.0,-2139.0,50.0,False,False,PASS_SUBSET_GROSS_FLOWS
276579,2012-12-31,12593543.0,17126.0,7457.0,1870775.0,0.1302,1799401.0,0.10035631099686265,17930123.0,10027706.0,10813.0,3705.0,7108.0,2,,0,0,0,0,0,0.7962577330303315,9669.0,-2561.0,-6313.0,-3752.0,50.0,False,False,PASS_SUBSET_GROSS_FLOWS
276579,2013-03-31,12446662.0,14540.0,6711.0,1856077.0,0.1316,1807259.0,0.1072708595153156,16847623.0,9923122.0,8020.0,2126.0,5894.0,2,,0,0,0,0,0,0.7972516647435273,7829.0,-1935.0,-6520.0,-4585.0,50.0,False,False,PASS_SUBSET_GROSS_FLOWS
276579,2013-06-30,12432204.0,14814.0,12042.0,1843532.0,0.1314,1789956.0,0.09859036003826281,18155487.0,9849639.0,9907.0,8333.0,1574.0,2,,0,0,0,0,0,0.7922681288048362,2772.0,-1198.0,-4907.0,-3709.0,50.0,False,False,PASS_SUBSET_GROSS_FLOWS
276579,2013-09-30,12330216.0,10262.0,3500.0,1847408.0,0.133,1793905.0,0.09933260348981557,18059579.0,9792587.0,5138.0,1252.0,3886.0,2,,0,0,0,0,0,0.7941942785106116,6762.0,-2876.0,-5124.0,-2248.0,50.0,False,False,PASS_SUBSET_GROSS_FLOWS
276579,2013-12-31,12372643.0,7112.0,4772.0,1840221.0,0.1337,1803178.0,0.09699494358200264,18590433.0,9826140.0,3998.0,2564.0,1434.0,2,,0,0,0,0,0,0.7941827788937255,2340.0,-906.0,-3114.0,-2208.0,50.0,False,False,PASS_SUBSET_GROSS_FLOWS
276579,2014-03-31,12292133.0,10706.0,4287.0,,,1817087.0,0.09670955763483272,18789115.0,9785338.0,7767.0,760.0,7007.0,2,,0,0,0,0,0,0.7960650930151829,6419.0,588.0,-2939.0,-3527.0,50.0,False,False,PASS_SUBSET_GROSS_FLOWS
276579,2014-06-30,12482858.0,7422.0,8261.0,,,1836159.0,0.10473611522439195,17531288.0,9876840.0,4448.0,4951.0,-503.0,2,,0,0,0,0,0,0.7912322642779402,-839.0,336.0,-2974.0,-3310.0,50.0,False,False,PASS_SUBSET_GROSS_FLOWS
276579,2014-09-30,12302804.0,7805.0,5578.0,,,1876624.0,0.10490103955008169,17889470.0,9883595.0,4936.0,2074.0,2862.0,2,,0,0,0,0,0,0.8033611687221872,2227.0,635.0,-2869.0,-3504.0,50.0,False,False,PASS_SUBSET_GROSS_FLOWS
276579,2014-12-31,12342520.0,10002.0,4837.0,,,1894615.0,0.09930464758948604,19078815.0,9835622.0,2628.0,2214.0,414.0,2,,0,0,0,0,0,0.7968892900315333,5165.0,-4751.0,-7374.0,-2623.0,50.0,False,False,PASS_SUBSET_GROSS_FLOWS
276579,2015-03-31,12260933.0,8777.0,3486.0,1880816.0,,1914813.0,0.09977613571963492,19191092.0,9731934.0,7727.0,2624.0,5103.0,3,,0,0,0,0,0,0.7937351912778579,5291.0,-188.0,-1050.0,-862.0,50.0,False,False,PASS_SUBSET_GROSS_FLOWS
276579,2015-06-30,12316695.0,3614.0,6039.0,1947959.0,,1943964.0,0.10204297600622851,19050444.0,9750146.0,2390.0,4711.0,-2321.0,3,,0,0,0,0,0,0.7916203169762668,-2425.0,104.0,-1224.0,-1328.0,50.0,False,False,PASS_SUBSET_GROSS_FLOWS
276579,2015-09-30,12365664.0,7495.0,2460.0,1981641.0,,1987928.0,0.10804656475571678,18398808.0,9703004.0,6375.0,1695.0,4680.0,3,,0,0,0,0,0,0.7846731077279797,5035.0,-355.0,-1120.0,-765.0,50.0,False,False,PASS_SUBSET_GROSS_FLOWS
276579,2015-12-31,40797764.0,119042.0,88289.0,6334391.0,,7317365.0,0.12318407457677051,59401875.0,33017291.0,20235.0,41080.0,-20845.0,2,,0,0,0,0,0,0.8092916807891727,30753.0,-51598.0,-98807.0,-47209.0,50.0,False,False,PASS_SUBSET_GROSS_FLOWS
276579,2016-03-31,41525261.0,48110.0,11811.0,6438751.0,,7466181.0,0.12813970053554607,58265947.0,33600835.0,2932.0,4118.0,-1186.0,2,,0,0,0,0,0,0.8091661362465609,36299.0,-37485.0,-45178.0,-7693.0,50.0,False,False,PASS_SUBSET_GROSS_FLOWS
276579,2016-06-30,42646521.0,57629.0,19588.0,6514929.0,,7577127.0,0.1274511093493687,59451244.0,34230776.0,8539.0,3853.0,4686.0,2,,0,0,0,0,0,0.8026628010289515,38041.0,-33355.0,-49090.0,-15735.0,50.0,False,False,PASS_SUBSET_GROSS_FLOWS
276579,2016-09-30,42698441.0,53763.0,23778.0,6577025.0,,7622048.0,0.12520210106922774,60877956.0,34149453.0,2225.0,8331.0,-6106.0,2,,0,0,0,0,0,0.7997821981369296,29985.0,-36091.0,-51538.0,-15447.0,50.0,False,False,PASS_SUBSET_GROSS_FLOWS
276579,2016-12-31,42821199.0,37863.0,10887.0,6654990.0,,7564051.0,0.11991932863638723,63076162.0,33592399.0,3163.0,3155.0,8.0,2,,0,0,0,0,0,0.7844805793504287,26976.0,-26968.0,-34700.0,-7732.0,50.0,False,False,PASS_SUBSET_GROSS_FLOWS
276579,2017-03-31,42869885.0,56976.0,10228.0,6661438.0,,7579767.0,0.11607876808279102,65298479.0,33431837.0,52921.0,8541.0,44380.0,3,,0,0,0,0,0,0.7798443359481837,46748.0,-2368.0,-4055.0,-1687.0,50.0,False,False,PASS_SUBSET_GROSS_FLOWS
276579,2017-06-30,43736548.0,34558.0,27908.0,6703063.0,,7681189.0,0.11767092008260752,65276867.0,33905593.0,29628.0,26835.0,2793.0,3,,0,0,0,0,0,0.7752233441011394,6650.0,-3857.0,-4930.0,-1073.0,50.0,False,False,PASS_SUBSET_GROSS_FLOWS
276579,2017-09-30,44226736.0,25110.0,16134.0,6723357.0,,7691100.0,0.11761765546665792,65390693.0,34048366.0,21473.0,14824.0,6649.0,3,,0,0,0,0,0,0.7698593448089861,8976.0,-2327.0,-3637.0,-1310.0,50.0,False,False,PASS_SUBSET_GROSS_FLOWS
276579,2017-12-31,44823954.0,26514.0,15045.0,6730099.0,,7613929.0,0.11522200547147705,66080511.0,34195989.0,19172.0,13221.0,5951.0,3,,0,0,0,0,0,0.7628954152505154,11469.0,-5518.0,-7342.0,-1824.0,50.0,False,False,PASS_SUBSET_GROSS_FLOWS
276579,2018-03-31,45173003.0,26584.0,21369.0,6820127.0,,7575029.0,0.11425151502207859,66301344.0,34618332.0,19581.0,19835.0,-254.0,3,,0,0,0,0,0,0.7663500254787134,5215.0,-5469.0,-7003.0,-1534.0,50.0,False,False,PASS_SUBSET_GROSS_FLOWS
276579,2018-06-30,45313906.0,12820.0,24720.0,6846543.0,,7550935.0,0.11396803747855554,66254848.0,34511910.0,8278.0,23069.0,-14791.0,3,,0,0,0,0,0,0.7616185194893594,-11900.0,-2891.0,-4542.0,-1651.0,50.0,False,False,PASS_SUBSET_GROSS_FLOWS
276579,2018-09-30,45871038.0,17127.0,18384.0,6897116.0,,7553208.0,0.1131893540858718,66730728.0,34949119.0,13632.0,15044.0,-1412.0,3,,0,0,0,0,0,0.761899458215879,-1257.0,-155.0,-3495.0,-3340.0,50.0,False,False,PASS_SUBSET_GROSS_FLOWS
276579,2018-12-31,46807570.0,12765.0,21036.0,6811119.0,,7578417.0,0.11023834275124955,68745745.0,35652916.0,8512.0,19403.0,-10891.0,3,,0,0,0,0,0,0.7616912392589489,-8271.0,-2620.0,-4253.0,-1633.0,50.0,False,False,PASS_SUBSET_GROSS_FLOWS
276579,2019-03-31,47674871.0,12073.0,11748.0,6689786.0,,7587592.0,0.10965571658560215,69194678.0,36630012.0,8486.0,9717.0,-1231.0,3,,0,0,0,0,0,0.7683295461879698,325.0,-1556.0,-3587.0,-2031.0,50.0,False,False,PASS_SUBSET_GROSS_FLOWS
276579,2019-06-30,48722805.0,22596.0,9208.0,6553186.0,,7599076.0,0.10845793596863929,70064730.0,37062456.0,18544.0,7643.0,10901.0,3,,0,0,0,0,0,0.7606798500209502,13388.0,-2487.0,-4052.0,-1565.0,50.0,False,False,PASS_SUBSET_GROSS_FLOWS
276579,2019-09-30,48975478.0,10790.0,9577.0,6436473.0,,7508843.0,0.10671905811704022,70360844.0,37533342.0,5851.0,7491.0,-1640.0,3,,0,0,0,0,0,0.7663701005633881,1213.0,-2853.0,-4939.0,-2086.0,50.0,False,False,PASS_SUBSET_GROSS_FLOWS
276579,2019-12-31,48837646.0,32302.0,9621.0,6284777.0,,7353251.0,0.10630455421905237,69171552.0,37443014.0,23938.0,7340.0,16598.0,3,,0,0,0,0,0,0.7666834310564437,22681.0,-6083.0,-8364.0,-2281.0,50.0,False,False,PASS_SUBSET_GROSS_FLOWS
276579,2020-03-31,50067451.0,13183.0,6581.0,6232475.0,,7472425.0,0.10455791887508571,71466849.0,38494093.0,7209.0,5006.0,2203.0,3,,0,0,0,0,0,0.7688446731590151,6602.0,-4399.0,-5974.0,-1575.0,50.0,False,False,PASS_SUBSET_GROSS_FLOWS
276579,2020-06-30,55234019.0,36041.0,4838.0,6262218.0,,7574732.0,0.09908430047828475,76447348.0,43104119.0,30396.0,3893.0,26503.0,3,,0,0,0,0,0,0.7803907769231857,31203.0,-4700.0,-5645.0,-945.0,50.0,False,False,PASS_SUBSET_GROSS_FLOWS
276579,2020-09-30,54833612.0,58245.0,6763.0,6370249.0,,7668534.0,0.09786679661233451,78356851.0,42509990.0,54568.0,5043.0,49525.0,3,,0,0,0,0,0,0.7752542363979232,51482.0,-1957.0,-3677.0,-1720.0,50.0,False,False,PASS_SUBSET_GROSS_FLOWS
276579,2020-12-31,53556533.0,21225.0,5608.0,6579208.0,,7885967.0,0.09678482319255857,81479376.0,41308652.0,18470.0,4120.0,14350.0,3,,0,0,0,0,0,0.7713093003985153,15617.0,-1267.0,-2755.0,-1488.0,50.0,False,False,PASS_SUBSET_GROSS_FLOWS
276579,2021-03-31,53548672.0,21107.0,12766.0,6771394.0,,7933035.0,0.09319730135264366,85120866.0,41168635.0,17347.0,10543.0,6804.0,3,,0,0,0,0,0,0.7688077680058993,8341.0,-1537.0,-3760.0,-2223.0,50.0,False,False,PASS_SUBSET_GROSS_FLOWS
276579,2021-06-30,51464429.0,8314.0,10010.0,6822691.0,,8032502.0,0.09210696959648591,87208406.0,38930680.0,5924.0,7328.0,-1404.0,3,,0,0,0,0,0,0.7564580187997423,-1696.0,292.0,-2390.0,-2682.0,50.0,False,False,PASS_SUBSET_GROSS_FLOWS
276579,2021-09-30,50744198.0,8237.0,9726.0,6675310.0,,7774142.0,0.08803614095019496,88306256.0,37623930.0,5549.0,7654.0,-2105.0,3,,0,0,0,0,0,0.7414429921623749,-1489.0,-616.0,-2688.0,-2072.0,50.0,False,False,PASS_SUBSET_GROSS_FLOWS
276579,2021-12-31,50933449.0,10476.0,9990.0,6507516.0,,7462248.0,0.08006732298587885,93199669.0,37547620.0,6308.0,8087.0,-1779.0,3,,0,0,0,0,0,0.737189818030976,486.0,-2265.0,-4168.0,-1903.0,50.0,False,False,PASS_SUBSET_GROSS_FLOWS
276579,2022-03-31,51285944.0,16851.0,10818.0,6605490.0,,6293876.0,0.06906802886046996,91125751.0,37385392.0,14462.0,8483.0,5979.0,3,,0,0,0,0,0,0.7289598101187335,6033.0,-54.0,-2389.0,-2335.0,50.0,False,False,PASS_SUBSET_GROSS_FLOWS
276579,2022-06-30,52412184.0,17786.0,8971.0,6696803.0,,5631600.0,0.06415299169370493,87783903.0,38015200.0,15786.0,6092.0,9694.0,3,,0,0,0,0,0,0.7253122670865996,8815.0,879.0,-2000.0,-2879.0,50.0,False,False,PASS_SUBSET_GROSS_FLOWS
276579,2022-09-30,53943718.0,38741.0,11480.0,6781490.0,,4695946.0,0.05307678865324566,88474569.0,38770138.0,36937.0,9762.0,27175.0,3,,0,0,1,0,1,0.7187146054708353,27261.0,-86.0,-1804.0,-1718.0,50.0,False,False,PASS_SUBSET_GROSS_FLOWS
276579,2022-12-31,55661423.0,9695.0,12214.0,6919301.0,,4893499.0,0.05464853901984098,89544919.0,39970920.0,7438.0,11011.0,-3573.0,3,,0,0,0,0,0,0.7181081231070934,-2519.0,-1054.0,-2257.0,-1203.0,50.0,False,False,PASS_SUBSET_GROSS_FLOWS
276579,2023-03-31,56336196.0,7308.0,7327.0,7021721.0,,5184664.0,0.0585351382562554,88573533.0,41010713.0,5125.0,5680.0,-555.0,3,,0,0,0,0,0,0.7279638298617109,-19.0,-536.0,-2183.0,-1647.0,50.0,False,False,PASS_SUBSET_GROSS_FLOWS
276579,2023-06-30,56953218.0,22441.0,9014.0,7131410.0,,5283041.0,0.06056430661405817,87230273.0,41207544.0,19857.0,5282.0,14575.0,3,,0,0,0,0,0,0.7235331987737725,13427.0,1148.0,-2584.0,-3732.0,50.0,False,False,PASS_SUBSET_GROSS_FLOWS
276579,2023-09-30,56933463.0,19913.0,6030.0,7242146.0,,5314671.0,0.06089978557708697,87269125.0,41022913.0,14676.0,5090.0,9586.0,3,,0,0,0,0,0,0.720541327338546,13883.0,-4297.0,-5237.0,-940.0,50.0,False,False,PASS_SUBSET_GROSS_FLOWS
276579,2023-12-31,57832325.0,12906.0,3873.0,7302629.0,,5690339.0,0.06525416295323985,87202697.0,41518345.0,9652.0,3130.0,6522.0,3,,0,0,0,0,0,0.7179089721881318,9033.0,-2511.0,-3254.0,-743.0,50.0,False,False,PASS_SUBSET_GROSS_FLOWS
276579,2024-03-31,58121080.0,14323.0,7730.0,7359826.0,,5829172.0,0.06695551450205152,87060372.0,42157760.0,11101.0,6745.0,4356.0,3,,0,0,0,0,0,0.7253437135029149,6593.0,-2237.0,-3222.0,-985.0,50.0,False,False,PASS_SUBSET_GROSS_FLOWS
276579,2024-06-30,58527381.0,20893.0,5534.0,7496328.0,,6024594.0,0.06876935952257676,87605789.0,42720484.0,18451.0,4758.0,13693.0,3,,0,0,0,0,0,0.7299230423449155,15359.0,-1666.0,-2442.0,-776.0,50.0,False,False,PASS_SUBSET_GROSS_FLOWS
276579,2024-09-30,58981522.0,15387.0,11978.0,7645539.0,,6385565.0,0.0733699183777015,87032467.0,43282192.0,12129.0,11191.0,938.0,3,,0,0,0,0,0,0.7338262990229381,3409.0,-2471.0,-3258.0,-787.0,50.0,False,False,PASS_SUBSET_GROSS_FLOWS
276579,2024-12-31,59484410.0,40651.0,5556.0,7429762.0,,6123655.0,0.06897971629761265,88774720.0,43527477.0,37337.0,4489.0,32848.0,3,,0,0,0,0,0,0.7317459650352084,35095.0,-2247.0,-3314.0,-1067.0,50.0,False,False,PASS_SUBSET_GROSS_FLOWS
276579,2025-03-31,60052554.0,24328.0,8578.0,7445368.0,,6327719.0,0.07191213283606294,87992370.0,44416054.0,20940.0,7499.0,13441.0,3,,0,0,0,0,0,0.7396197337418822,15750.0,-2309.0,-3388.0,-1079.0,50.0,False,False,PASS_SUBSET_GROSS_FLOWS
276579,2025-06-30,61005071.0,16472.0,5586.0,7636550.0,,6595765.0,0.07419913489455855,88892748.0,45476526.0,13267.0,4395.0,8872.0,3,,0,0,0,0,0,0.7454548491550809,10886.0,-2014.0,-3205.0,-1191.0,50.0,False,False,PASS_SUBSET_GROSS_FLOWS
276579,2025-09-30,60517245.0,66552.0,10735.0,7800014.0,,6864795.0,0.07753932290099162,88533079.0,45157492.0,9809.0,8849.0,960.0,3,,0,0,0,0,0,0.7461921308546019,55817.0,-54857.0,-56743.0,-1886.0,50.0,False,False,PASS_SUBSET_GROSS_FLOWS
276579,2025-12-31,61118055.0,14451.0,7885.0,8002555.0,,7179703.0,0.08068016733938693,88989689.0,45704594.0,6507.0,6829.0,-322.0,3,,0,0,0,0,0,0.7478083849363335,6566.0,-6888.0,-7944.0,-1056.0,50.0,False,False,PASS_SUBSET_GROSS_FLOWS
280110,2005-03-31,67188616.0,78467.0,24530.0,6346047.0,0.0684,6513439.0,0.07636158757291832,85297323.0,30445601.0,33107.0,5545.0,27562.0,3,,0,0,0,0,0,0.4531363021378503,53937.0,-26375.0,-45360.0,-18985.0,50.0,False,False,PASS_SUBSET_GROSS_FLOWS
280110,2005-06-30,67638863.0,74993.0,26120.0,6381271.0,0.067672,6569015.0,0.07593809546142426,86504869.0,30940511.0,28927.0,7440.0,21487.0,3,,0,0,0,0,0,0.45743688802101834,48873.0,-27386.0,-46066.0,-18680.0,50.0,False,False,PASS_SUBSET_GROSS_FLOWS
280110,2005-09-30,68861627.0,69349.0,20007.0,6431397.0,0.067268,6624254.0,0.07564176965630287,87574022.0,31570734.0,17695.0,4559.0,13136.0,3,,0,0,0,0,0,0.45846628050191146,49342.0,-36206.0,-51654.0,-15448.0,50.0,False,False,PASS_SUBSET_GROSS_FLOWS
280110,2005-12-31,69639880.0,186397.0,22955.0,6741750.0,0.068137,6936728.0,0.07797518176449929,88960716.0,34153128.0,51787.0,15563.0,36224.0,3,,0,0,0,0,0,0.49042485426453925,163442.0,-127218.0,-134610.0,-7392.0,50.0,False,False,PASS_SUBSET_GROSS_FLOWS
280110,2006-03-31,70434302.0,64550.0,25916.0,6797470.0,0.068744,6964810.0,0.07836451881832084,88877085.0,35249176.0,30805.0,12347.0,18458.0,3,,0,0,0,0,0,0.5004546790284087,38634.0,-20176.0,-33745.0,-13569.0,50.0,False,False,PASS_SUBSET_GROSS_FLOWS
280110,2006-06-30,71417378.0,59863.0,25004.0,6802313.0,0.067782,6932891.0,0.0765769894380634,90534912.0,35420233.0,27161.0,8115.0,19046.0,3,,0,0,0,0,0,0.4959609830537324,34859.0,-15813.0,-32702.0,-16889.0,50.0,False,False,PASS_SUBSET_GROSS_FLOWS
280110,2006-09-30,72443725.0,69876.0,27567.0,6823947.0,0.06765,7000678.0,0.07628376105327733,91771537.0,36232266.0,29214.0,10945.0,18269.0,3,,0,0,0,0,0,0.5001436080212607,42309.0,-24040.0,-40662.0,-16622.0,50.0,False,False,PASS_SUBSET_GROSS_FLOWS
280110,2006-12-31,69252286.0,73928.0,20173.0,6818689.0,0.068772,6853235.0,0.07780585918314938,88081220.0,32775030.0,34002.0,9365.0,24637.0,3,,0,0,0,0,0,0.4732700087329969,53755.0,-29118.0,-39926.0,-10808.0,50.0,False,False,PASS_SUBSET_GROSS_FLOWS
280110,2007-03-31,69813213.0,64166.0,19994.0,6805218.0,0.068357,6896329.0,0.07713307056847135,89408200.0,32946423.0,25914.0,8710.0,17204.0,3,,0,0,0,0,0,0.471922456856412,44172.0,-26968.0,-38252.0,-11284.0,50.0,False,False,PASS_SUBSET_GROSS_FLOWS
280110,2007-06-30,71172817.0,71435.0,18862.0,6835017.0,0.067946,6839203.0,0.07605009171553417,89930240.0,33354084.0,37660.0,7294.0,30366.0,3,,0,0,0,0,0,0.468635153221489,52573.0,-22207.0,-33775.0,-11568.0,50.0,False,False,PASS_SUBSET_GROSS_FLOWS
280110,2007-09-30,73593603.0,82873.0,23302.0,7079036.0,0.06847,7187182.0,0.07713350188585402,93178474.0,34211414.0,45899.0,12502.0,33397.0,3,,0,0,0,0,0,0.46486939904274016,59571.0,-26174.0,-36974.0,-10800.0,50.0,False,False,PASS_SUBSET_GROSS_FLOWS
280110,2007-12-31,75294886.0,151779.0,33228.0,7139729.0,0.066797,7413589.0,0.0773362092787524,95861810.0,34965068.0,99718.0,14030.0,85688.0,3,,0,0,0,0,0,0.46437507057252203,118551.0,-32863.0,-52061.0,-19198.0,50.0,False,False,PASS_SUBSET_GROSS_FLOWS
280110,2008-03-31,77983419.0,147544.0,27260.0,7591465.0,0.071762,8513044.0,0.08688642685075348,97978986.0,28264627.0,15874.0,942.0,14932.0,2,,0,0,0,0,0,0.36244406006358865,120284.0,-105352.0,-131670.0,-26318.0,50.0,False,False,PASS_SUBSET_GROSS_FLOWS
280110,2008-06-30,77553069.0,554109.0,29897.0,7033781.0,0.067045,7693362.0,0.0784653555446985,98047883.0,27921896.0,14902.0,528.0,14374.0,2,,0,0,0,0,0,0.36003599032296196,524212.0,-509838.0,-539207.0,-29369.0,50.0,False,False,PASS_SUBSET_GROSS_FLOWS
280110,2008-09-30,78042314.0,300482.0,26783.0,7062738.0,0.067885,7742468.0,0.07915724366968957,97811238.0,28379867.0,89401.0,13558.0,75843.0,3,,0,0,0,0,0,0.36364717478776964,273699.0,-197856.0,-211081.0,-13225.0,50.0,False,False,PASS_SUBSET_GROSS_FLOWS
280110,2008-12-31,77393051.0,368192.0,26784.0,8012102.0,0.078391,8654334.0,0.08495584655567598,101868610.0,27924832.0,177409.0,12992.0,164417.0,3,,0,0,0,0,0,0.3608183375533289,341408.0,-176991.0,-190783.0,-13792.0,50.0,False,False,PASS_SUBSET_GROSS_FLOWS
280110,2009-03-31,74679939.0,519872.0,28015.0,7821269.0,0.080371,8316488.0,0.08706981401037986,95515169.0,40950622.0,218881.0,11932.0,206949.0,3,,0,0,0,0,0,0.5483483589883489,491857.0,-284908.0,-300991.0,-16083.0,50.0,False,False,PASS_SUBSET_GROSS_FLOWS
280110,2009-06-30,71566160.0,577967.0,39188.0,8087184.0,0.088072,8425178.0,0.08845433014116362,95248904.0,38546572.0,178000.0,14487.0,163513.0,3,,0,0,0,0,0,0.5386145071916671,538779.0,-375266.0,-399967.0,-24701.0,50.0,False,False,PASS_SUBSET_GROSS_FLOWS
280110,2009-09-30,66744476.0,658298.0,32637.0,8082071.0,0.093267,8467286.0,0.09030773194720677,93760366.0,35113302.0,475309.0,12084.0,463225.0,3,,0,0,0,1,1,0.5260855145525452,625661.0,-162436.0,-182989.0,-20553.0,50.0,False,False,PASS_SUBSET_GROSS_FLOWS
280110,2009-12-31,63108366.0,787162.0,43401.0,8089597.0,0.099062,8579966.0,0.09514359654111514,90179122.0,32817883.0,562903.0,19737.0,543166.0,3,,0,0,0,0,0,0.5200242864789115,743761.0,-200595.0,-224259.0,-23664.0,50.0,False,False,PASS_SUBSET_GROSS_FLOWS
280110,2010-03-31,62679980.0,594166.0,36818.0,8100371.0,0.101497,8711152.0,0.09473459290696819,91953232.0,31338191.0,391560.0,16597.0,374963.0,3,,0,0,0,0,0,0.49997129865070156,557348.0,-182385.0,-202606.0,-20221.0,50.0,False,False,PASS_SUBSET_GROSS_FLOWS
280110,2010-06-30,60663088.0,523230.0,57787.0,8416426.0,0.108959,8934962.0,0.09855182903542034,90662569.0,30099750.0,379510.0,30845.0,348665.0,3,,0,0,0,1,1,0.49617899438287744,465443.0,-116778.0,-143720.0,-26942.0,50.0,False,False,PASS_SUBSET_GROSS_FLOWS
280110,2010-09-30,58587569.0,455802.0,76127.0,8749661.0,0.116052,9279609.0,0.10281987636275317,90251120.0,29065623.0,286744.0,49402.0,237342.0,3,,0,0,0,0,0,0.49610563292018484,379675.0,-142333.0,-169058.0,-26725.0,50.0,False,False,PASS_SUBSET_GROSS_FLOWS
280110,2010-12-31,56980722.0,377401.0,89380.0,9149898.0,0.123863,9387952.0,0.10596886093389656,88591610.0,28508175.0,238279.0,65526.0,172753.0,3,,0,0,0,0,0,0.5003126320512401,288021.0,-115268.0,-139122.0,-23854.0,50.0,False,False,PASS_SUBSET_GROSS_FLOWS
280110,2011-03-31,55235603.0,269106.0,41905.0,9418518.0,0.131904,9625034.0,0.11094548049995119,86754629.0,28088672.0,111708.0,6457.0,105251.0,2,,0,0,0,0,0,0.5085247643625797,227201.0,-121950.0,-157398.0,-35448.0,50.0,False,False,PASS_SUBSET_GROSS_FLOWS
280110,2011-06-30,54422568.0,213329.0,45998.0,9685714.0,0.137602,10031538.0,0.11674064111112789,85930126.0,27987793.0,64252.0,9262.0,54990.0,2,,0,0,0,0,0,0.5142681433187791,167331.0,-112341.0,-149077.0,-36736.0,50.0,False,False,PASS_SUBSET_GROSS_FLOWS
280110,2011-09-30,54599526.0,190236.0,51255.0,9056829.0,0.127599,10263405.0,0.11856282436347139,86565119.0,28606678.0,66281.0,12627.0,53654.0,2,,0,0,0,0,0,0.5239363799605147,138981.0,-85327.0,-123955.0,-38628.0,50.0,False,False,PASS_SUBSET_GROSS_FLOWS
280110,2011-12-31,56047764.0,179823.0,49576.0,8997053.0,0.123625,10114315.0,0.1173370252934738,86198836.0,30248976.0,46650.0,11113.0,35537.0,2,,0,0,0,0,0,0.5396999601982337,130247.0,-94710.0,-133173.0,-38463.0,50.0,False,False,PASS_SUBSET_GROSS_FLOWS
280110,2012-03-31,55380452.0,164134.0,44798.0,8910383.0,0.12348,10021724.0,0.11812657827148026,84838858.0,30128677.0,51585.0,5377.0,46208.0,2,,0,0,0,0,0,0.544030897400404,119336.0,-73128.0,-112549.0,-39421.0,50.0,False,False,PASS_SUBSET_GROSS_FLOWS
280110,2012-06-30,55685439.0,148013.0,58106.0,8709400.0,0.120102,9785699.0,0.11654295337788334,83966458.0,31046677.0,50299.0,17194.0,33105.0,2,,0,0,0,0,0,0.5575367197877348,89907.0,-56802.0,-97714.0,-40912.0,50.0,False,False,PASS_SUBSET_GROSS_FLOWS
280110,2012-09-30,57317510.0,157172.0,36376.0,8340991.0,0.111631,9528306.0,0.11252404078993024,84677958.0,32332633.0,84880.0,6117.0,78763.0,2,,0,0,0,0,0,0.5640969574568051,120796.0,-42033.0,-72292.0,-30259.0,50.0,False,False,PASS_SUBSET_GROSS_FLOWS
280110,2012-12-31,58567257.0,123050.0,49974.0,8149275.0,0.10838,9299512.0,0.10683769069403154,87043364.0,33629200.0,20522.0,8643.0,11879.0,2,,0,0,1,0,1,0.5741979686704467,73076.0,-61197.0,-102528.0,-41331.0,50.0,False,False,PASS_SUBSET_GROSS_FLOWS
280110,2013-03-31,58002279.0,107085.0,45682.0,8353354.0,0.110992,9459990.0,0.10905097413343895,86748331.0,33697715.0,30061.0,15244.0,14817.0,2,,0,0,0,0,0,0.5809722580038622,61403.0,-46586.0,-77024.0,-30438.0,50.0,False,False,PASS_SUBSET_GROSS_FLOWS
280110,2013-06-30,58436399.0,85276.0,33980.0,8573258.0,0.110619,9509476.0,0.10770340359244054,88293180.0,34405931.0,18100.0,7774.0,10326.0,2,,0,0,0,0,0,0.5887756875641841,51296.0,-40970.0,-67176.0,-26206.0,50.0,False,False,PASS_SUBSET_GROSS_FLOWS
280110,2013-09-30,58973177.0,91209.0,45657.0,8576666.0,0.110084,9437270.0,0.10712872148281706,88092809.0,35448106.0,12298.0,19145.0,-6847.0,2,,0,0,0,0,0,0.601088627122802,45552.0,-52399.0,-78911.0,-26512.0,50.0,False,False,PASS_SUBSET_GROSS_FLOWS
280110,2013-12-31,59493550.0,79450.0,32532.0,8512057.0,0.108505,9310447.0,0.10294638419402385,90439767.0,35851511.0,15061.0,9413.0,5648.0,2,,0,0,0,0,0,0.6026117284982994,46918.0,-41270.0,-64389.0,-23119.0,50.0,False,False,PASS_SUBSET_GROSS_FLOWS
280110,2014-03-31,60145187.0,70018.0,40981.0,,,9565848.0,0.10849939537790902,88164989.0,36915646.0,13148.0,18454.0,-5306.0,2,,0,0,0,0,0,0.6137755627894216,29037.0,-34343.0,-56870.0,-22527.0,50.0,False,False,PASS_SUBSET_GROSS_FLOWS
280110,2014-06-30,60149790.0,66962.0,29617.0,,,9817199.0,0.1102915117342195,89011374.0,37359535.0,6997.0,4356.0,2641.0,2,,0,0,1,0,1,0.6211083197464198,37345.0,-34704.0,-59965.0,-25261.0,50.0,False,False,PASS_SUBSET_GROSS_FLOWS
280110,2014-09-30,59277277.0,59287.0,21662.0,,,9976927.0,0.11415476854513677,87398250.0,38375455.0,8203.0,3278.0,4925.0,2,,0,0,0,1,1,0.6473889649148358,37625.0,-32700.0,-51084.0,-18384.0,50.0,False,False,PASS_SUBSET_GROSS_FLOWS
280110,2014-12-31,60355506.0,59785.0,20308.0,,,9997570.0,0.10892674076160891,91782513.0,39306976.0,9091.0,3843.0,5248.0,2,,0,0,0,0,0,0.6512575008483898,39477.0,-34229.0,-50694.0,-16465.0,50.0,False,False,PASS_SUBSET_GROSS_FLOWS
280110,2015-03-31,61776756.0,56091.0,22383.0,9169957.0,,10058200.0,0.10921969411926949,92091450.0,41062934.0,7346.0,3493.0,3853.0,2,,0,0,0,0,0,0.664698774406348,33708.0,-29855.0,-48745.0,-18890.0,50.0,False,False,PASS_SUBSET_GROSS_FLOWS
280110,2015-06-30,61203346.0,58637.0,19973.0,9154907.0,,9981745.0,0.1079332430435318,92480729.0,40428647.0,5776.0,3529.0,2247.0,2,,0,0,0,0,0,0.6605626921116372,38664.0,-36417.0,-52861.0,-16444.0,50.0,False,False,PASS_SUBSET_GROSS_FLOWS
280110,2015-09-30,63028689.0,62733.0,14642.0,9173702.0,,10093606.0,0.10836210067197753,93147013.0,42021239.0,3560.0,2921.0,639.0,2,,0,0,1,0,1,0.6667001910828257,48091.0,-47452.0,-59173.0,-11721.0,50.0,False,False,PASS_SUBSET_GROSS_FLOWS
280110,2015-12-31,62309108.0,60990.0,16845.0,9196824.0,,9955029.0,0.10699928604652226,93038275.0,41585255.0,5237.0,5938.0,-701.0,2,,0,0,0,0,0,0.6674025087953434,44145.0,-44846.0,-55753.0,-10907.0,50.0,False,False,PASS_SUBSET_GROSS_FLOWS
280110,2016-03-31,62860763.0,68512.0,16699.0,9155283.0,,10116959.0,0.10495901233843476,96389617.0,42768944.0,6093.0,5708.0,385.0,2,,0,0,0,0,0,0.6803758331727535,51813.0,-51428.0,-62419.0,-10991.0,50.0,False,False,PASS_SUBSET_GROSS_FLOWS
280110,2016-06-30,64222663.0,70646.0,23123.0,9283479.0,,10329288.0,0.10419129023833812,99137730.0,43971459.0,5021.0,9346.0,-4325.0,2,,0,0,0,0,0,0.684671998107584,47523.0,-51848.0,-65625.0,-13777.0,50.0,False,False,PASS_SUBSET_GROSS_FLOWS
280110,2016-09-30,65300358.0,59595.0,14629.0,9344929.0,,10317294.0,0.10188422679215144,101264880.0,45072338.0,11630.0,3576.0,8054.0,2,,0,0,0,0,0,0.6902311010301047,44966.0,-36912.0,-47965.0,-11053.0,50.0,False,False,PASS_SUBSET_GROSS_FLOWS
280110,2016-12-31,88702751.0,90044.0,12553.0,12438587.0,,14564159.0,0.10839475058676652,134362217.0,60477986.0,3951.0,-105.0,4056.0,2,,0,0,1,1,1,0.6818050772743226,77491.0,-73435.0,-86093.0,-12658.0,50.0,False,False,PASS_SUBSET_GROSS_FLOWS
280110,2017-03-31,89019339.0,82961.0,20763.0,12637487.0,,14753781.0,0.11152744998580298,132288338.0,60931255.0,215.0,3806.0,-3591.0,2,,0,0,0,0,0,0.6844721122901171,62198.0,-65789.0,-82746.0,-16957.0,50.0,False,False,PASS_SUBSET_GROSS_FLOWS
280110,2017-06-30,89702064.0,85814.0,17663.0,12870369.0,,15132494.0,0.11330514654080692,133555222.0,61358745.0,8823.0,4212.0,4611.0,2,,0,0,0,1,1,0.6840282404204211,68151.0,-63540.0,-76991.0,-13451.0,50.0,False,False,PASS_SUBSET_GROSS_FLOWS
280110,2017-09-30,89233909.0,81230.0,41255.0,13039719.0,,15270171.0,0.11326429792208847,134818926.0,61241671.0,10524.0,2459.0,8065.0,2,,0,0,0,0,0,0.686304922493085,39975.0,-31910.0,-70706.0,-38796.0,50.0,False,False,PASS_SUBSET_GROSS_FLOWS
280110,2017-12-31,88843744.0,77515.0,22085.0,13110379.0,,15169113.0,0.11173605936939213,135758439.0,60264698.0,3806.0,2882.0,924.0,2,,0,0,1,0,1,0.6783223588596177,55430.0,-54506.0,-73709.0,-19203.0,50.0,False,False,PASS_SUBSET_GROSS_FLOWS
280110,2018-03-31,90927643.0,75650.0,20059.0,13141561.0,,15048814.0,0.11131731793477748,135188435.0,62305150.0,2763.0,2482.0,281.0,2,,0,0,0,0,0,0.6852168157487597,55591.0,-55310.0,-72887.0,-17577.0,50.0,False,False,PASS_SUBSET_GROSS_FLOWS
280110,2018-06-30,90783566.0,82106.0,20385.0,13396896.0,,15146978.0,0.11148725099442364,135862871.0,62249187.0,3539.0,2724.0,815.0,2,,0,0,0,1,1,0.6856878369373594,61721.0,-60906.0,-78567.0,-17661.0,50.0,False,False,PASS_SUBSET_GROSS_FLOWS
280110,2018-09-30,91963686.0,86136.0,21703.0,13538889.0,,15178821.0,0.11087098803569674,136905256.0,63648369.0,9469.0,4007.0,5462.0,2,,0,0,0,0,0,0.6921032830284771,64433.0,-58971.0,-76667.0,-17696.0,50.0,False,False,PASS_SUBSET_GROSS_FLOWS
280110,2018-12-31,91837993.0,95298.0,33249.0,13574669.0,,15554378.0,0.11273207873662373,137976503.0,64061532.0,12577.0,4300.0,8277.0,2,,0,0,0,0,0,0.6975493464888763,62049.0,-53772.0,-82721.0,-28949.0,50.0,False,False,PASS_SUBSET_GROSS_FLOWS
280110,2019-03-31,92084682.0,84352.0,23782.0,13546381.0,,15795263.0,0.11292171438402444,139877995.0,64928188.0,10917.0,3092.0,7825.0,2,,0,0,0,0,0,0.7050921672292901,60570.0,-52745.0,-73435.0,-20690.0,50.0,False,False,PASS_SUBSET_GROSS_FLOWS
280110,2019-06-30,94685558.0,87821.0,20908.0,13598382.0,,16510048.0,0.11541347189508726,143051307.0,66442507.0,3834.0,1979.0,1855.0,2,,0,0,0,0,0,0.701717436147971,66913.0,-65058.0,-83987.0,-18929.0,50.0,False,False,PASS_SUBSET_GROSS_FLOWS
280110,2019-09-30,95273067.0,215105.0,17474.0,13811792.0,,16853171.0,0.11608177077063256,145183614.0,66291458.0,1409.0,1382.0,27.0,2,,0,0,1,0,1,0.6958048070395383,197631.0,-197604.0,-213696.0,-16092.0,50.0,False,False,PASS_SUBSET_GROSS_FLOWS
280110,2019-12-31,96845281.0,117383.0,16930.0,14090635.0,,16969468.0,0.11834462769576086,143390269.0,67073817.0,3536.0,2224.0,1312.0,2,,0,0,0,0,0,0.6925873548758664,100453.0,-99141.0,-113847.0,-14706.0,50.0,False,False,PASS_SUBSET_GROSS_FLOWS
280110,2020-03-31,106161945.0,102696.0,17712.0,14004421.0,,17352213.0,0.11195445109839343,154993507.0,75624653.0,3751.0,1826.0,1925.0,2,,0,0,0,0,0,0.7123518036524293,84984.0,-83059.0,-98945.0,-15886.0,50.0,False,False,PASS_SUBSET_GROSS_FLOWS
280110,2020-06-30,108946424.0,112677.0,15444.0,14138934.0,,17486325.0,0.1029786312887836,169805374.0,77501718.0,4501.0,1074.0,3427.0,2,,0,0,0,0,0,0.7113745927080636,97233.0,-93806.0,-108176.0,-14370.0,50.0,False,False,PASS_SUBSET_GROSS_FLOWS
280110,2020-09-30,105548049.0,150818.0,24299.0,14264111.0,,17511424.0,0.10363405243145338,168973649.0,75382922.0,13664.0,2412.0,11252.0,2,,0,0,0,0,0,0.7142047883803139,126519.0,-115267.0,-137154.0,-21887.0,50.0,False,False,PASS_SUBSET_GROSS_FLOWS
280110,2020-12-31,103478476.0,161572.0,26184.0,14538514.0,,17645350.0,0.10442604550635233,168974607.0,73988196.0,1349.0,887.0,462.0,2,,0,0,1,0,1,0.7150104916504568,135388.0,-134926.0,-160223.0,-25297.0,50.0,False,False,PASS_SUBSET_GROSS_FLOWS
280110,2021-03-31,103898289.0,135961.0,22011.0,14763092.0,,17266839.0,0.0992301200697947,174008043.0,74784451.0,35688.0,2690.0,32998.0,2,,0,0,0,0,0,0.7197852026225379,113950.0,-80952.0,-100273.0,-19321.0,50.0,False,False,PASS_SUBSET_GROSS_FLOWS
280110,2021-06-30,102905143.0,72254.0,49155.0,14942824.0,,17537469.0,0.09800990172524893,178935686.0,74046332.0,6253.0,6230.0,23.0,2,,0,0,0,0,0,0.719559099198764,23099.0,-23076.0,-66001.0,-42925.0,50.0,False,False,PASS_SUBSET_GROSS_FLOWS
280110,2021-09-30,101016662.0,66402.0,37057.0,14766974.0,,17194545.0,0.09311488985912052,184659457.0,75897218.0,-8.0,2143.0,-2151.0,2,,0,0,1,0,1,0.7513336562239603,29345.0,-31496.0,-66410.0,-34914.0,50.0,False,False,PASS_SUBSET_GROSS_FLOWS
280110,2021-12-31,105151035.0,52584.0,32685.0,15143268.0,,17019361.0,0.09250773468707416,183977708.0,79994079.0,2287.0,3016.0,-729.0,2,,0,0,0,0,0,0.7607540810225977,19899.0,-20628.0,-50297.0,-29669.0,50.0,False,False,PASS_SUBSET_GROSS_FLOWS
280110,2022-03-31,108301514.0,52579.0,18072.0,15418106.0,,14989852.0,0.08370371476007406,179082279.0,82459485.0,5568.0,1860.0,3708.0,2,,0,0,0,0,0,0.7613881094958654,34507.0,-30799.0,-47011.0,-16212.0,50.0,False,False,PASS_SUBSET_GROSS_FLOWS
280110,2022-06-30,114193695.0,60534.0,15802.0,15751457.0,,14135215.0,0.07654178794510898,184673175.0,88450252.0,1529.0,2145.0,-616.0,2,,0,0,1,0,1,0.7745633592117324,44732.0,-45348.0,-59005.0,-13657.0,50.0,False,False,PASS_SUBSET_GROSS_FLOWS
280110,2022-09-30,117705749.0,69502.0,25708.0,16384799.0,,12651057.0,0.06739441726042358,187716691.0,91287366.0,3043.0,4407.0,-1364.0,2,,0,0,0,0,0,0.7755557122362817,43794.0,-45158.0,-66459.0,-21301.0,50.0,False,False,PASS_SUBSET_GROSS_FLOWS
280110,2022-12-31,120791406.0,68292.0,26791.0,16801412.0,,13033463.0,0.06947828078575316,187590465.0,94033956.0,13191.0,2403.0,10788.0,2,,0,0,0,0,0,0.7784821711571103,41501.0,-30713.0,-55101.0,-24388.0,50.0,False,False,PASS_SUBSET_GROSS_FLOWS
280110,2023-03-31,121588877.0,61877.0,16312.0,17025633.0,,14122843.0,0.07235408028575462,195190692.0,95197494.0,5912.0,1880.0,4032.0,2,,0,0,0,0,0,0.7829457459336515,45565.0,-41533.0,-55965.0,-14432.0,50.0,False,False,PASS_SUBSET_GROSS_FLOWS
280110,2023-06-30,120523092.0,76707.0,22657.0,17235706.0,,13746509.0,0.07130561562698956,192782979.0,93615560.0,9215.0,2077.0,7138.0,2,,0,0,0,0,0,0.77674376292968,54050.0,-46912.0,-67492.0,-20580.0,50.0,False,False,PASS_SUBSET_GROSS_FLOWS
280110,2023-09-30,116632798.0,88451.0,17238.0,17441967.0,,13343081.0,0.07190272925486695,185571273.0,89990068.0,2106.0,1348.0,758.0,2,,0,0,0,0,0,0.7715674282288932,71213.0,-70455.0,-86345.0,-15890.0,50.0,False,False,PASS_SUBSET_GROSS_FLOWS
280110,2023-12-31,113427449.0,95664.0,19317.0,17486563.0,,14788518.0,0.07955504487467147,185890386.0,87284595.0,22938.0,1899.0,21039.0,2,,0,0,1,0,1,0.7695191575718149,76347.0,-55308.0,-72726.0,-17418.0,50.0,False,False,PASS_SUBSET_GROSS_FLOWS
280110,2024-03-31,110427610.0,98606.0,15595.0,17461529.0,,14745337.0,0.07960415510264361,185233258.0,85572134.0,6594.0,2529.0,4065.0,2,,0,0,0,0,0,0.774916110201063,83011.0,-78946.0,-92012.0,-13066.0,50.0,False,False,PASS_SUBSET_GROSS_FLOWS
280110,2024-06-30,107886092.0,131385.0,40656.0,17593949.0,,15047489.0,0.08135394274717568,184963242.0,83453897.0,10068.0,1947.0,8121.0,2,,0,0,1,0,1,0.7735371209849736,90729.0,-82608.0,-121317.0,-38709.0,50.0,False,False,PASS_SUBSET_GROSS_FLOWS
280110,2024-09-30,106676067.0,167653.0,12943.0,16983524.0,,16350123.0,0.08733083110396135,187220513.0,83205930.0,5025.0,1540.0,3485.0,2,,0,0,0,0,0,0.7799868549709468,154710.0,-151225.0,-162628.0,-11403.0,50.0,False,False,PASS_SUBSET_GROSS_FLOWS
280110,2024-12-31,105314223.0,131858.0,17178.0,17559705.0,,16769719.0,0.09091179608180398,184461420.0,70190948.0,18619.0,1399.0,17220.0,2,,0,0,0,0,0,0.6664906790415194,114680.0,-97460.0,-113239.0,-15779.0,50.0,False,False,PASS_SUBSET_GROSS_FLOWS
280110,2025-03-31,105862819.0,126968.0,16077.0,17966661.0,,17892281.0,0.09631088281457793,185776316.0,71008709.0,35751.0,1270.0,34481.0,2,,0,0,0,0,0,0.6707615541581223,110891.0,-76410.0,-91217.0,-14807.0,50.0,False,False,PASS_SUBSET_GROSS_FLOWS
280110,2025-06-30,107149044.0,127070.0,25066.0,18125286.0,,18350963.0,0.10050272714489113,182591692.0,74143712.0,6597.0,2005.0,4592.0,2,,0,0,1,0,1,0.6919680216652236,102004.0,-97412.0,-120473.0,-23061.0,50.0,False,False,PASS_SUBSET_GROSS_FLOWS
280110,2025-09-30,107115648.0,141445.0,27144.0,18239568.0,,18803766.0,0.10180984630523089,184694965.0,73389399.0,7441.0,1182.0,6259.0,2,,0,0,0,0,0,0.6851417171093434,114301.0,-108042.0,-134004.0,-25962.0,50.0,False,False,PASS_SUBSET_GROSS_FLOWS
280110,2025-12-31,107822865.0,124332.0,19002.0,18376004.0,,19074946.0,0.10497610142805876,181707510.0,73889867.0,45963.0,6935.0,39028.0,2,,0,0,0,0,0,0.6852894049884503,105330.0,-66302.0,-78369.0,-12067.0,50.0,False,False,PASS_SUBSET_GROSS_FLOWS
2925666,2005-03-31,519571.0,67.0,14.0,62027.0,0.0937,60027.0,0.0763078041754646,786643.0,324072.0,38.0,2.0,36.0,3,,0,0,0,0,0,0.6237299618338976,53.0,-17.0,-29.0,-12.0,50.0,False,False,PASS_SUBSET_GROSS_FLOWS
2925666,2005-06-30,562966.0,28.0,6.0,67519.0,0.0938,67294.0,0.07721540774058817,871510.0,352324.0,0.0,0.0,0.0,3,,0,0,0,0,0,0.6258353079937332,22.0,-22.0,-28.0,-6.0,50.0,False,False,PASS_SUBSET_GROSS_FLOWS
2925666,2005-09-30,610589.0,30.0,236.0,79792.0,0.1066,78738.0,0.0804872289466986,978267.0,386591.0,0.0,232.0,-232.0,3,,0,0,0,0,0,0.6331443900889141,-206.0,-26.0,-30.0,-4.0,50.0,False,False,PASS_SUBSET_GROSS_FLOWS
2925666,2005-12-31,652898.0,82.0,7.0,82357.0,0.0992,79463.0,0.07820468659272309,1016090.0,416782.0,61.0,0.0,61.0,3,,0,0,0,0,0,0.6383569868494007,75.0,-14.0,-21.0,-7.0,50.0,False,False,PASS_SUBSET_GROSS_FLOWS
2925666,2006-03-31,1242433.0,44.0,117.0,133584.0,0.0922,251752.0,0.13754361887362096,1830343.0,873055.0,0.0,103.0,-103.0,3,,0,0,0,0,0,0.7026978517151428,-73.0,-30.0,-44.0,-14.0,50.0,False,False,PASS_SUBSET_GROSS_FLOWS
2925666,2006-06-30,1366330.0,456.0,15.0,145032.0,0.0914,261149.0,0.13165917410587122,1983523.0,938235.0,404.0,-1.0,405.0,3,,0,0,0,1,1,0.6866825730240864,441.0,-36.0,-52.0,-16.0,50.0,False,False,PASS_SUBSET_GROSS_FLOWS
2925666,2006-09-30,1413473.0,128.0,27.0,150517.0,0.0929,270978.0,0.1322507091360936,2048972.0,987368.0,24.0,6.0,18.0,3,,0,0,0,0,0,0.6985404036723729,101.0,-83.0,-104.0,-21.0,50.0,False,False,PASS_SUBSET_GROSS_FLOWS
2925666,2006-12-31,1503389.0,190.0,85.0,159031.0,0.0926,277481.0,0.12980972100460422,2137598.0,1053036.0,109.0,58.0,51.0,3,,0,0,0,0,0,0.700441469240496,105.0,-54.0,-81.0,-27.0,50.0,False,False,PASS_SUBSET_GROSS_FLOWS
2925666,2007-03-31,1565649.0,188.0,74.0,165738.0,0.0933,284083.0,0.1298061062326195,2188518.0,1115894.0,47.0,38.0,9.0,3,,0,0,0,0,0,0.7127357408972254,114.0,-105.0,-141.0,-36.0,50.0,False,False,PASS_SUBSET_GROSS_FLOWS
2925666,2007-06-30,1668003.0,364.0,48.0,176988.0,0.0923,291268.0,0.12609730343781697,2309867.0,1193602.0,71.0,0.0,71.0,3,,0,0,0,0,0,0.7155874419890133,316.0,-245.0,-293.0,-48.0,50.0,False,False,PASS_SUBSET_GROSS_FLOWS
2925666,2007-09-30,1736931.0,258.0,88.0,183799.0,0.0921,300707.0,0.12730316201500932,2362133.0,1262159.0,157.0,3.0,154.0,3,,0,0,0,0,0,0.7266604142594035,170.0,-16.0,-101.0,-85.0,50.0,False,False,PASS_SUBSET_GROSS_FLOWS
2925666,2007-12-31,1885873.0,417.0,64.0,194864.0,0.0918,314799.0,0.12380914924202052,2542615.0,1241909.0,237.0,7.0,230.0,3,,0,0,0,0,0,0.6585326795600764,353.0,-123.0,-180.0,-57.0,50.0,False,False,PASS_SUBSET_GROSS_FLOWS
2925666,2008-03-31,2880209.0,757.0,565.0,293805.0,0.0925,549149.0,0.14149692501615566,3880996.0,1265066.0,583.0,457.0,126.0,3,,0,0,0,0,0,0.43922715330727735,192.0,-66.0,-174.0,-108.0,50.0,False,False,PASS_SUBSET_GROSS_FLOWS
2925666,2008-06-30,3048724.0,1029.0,159.0,307876.0,0.0938,557429.0,0.13600536380762024,4098581.0,1303151.0,226.0,60.0,166.0,3,,0,0,0,0,0,0.4274414476351418,870.0,-704.0,-803.0,-99.0,50.0,False,False,PASS_SUBSET_GROSS_FLOWS
2925666,2008-09-30,3218019.0,656.0,584.0,315428.0,0.0903,565697.0,0.13066291745025566,4329438.0,1371271.0,302.0,104.0,198.0,3,,0,0,0,0,0,0.42612271711260874,72.0,126.0,-354.0,-480.0,50.0,False,False,PASS_SUBSET_GROSS_FLOWS
2925666,2008-12-31,3380334.0,2691.0,623.0,373258.0,0.1015,633481.0,0.13348706053308768,4745636.0,1437243.0,582.0,226.0,356.0,3,,0,0,0,0,0,0.4251778078734232,2068.0,-1712.0,-2109.0,-397.0,50.0,False,False,PASS_SUBSET_GROSS_FLOWS
2925666,2009-03-31,3498610.0,4853.0,93.0,375169.0,0.0982,636564.0,0.12877834912437502,4943098.0,2516454.0,3260.0,23.0,3237.0,3,,0,0,0,0,0,0.719272511082973,4760.0,-1523.0,-1593.0,-70.0,50.0,False,False,PASS_SUBSET_GROSS_FLOWS
2925666,2009-06-30,3572136.0,44701.0,122.0,363607.0,0.0925,620383.0,0.12324599593499569,5033697.0,2636978.0,5623.0,61.0,5562.0,3,,0,0,0,0,0,0.7382076158354554,44579.0,-39017.0,-39078.0,-61.0,50.0,False,False,PASS_SUBSET_GROSS_FLOWS
2925666,2009-09-30,3623221.0,5567.0,339.0,421825.0,0.1052,688276.0,0.1348327461253579,5104665.0,2718162.0,4594.0,247.0,4347.0,3,,0,0,0,0,0,0.7502059631471555,5228.0,-881.0,-973.0,-92.0,50.0,False,False,PASS_SUBSET_GROSS_FLOWS
2925666,2009-12-31,3575823.0,7477.0,761.0,423321.0,0.1066,682681.0,0.132902848759474,5136692.0,2721414.0,4958.0,630.0,4328.0,3,,0,0,0,0,0,0.7610594819710036,6716.0,-2388.0,-2519.0,-131.0,50.0,False,False,PASS_SUBSET_GROSS_FLOWS
2925666,2010-03-31,3491147.0,15746.0,623.0,421329.0,0.1089,682706.0,0.13595739892899888,5021470.0,2684127.0,14490.0,477.0,14013.0,3,,0,0,0,0,0,0.7688381497542212,15123.0,-1110.0,-1256.0,-146.0,50.0,False,False,PASS_SUBSET_GROSS_FLOWS
2925666,2010-06-30,3355717.0,34479.0,1015.0,420852.0,0.1126,689731.0,0.13931325308992076,4950936.0,2610615.0,30715.0,915.0,29800.0,3,,0,0,0,0,0,0.7779604179971076,33464.0,-3664.0,-3764.0,-100.0,50.0,False,False,PASS_SUBSET_GROSS_FLOWS
2925666,2010-09-30,3273727.0,8505.0,1159.0,424265.0,0.1153,694205.0,0.14011353918559138,4954589.0,2545834.0,7381.0,1119.0,6262.0,3,,0,0,0,0,0,0.7776561698638891,7346.0,-1084.0,-1124.0,-40.0,50.0,False,False,PASS_SUBSET_GROSS_FLOWS
2925666,2010-12-31,3228646.0,8813.0,1667.0,429328.0,0.1182,685064.0,0.13971796331858918,4903192.0,2546589.0,8194.0,1230.0,6964.0,3,,0,0,0,0,0,0.7887482864333841,7146.0,-182.0,-619.0,-437.0,50.0,False,False,PASS_SUBSET_GROSS_FLOWS
2925666,2011-03-31,3226211.0,11658.0,1932.0,435039.0,0.1175,690051.0,0.14345500606416414,4810226.0,2580652.0,10554.0,1204.0,9350.0,3,,0,0,0,0,0,0.7999018043147209,9726.0,-376.0,-1104.0,-728.0,50.0,False,False,PASS_SUBSET_GROSS_FLOWS
2925666,2011-06-30,3221265.0,9016.0,412.0,442599.0,0.1201,708739.0,0.14699258357759887,4821597.0,2604041.0,8590.0,364.0,8226.0,3,,0,0,0,0,0,0.8083908029919923,8604.0,-378.0,-426.0,-48.0,50.0,False,False,PASS_SUBSET_GROSS_FLOWS
2925666,2011-09-30,3264963.0,6527.0,794.0,460991.0,0.1231,725349.0,0.14953605311273943,4850663.0,2647110.0,4198.0,738.0,3460.0,3,,0,0,0,0,0,0.8107626334509763,5733.0,-2273.0,-2329.0,-56.0,50.0,False,False,PASS_SUBSET_GROSS_FLOWS
2925666,2011-12-31,3326714.0,7649.0,1314.0,471929.0,0.1251,738429.0,0.15235593603612824,4846736.0,2723817.0,7116.0,1092.0,6024.0,3,,0,0,0,1,1,0.8187710154825453,6335.0,-311.0,-533.0,-222.0,50.0,False,False,PASS_SUBSET_GROSS_FLOWS
2925666,2012-03-31,3361410.0,4926.0,1296.0,482329.0,0.1264,746775.0,0.15645869408766214,4772985.0,2758999.0,4116.0,1223.0,2893.0,3,,0,0,0,0,0,0.8207862176884105,3630.0,-737.0,-810.0,-73.0,50.0,False,False,PASS_SUBSET_GROSS_FLOWS
2925666,2012-06-30,3480984.0,3849.0,1450.0,468987.0,0.1192,734024.0,0.14945730852884656,4911262.0,2860204.0,3153.0,1203.0,1950.0,3,,0,0,0,0,0,0.8216653681832493,2399.0,-449.0,-696.0,-247.0,50.0,False,False,PASS_SUBSET_GROSS_FLOWS
2925666,2012-09-30,3564409.0,2491.0,556.0,480764.0,0.12,747325.0,0.15406224830177462,4850799.0,2911802.0,1974.0,481.0,1493.0,3,,0,0,0,0,0,0.8169101806218085,1935.0,-442.0,-517.0,-75.0,50.0,False,False,PASS_SUBSET_GROSS_FLOWS
2925666,2012-12-31,3753357.0,8393.0,6230.0,492489.0,0.1164,752434.0,0.1498207270118507,5022229.0,3116384.0,7347.0,536.0,6811.0,3,,0,0,0,0,0,0.8302924555271455,2163.0,4648.0,-1046.0,-5694.0,50.0,False,False,PASS_SUBSET_GROSS_FLOWS
2925666,2013-03-31,3802692.0,3558.0,1380.0,505511.0,0.1154,762869.0,0.15099383075375883,5052319.0,3147925.0,3251.0,948.0,2303.0,3,,0,0,0,0,0,0.8278148743048346,2178.0,125.0,-307.0,-432.0,50.0,False,False,PASS_SUBSET_GROSS_FLOWS
2925666,2013-06-30,3953328.0,7819.0,4329.0,518407.0,0.1146,765064.0,0.14287613805797336,5354736.0,3316934.0,7077.0,3967.0,3110.0,3,,0,0,0,0,0,0.8390232229655622,3490.0,-380.0,-742.0,-362.0,50.0,False,False,PASS_SUBSET_GROSS_FLOWS
2925666,2013-09-30,3986265.0,2711.0,611.0,529166.0,0.1164,774925.0,0.14422702003907348,5372953.0,3312202.0,1943.0,458.0,1485.0,3,,0,0,0,0,0,0.8309036152889986,2100.0,-615.0,-768.0,-153.0,50.0,False,False,PASS_SUBSET_GROSS_FLOWS
2925666,2013-12-31,4157343.0,3165.0,1628.0,539308.0,0.1132,781248.0,0.140898764181666,5544747.0,3470334.0,2811.0,1343.0,1468.0,3,,0,0,0,0,0,0.8347480590367453,1537.0,-69.0,-354.0,-285.0,50.0,False,False,PASS_SUBSET_GROSS_FLOWS
2925666,2014-03-31,4195657.0,1503.0,570.0,,,797223.0,0.14282039205682123,5581997.0,3514187.0,1100.0,442.0,658.0,3,,0,0,0,0,0,0.8375772852737963,933.0,-275.0,-403.0,-128.0,50.0,False,False,PASS_SUBSET_GROSS_FLOWS
2925666,2014-06-30,4340154.0,1764.0,874.0,,,814840.0,0.1412088219641377,5770461.0,3639522.0,1201.0,683.0,518.0,3,,0,0,0,0,0,0.8385697834685129,890.0,-372.0,-563.0,-191.0,50.0,False,False,PASS_SUBSET_GROSS_FLOWS
2925666,2014-09-30,4440381.0,2367.0,787.0,,,827106.0,0.14146822461317163,5846585.0,3713316.0,1397.0,649.0,748.0,3,,0,0,0,0,0,0.8362606722260996,1580.0,-832.0,-970.0,-138.0,50.0,False,False,PASS_SUBSET_GROSS_FLOWS
2925666,2014-12-31,4604065.0,2069.0,1227.0,,,841842.0,0.14035689687683972,5997867.0,3835590.0,1177.0,933.0,244.0,3,,0,0,0,0,0,0.8330877170500417,842.0,-598.0,-892.0,-294.0,50.0,False,False,PASS_SUBSET_GROSS_FLOWS
2925666,2015-03-31,4672117.0,2738.0,1306.0,561366.0,,858653.0,0.13639102956322618,6295524.0,3888246.0,906.0,695.0,211.0,3,,0,0,0,0,0,0.8322235937156539,1432.0,-1221.0,-1832.0,-611.0,50.0,False,False,PASS_SUBSET_GROSS_FLOWS
2925666,2015-06-30,4861896.0,3361.0,1505.0,585827.0,,877051.0,0.13499688463162923,6496824.0,4003549.0,610.0,770.0,-160.0,3,,0,0,0,0,0,0.823454265578696,1856.0,-2016.0,-2751.0,-735.0,50.0,False,False,PASS_SUBSET_GROSS_FLOWS
2925666,2015-09-30,6403897.0,5634.0,1592.0,682926.0,,1167078.0,0.13682365477162,8529797.0,5143992.0,400.0,665.0,-265.0,3,,0,0,1,0,1,0.8032596401847187,4042.0,-4307.0,-5234.0,-927.0,50.0,False,False,PASS_SUBSET_GROSS_FLOWS
2925666,2015-12-31,6591166.0,9415.0,5630.0,701767.0,,1184779.0,0.13640634521801973,8685659.0,5280747.0,1045.0,1492.0,-447.0,3,,0,0,0,0,0,0.8011855565464442,3785.0,-4232.0,-8370.0,-4138.0,50.0,False,False,PASS_SUBSET_GROSS_FLOWS
2925666,2016-03-31,6873872.0,9227.0,2140.0,691065.0,,1233158.0,0.13398310616708345,9203832.0,5511250.0,1723.0,1560.0,163.0,3,,0,0,0,0,0,0.8017679118843063,7087.0,-6924.0,-7504.0,-580.0,50.0,False,False,PASS_SUBSET_GROSS_FLOWS
2925666,2016-06-30,7153843.0,7145.0,1038.0,720456.0,,1260593.0,0.13039784493762674,9667284.0,5725962.0,821.0,453.0,368.0,3,,0,0,0,0,0,0.8004036431887029,6107.0,-5739.0,-6324.0,-585.0,50.0,False,False,PASS_SUBSET_GROSS_FLOWS
2925666,2016-09-30,8312538.0,8884.0,1613.0,869325.0,,1517604.0,0.139093043523928,10910711.0,6696833.0,3724.0,656.0,3068.0,3,,0,0,1,0,1,0.805630362231126,7271.0,-4203.0,-5160.0,-957.0,50.0,False,False,PASS_SUBSET_GROSS_FLOWS
2925666,2016-12-31,8520223.0,5856.0,1541.0,949193.0,,1579728.0,0.14236117463144862,11096621.0,6879853.0,399.0,524.0,-125.0,3,,0,0,0,0,0,0.8074733489956777,4315.0,-4440.0,-5457.0,-1017.0,50.0,False,False,PASS_SUBSET_GROSS_FLOWS
2925666,2017-03-31,8727984.0,5162.0,881.0,1162970.0,,1794658.0,0.15432095899130013,11629386.0,6989052.0,1204.0,224.0,980.0,3,,0,0,0,0,0,0.8007636127655596,4281.0,-3301.0,-3958.0,-657.0,50.0,False,False,PASS_SUBSET_GROSS_FLOWS
2925666,2017-06-30,14860408.0,5159.0,1940.0,1888732.0,,3795158.0,0.18276484195809423,20765252.0,11783446.0,547.0,1043.0,-496.0,3,,0,0,0,0,0,0.7929422933744484,3219.0,-3715.0,-4612.0,-897.0,50.0,False,False,PASS_SUBSET_GROSS_FLOWS
2925666,2017-09-30,15385203.0,5986.0,2281.0,1933754.0,,3840207.0,0.17716262500075544,21676169.0,12119615.0,2348.0,1874.0,474.0,3,,0,0,0,0,0,0.7877448870840378,3705.0,-3231.0,-3638.0,-407.0,50.0,False,False,PASS_SUBSET_GROSS_FLOWS
2925666,2017-12-31,15762301.0,5740.0,1540.0,1936314.0,,3855483.0,0.1746045159706435,22081233.0,12540042.0,1281.0,1108.0,173.0,3,,0,0,0,0,0,0.7955717886620741,4200.0,-4027.0,-4459.0,-432.0,50.0,False,False,PASS_SUBSET_GROSS_FLOWS
2925666,2018-03-31,16444873.0,8668.0,4701.0,1979624.0,,3883668.0,0.1702624308556629,22809894.0,12980963.0,4226.0,3417.0,809.0,3,,0,0,0,0,0,0.7893623137132163,3967.0,-3158.0,-4442.0,-1284.0,50.0,False,False,PASS_SUBSET_GROSS_FLOWS
2925666,2018-06-30,17172723.0,6699.0,2764.0,2048545.0,,3947095.0,0.16542566179359347,23860234.0,13686431.0,2983.0,1814.0,1169.0,3,,0,0,0,0,0,0.7969866514471817,3935.0,-2766.0,-3716.0,-950.0,50.0,False,False,PASS_SUBSET_GROSS_FLOWS
2925666,2018-09-30,17522828.0,6949.0,2539.0,2133834.0,,4012218.0,0.1643078388271908,24418908.0,14065993.0,4081.0,1792.0,2289.0,3,,0,0,0,0,0,0.8027239096337646,4410.0,-2121.0,-2868.0,-747.0,50.0,False,False,PASS_SUBSET_GROSS_FLOWS
2925666,2018-12-31,17757699.0,8084.0,2354.0,2218003.0,,4096348.0,0.16448224216507057,24904500.0,14334717.0,5773.0,1617.0,4156.0,3,,0,0,0,0,0,0.8072395528271991,5730.0,-1574.0,-2311.0,-737.0,50.0,False,False,PASS_SUBSET_GROSS_FLOWS
2925666,2019-03-31,18243020.0,6067.0,2502.0,2277027.0,,4191225.0,0.1647155219716195,25445234.0,14790532.0,4027.0,1923.0,2104.0,3,,0,0,0,0,0,0.8107501937727416,3565.0,-1461.0,-2040.0,-579.0,50.0,False,False,PASS_SUBSET_GROSS_FLOWS
2925666,2019-06-30,18905617.0,8481.0,4345.0,2342893.0,,4287652.0,0.1623370988399679,26412028.0,15591166.0,6539.0,3812.0,2727.0,3,,0,0,1,0,1,0.8246843252986665,4136.0,-1409.0,-1942.0,-533.0,50.0,False,False,PASS_SUBSET_GROSS_FLOWS
2925666,2019-09-30,19439996.0,6797.0,1931.0,2592976.0,,4586025.0,0.16726616756747115,27417529.0,15878854.0,5329.0,991.0,4338.0,3,,0,0,0,0,0,0.8168136454349064,4866.0,-528.0,-1468.0,-940.0,50.0,False,False,PASS_SUBSET_GROSS_FLOWS
2925666,2019-12-31,19887281.0,7123.0,3608.0,2679713.0,,4653310.0,0.16819737284748001,27665771.0,16125257.0,5457.0,3341.0,2116.0,3,,0,0,0,0,0,0.810832662343334,3515.0,-1399.0,-1666.0,-267.0,50.0,False,False,PASS_SUBSET_GROSS_FLOWS
2925666,2020-03-31,20490948.0,11693.0,1538.0,2694493.0,,4705481.0,0.16154823398966595,29127406.0,16583906.0,10108.0,1120.0,8988.0,3,,0,0,0,0,0,0.8093283922247033,10155.0,-1167.0,-1585.0,-418.0,50.0,False,False,PASS_SUBSET_GROSS_FLOWS
2925666,2020-06-30,22605944.0,9002.0,3617.0,2729081.0,,4760866.0,0.14342040451114904,33195179.0,18847165.0,7481.0,2624.0,4857.0,3,,0,0,1,0,1,0.8337260766460362,5385.0,-528.0,-1521.0,-993.0,50.0,False,False,PASS_SUBSET_GROSS_FLOWS
2925666,2020-09-30,22572447.0,15029.0,1973.0,2819573.0,,4841670.0,0.14393784600615264,33637227.0,18635187.0,13719.0,1381.0,12338.0,3,,0,0,0,0,0,0.8255723006017026,13056.0,-718.0,-1310.0,-592.0,50.0,False,False,PASS_SUBSET_GROSS_FLOWS
2925666,2020-12-31,22543522.0,13609.0,2834.0,2933674.0,,4972160.0,0.14297954492099052,34775324.0,17815553.0,12582.0,2382.0,10200.0,3,,0,0,0,0,0,0.7902737203175263,10775.0,-575.0,-1027.0,-452.0,50.0,False,False,PASS_SUBSET_GROSS_FLOWS
2925666,2021-03-31,23185011.0,14274.0,2877.0,3059140.0,,5044355.0,0.14352751404366543,35145561.0,18826720.0,13174.0,1951.0,11223.0,3,,0,0,0,0,0,0.812021180408325,11397.0,-174.0,-1100.0,-926.0,50.0,False,False,PASS_SUBSET_GROSS_FLOWS
2925666,2021-06-30,22980746.0,12755.0,2787.0,3165288.0,,5173049.0,0.14689107821630204,35216904.0,18320106.0,11442.0,1700.0,9742.0,3,,0,0,0,0,0,0.7971937029372328,9968.0,-226.0,-1313.0,-1087.0,50.0,False,False,PASS_SUBSET_GROSS_FLOWS
2925666,2021-09-30,23162855.0,12289.0,3008.0,3256813.0,,5229419.0,0.1440197247975761,36310436.0,18065155.0,11005.0,1953.0,9052.0,3,,0,0,0,0,0,0.7799191852645108,9281.0,-229.0,-1284.0,-1055.0,50.0,False,False,PASS_SUBSET_GROSS_FLOWS
2925666,2021-12-31,23477753.0,15677.0,7601.0,3464265.0,,5329003.0,0.13922885286306247,38275134.0,18489765.0,13597.0,5996.0,7601.0,3,,0,0,1,0,1,0.7875440635226038,8076.0,-475.0,-2080.0,-1605.0,50.0,False,False,PASS_SUBSET_GROSS_FLOWS
2925666,2022-03-31,24601629.0,6512.0,3556.0,3522527.0,,5295770.0,0.13509259282642994,39201039.0,19026826.0,4512.0,2335.0,2177.0,3,,0,0,0,0,0,0.7733969974102122,2956.0,-779.0,-2000.0,-1221.0,50.0,False,False,PASS_SUBSET_GROSS_FLOWS
2925666,2022-06-30,26426464.0,9182.0,8308.0,3639644.0,,5312259.0,0.13321331178452273,39877839.0,20518544.0,6489.0,6364.0,125.0,3,,0,0,0,0,0,0.7764392542263694,874.0,-749.0,-2693.0,-1944.0,50.0,False,False,PASS_SUBSET_GROSS_FLOWS
2925666,2022-09-30,27772616.0,17601.0,6613.0,3901505.0,,5461332.0,0.1335883384005431,40881802.0,21681281.0,13496.0,4069.0,9427.0,3,,0,0,0,1,1,0.7806711834419919,10988.0,-1561.0,-4105.0,-2544.0,50.0,False,False,PASS_SUBSET_GROSS_FLOWS
2925666,2022-12-31,29104935.0,20881.0,9152.0,4015550.0,,5626844.0,0.1344767158475058,41842515.0,22693500.0,16361.0,6473.0,9888.0,3,,0,0,0,0,0,0.7797131311236394,11729.0,-1841.0,-4520.0,-2679.0,50.0,False,False,PASS_SUBSET_GROSS_FLOWS
2925666,2023-03-31,30379716.0,14022.0,6731.0,4118526.0,,5789775.0,0.1286968924360919,44987683.0,23603885.0,8139.0,4287.0,3852.0,3,,0,0,0,0,0,0.7769620031997666,7291.0,-3439.0,-5883.0,-2444.0,50.0,False,False,PASS_SUBSET_GROSS_FLOWS
2925666,2023-06-30,31261984.0,18885.0,9114.0,4299958.0,,5944133.0,0.12712259399568768,46759060.0,24372538.0,14096.0,6097.0,7999.0,3,,0,0,0,0,0,0.7796222402263401,9771.0,-1772.0,-4789.0,-3017.0,50.0,False,False,PASS_SUBSET_GROSS_FLOWS
2925666,2023-09-30,32083286.0,24708.0,6615.0,4417119.0,,5932408.0,0.12522470081967144,47374104.0,24832268.0,20333.0,4000.0,16333.0,3,,0,0,0,0,0,0.7739939107234839,18093.0,-1760.0,-4375.0,-2615.0,50.0,False,False,PASS_SUBSET_GROSS_FLOWS
2925666,2023-12-31,32789588.0,19110.0,5659.0,4465282.0,,6126173.0,0.12808107189999873,47830432.0,25346792.0,15299.0,4084.0,11215.0,3,,0,0,0,0,0,0.7730134334106302,13451.0,-2236.0,-3811.0,-1575.0,50.0,False,False,PASS_SUBSET_GROSS_FLOWS
2925666,2024-03-31,33273527.0,20833.0,4618.0,4554846.0,,6204974.0,0.1272491509851853,48762400.0,26041192.0,15899.0,2931.0,12968.0,3,,0,0,0,0,0,0.7826399647984417,16215.0,-3247.0,-4934.0,-1687.0,50.0,False,False,PASS_SUBSET_GROSS_FLOWS
2925666,2024-06-30,33972350.0,28801.0,5906.0,4593594.0,,6271112.0,0.1273913044626443,49227159.0,26710861.0,24555.0,4113.0,20442.0,3,,0,0,0,0,0,0.7862529674867944,22895.0,-2453.0,-4246.0,-1793.0,50.0,False,False,PASS_SUBSET_GROSS_FLOWS
2925666,2024-09-30,34495527.0,23139.0,4791.0,4726266.0,,6436713.0,0.1273031762520357,50562077.0,27173587.0,18670.0,3047.0,15623.0,3,,0,0,1,0,1,0.7877423354048193,18348.0,-2725.0,-4469.0,-1744.0,50.0,False,False,PASS_SUBSET_GROSS_FLOWS
2925666,2024-12-31,35681103.0,26432.0,5625.0,4851336.0,,6517369.0,0.12416583127308534,52489231.0,28078152.0,23344.0,3802.0,19542.0,3,,0,0,0,0,0,0.7869193954009773,20807.0,-1265.0,-3088.0,-1823.0,50.0,False,False,PASS_SUBSET_GROSS_FLOWS
2925666,2025-03-31,36292165.0,17972.0,3980.0,4954080.0,,6639380.0,0.1225586288750395,54173093.0,28045697.0,14813.0,2385.0,12428.0,3,,0,0,0,0,0,0.772775528822819,13992.0,-1564.0,-3159.0,-1595.0,50.0,False,False,PASS_SUBSET_GROSS_FLOWS
2925666,2025-06-30,37316757.0,23058.0,4321.0,5093122.0,,6725336.0,0.12297178685426147,54690073.0,28750797.0,20053.0,3148.0,16905.0,3,,0,0,0,0,0,0.7704527218160999,18737.0,-1832.0,-3005.0,-1173.0,50.0,False,False,PASS_SUBSET_GROSS_FLOWS
2925666,2025-09-30,38108009.0,22088.0,5300.0,5245710.0,,6936719.0,0.12416271125497966,55867973.0,29680865.0,16065.0,3690.0,12375.0,3,,0,0,0,0,0,0.7788616036067378,16788.0,-4413.0,-6023.0,-1610.0,50.0,False,False,PASS_SUBSET_GROSS_FLOWS
2925666,2025-12-31,39251362.0,31881.0,4870.0,5173602.0,,6929788.0,0.12023169999326473,57636946.0,30759485.0,28227.0,3355.0,24872.0,3,,0,0,0,0,0,0.7836539532054964,27011.0,-2139.0,-3654.0,-1515.0,50.0,False,False,PASS_SUBSET_GROSS_FLOWS
3138146,2005-03-31,264428.0,0.0,0.0,32278.0,0.1036,31447.0,0.08237331112054107,381762.0,145362.0,0.0,0.0,0.0,3,,0,0,0,0,0,0.5497224197134948,0.0,0.0,0.0,0.0,50.0,False,False,PASS_SUBSET_GROSS_FLOWS
3138146,2005-06-30,307419.0,0.0,0.0,38045.0,0.0998,37420.0,0.07881976771127784,474754.0,167651.0,0.0,0.0,0.0,3,,0,0,0,0,0,0.5453501572772015,0.0,0.0,0.0,0.0,50.0,False,False,PASS_SUBSET_GROSS_FLOWS
3138146,2005-09-30,358489.0,0.0,0.0,43910.0,0.1011,43132.0,0.08390248077607655,514073.0,190476.0,0.0,0.0,0.0,3,,0,0,0,0,0,0.531330110547325,0.0,0.0,0.0,0.0,50.0,False,False,PASS_SUBSET_GROSS_FLOWS
3138146,2005-12-31,404644.0,0.0,0.0,44817.0,0.0934,43627.0,0.08390436975080823,519961.0,208301.0,0.0,0.0,0.0,3,,0,0,0,0,0,0.5147759512064927,0.0,0.0,0.0,0.0,50.0,False,False,PASS_SUBSET_GROSS_FLOWS
3138146,2006-03-31,447022.0,0.0,0.0,48150.0,0.091,46940.0,0.08308141057863176,564988.0,238151.0,0.0,0.0,0.0,3,,0,0,0,0,0,0.5327500659922778,0.0,0.0,0.0,0.0,50.0,False,False,PASS_SUBSET_GROSS_FLOWS
3138146,2006-06-30,494367.0,0.0,0.0,49515.0,0.0873,47882.0,0.0791001331496331,605334.0,262143.0,0.0,0.0,0.0,3,,0,0,0,0,0,0.5302599081249355,0.0,0.0,0.0,0.0,50.0,False,False,PASS_SUBSET_GROSS_FLOWS
3138146,2006-09-30,535440.0,0.0,0.0,51020.0,0.0837,49802.0,0.07706770698734623,646211.0,271928.0,0.0,0.0,0.0,3,,0,0,0,0,0,0.5078589571193785,0.0,0.0,0.0,0.0,50.0,False,False,PASS_SUBSET_GROSS_FLOWS
3138146,2006-12-31,509547.0,64.0,0.0,52064.0,0.086,51497.0,0.07975968478375348,645652.0,250643.0,64.0,0.0,64.0,3,,0,0,0,0,0,0.4918937801615945,64.0,0.0,0.0,0.0,50.0,False,False,PASS_SUBSET_GROSS_FLOWS
3138146,2007-03-31,504236.0,0.0,0.0,52987.0,0.0852,52859.0,0.07465507038414333,708043.0,255102.0,0.0,0.0,0.0,3,,0,0,0,0,0,0.5059178638574001,0.0,0.0,0.0,0.0,50.0,False,False,PASS_SUBSET_GROSS_FLOWS
3138146,2007-06-30,524255.0,0.0,0.0,53945.0,0.0815,53620.0,0.07093352594656306,755919.0,276627.0,0.0,0.0,0.0,3,,0,0,0,0,0,0.5276573423238691,0.0,0.0,0.0,0.0,50.0,False,False,PASS_SUBSET_GROSS_FLOWS
3138146,2007-09-30,562329.0,0.0,0.0,56382.0,0.0811,55779.0,0.07192473685364253,775519.0,296432.0,0.0,0.0,0.0,3,,0,0,0,0,0,0.5271504759669161,0.0,0.0,0.0,0.0,50.0,False,False,PASS_SUBSET_GROSS_FLOWS
3138146,2007-12-31,584249.0,2349.0,0.0,56960.0,0.0751,54502.0,0.06625778804364343,822575.0,318159.0,2300.0,0.0,2300.0,3,,0,0,0,0,0,0.5445606239805288,2349.0,-49.0,-49.0,0.0,50.0,False,False,PASS_SUBSET_GROSS_FLOWS
3138146,2008-03-31,597062.0,0.0,0.0,58610.0,0.0778,54065.0,0.07030833452540411,768970.0,198312.0,0.0,0.0,0.0,3,,0,0,0,0,0,0.33214641025555136,0.0,0.0,0.0,0.0,50.0,False,False,PASS_SUBSET_GROSS_FLOWS
3138146,2008-06-30,618083.0,12.0,0.0,59759.0,0.0807,54143.0,0.06793409728818195,796993.0,200628.0,12.0,0.0,12.0,3,,0,0,0,0,0,0.3245971819318765,12.0,0.0,0.0,0.0,50.0,False,False,PASS_SUBSET_GROSS_FLOWS
3138146,2008-09-30,622313.0,2093.0,0.0,63474.0,0.0857,58714.0,0.06880275426633559,853367.0,197068.0,383.0,0.0,383.0,3,,0,0,0,0,0,0.3166702286469992,2093.0,-1710.0,-1710.0,0.0,50.0,False,False,PASS_SUBSET_GROSS_FLOWS
3138146,2008-12-31,677980.0,1245.0,0.0,63018.0,0.0823,62890.0,0.07252201087426559,867185.0,213446.0,1053.0,0.0,1053.0,3,,0,0,0,0,0,0.3148263960588808,1245.0,-192.0,-192.0,0.0,50.0,False,False,PASS_SUBSET_GROSS_FLOWS
3138146,2009-03-31,682052.0,4208.0,2.0,64364.0,0.0838,64458.0,0.0727282984592992,886285.0,492779.0,2155.0,2.0,2153.0,3,,0,0,0,0,0,0.7224947657949834,4206.0,-2053.0,-2053.0,0.0,50.0,False,False,PASS_SUBSET_GROSS_FLOWS
3138146,2009-06-30,688247.0,3694.0,226.0,73641.0,0.097,74542.0,0.07729581811187165,964373.0,499101.0,863.0,136.0,727.0,3,,0,0,0,0,0,0.7251771529697913,3468.0,-2741.0,-2831.0,-90.0,50.0,False,False,PASS_SUBSET_GROSS_FLOWS
3138146,2009-09-30,707591.0,2329.0,609.0,71009.0,0.0909,73572.0,0.0717851947182676,1024891.0,554646.0,1566.0,600.0,966.0,3,,0,0,0,0,0,0.783851123035765,1720.0,-754.0,-763.0,-9.0,50.0,False,False,PASS_SUBSET_GROSS_FLOWS
3138146,2009-12-31,745556.0,3895.0,136.0,68801.0,0.0838,71892.0,0.0640248789714982,1122876.0,559910.0,3535.0,108.0,3427.0,3,,0,0,0,0,0,0.7509965716860973,3759.0,-332.0,-360.0,-28.0,50.0,False,False,PASS_SUBSET_GROSS_FLOWS
3138146,2010-03-31,782781.0,1812.0,60.0,77714.0,0.0911,79656.0,0.05815732909677118,1369664.0,591363.0,1582.0,48.0,1534.0,3,,0,0,0,0,0,0.755464171971471,1752.0,-218.0,-230.0,-12.0,50.0,False,False,PASS_SUBSET_GROSS_FLOWS
3138146,2010-06-30,837079.0,1285.0,286.0,85366.0,0.0931,86866.0,0.06378632250181374,1361828.0,635040.0,1244.0,173.0,1071.0,3,,0,0,0,0,0,0.7586380735868419,999.0,72.0,-41.0,-113.0,50.0,False,False,PASS_SUBSET_GROSS_FLOWS
3138146,2010-09-30,891252.0,2956.0,30.0,109834.0,0.1124,110404.0,0.07867601052966135,1403274.0,655053.0,2815.0,16.0,2799.0,3,,0,0,0,0,0,0.7349806788652368,2926.0,-127.0,-141.0,-14.0,50.0,False,False,PASS_SUBSET_GROSS_FLOWS
3138146,2010-12-31,1305414.0,7433.0,1336.0,162964.0,0.1092,163446.0,0.08479490751188688,1927545.0,1006055.0,6211.0,1225.0,4986.0,3,,0,0,0,0,0,0.7706788804164809,6097.0,-1111.0,-1222.0,-111.0,50.0,False,False,PASS_SUBSET_GROSS_FLOWS
3138146,2011-03-31,1344578.0,2584.0,282.0,168047.0,0.1096,165841.0,0.08376510353898357,1979834.0,1057853.0,2242.0,236.0,2006.0,3,,0,0,0,0,0,0.7867546546202601,2302.0,-296.0,-342.0,-46.0,50.0,False,False,PASS_SUBSET_GROSS_FLOWS
3138146,2011-06-30,1429154.0,3100.0,886.0,180133.0,0.1098,181485.0,0.08828615835905519,2055645.0,1109459.0,2738.0,817.0,1921.0,3,,0,0,0,0,0,0.7763047229339876,2214.0,-293.0,-362.0,-69.0,50.0,False,False,PASS_SUBSET_GROSS_FLOWS
3138146,2011-09-30,1484800.0,2841.0,604.0,184716.0,0.1061,189240.0,0.09128235207859814,2073128.0,1154476.0,2536.0,382.0,2154.0,3,,0,0,0,0,0,0.7775296336206896,2237.0,-83.0,-305.0,-222.0,50.0,False,False,PASS_SUBSET_GROSS_FLOWS
3138146,2011-12-31,1644840.0,2631.0,562.0,188328.0,0.0968,192743.0,0.0862499787443695,2234702.0,1274510.0,2566.0,544.0,2022.0,3,,0,0,0,0,0,0.7748534811896598,2069.0,-47.0,-65.0,-18.0,50.0,False,False,PASS_SUBSET_GROSS_FLOWS
3138146,2012-03-31,1710018.0,584.0,478.0,197888.0,0.0966,201980.0,0.08893530812751063,2271089.0,1313232.0,429.0,454.0,-25.0,3,,0,0,0,0,0,0.7679638459946035,106.0,-131.0,-155.0,-24.0,50.0,False,False,PASS_SUBSET_GROSS_FLOWS
3138146,2012-06-30,1783629.0,2140.0,799.0,203807.0,0.0965,208662.0,0.08914413733175092,2340726.0,1396065.0,1798.0,732.0,1066.0,3,,0,0,1,0,1,0.7827104179176275,1341.0,-275.0,-342.0,-67.0,50.0,False,False,PASS_SUBSET_GROSS_FLOWS
3138146,2012-09-30,1871366.0,1309.0,375.0,210463.0,0.0948,217309.0,0.08943622119834634,2429765.0,1430115.0,1177.0,348.0,829.0,3,,0,0,0,0,0,0.7642091392063338,934.0,-105.0,-132.0,-27.0,50.0,False,False,PASS_SUBSET_GROSS_FLOWS
3138146,2012-12-31,2037082.0,1038.0,468.0,218716.0,0.0918,224017.0,0.08733139789414757,2565137.0,1552005.0,849.0,288.0,561.0,3,,0,0,0,1,1,0.7618765469431275,570.0,-9.0,-189.0,-180.0,50.0,False,False,PASS_SUBSET_GROSS_FLOWS
3138146,2013-03-31,2115969.0,1763.0,232.0,223854.0,0.0895,228755.0,0.08352222025870694,2738852.0,1621590.0,1684.0,195.0,1489.0,3,,0,0,0,0,0,0.7663581082709624,1531.0,-42.0,-79.0,-37.0,50.0,False,False,PASS_SUBSET_GROSS_FLOWS
3138146,2013-06-30,2454449.0,1255.0,197.0,247381.0,0.0871,262406.0,0.0859697834914925,3052305.0,1945676.0,1153.0,177.0,976.0,3,,0,0,0,0,0,0.7927139655376828,1058.0,-82.0,-102.0,-20.0,50.0,False,False,PASS_SUBSET_GROSS_FLOWS
3138146,2013-09-30,2589172.0,823.0,164.0,279089.0,0.0915,291535.0,0.08711102797795803,3346706.0,2045529.0,822.0,143.0,679.0,3,,0,0,0,0,0,0.7900321029271133,659.0,20.0,-1.0,-21.0,50.0,False,False,PASS_SUBSET_GROSS_FLOWS
3138146,2013-12-31,6744322.0,16668.0,12288.0,834560.0,0.1052,846257.0,0.09203473549789265,9194974.0,4995744.0,14432.0,10785.0,3647.0,3,,0,0,0,0,0,0.7407333161139104,4380.0,-733.0,-2236.0,-1503.0,50.0,False,False,PASS_SUBSET_GROSS_FLOWS
3138146,2014-03-31,7052680.0,2029.0,2378.0,,,866881.0,0.09122553975417078,9502613.0,5034782.0,1986.0,2054.0,-68.0,3,,0,0,0,0,0,0.7138820987199193,-349.0,281.0,-43.0,-324.0,50.0,False,False,PASS_SUBSET_GROSS_FLOWS
3138146,2014-06-30,7489474.0,1619.0,3331.0,,,911308.0,0.09212067348486426,9892546.0,5317402.0,1481.0,3062.0,-1581.0,3,,0,0,0,0,0,0.709983371328881,-1712.0,131.0,-138.0,-269.0,50.0,False,False,PASS_SUBSET_GROSS_FLOWS
3138146,2014-09-30,7876597.0,1011.0,3815.0,,,951639.0,0.09370703670041859,10155470.0,5716920.0,803.0,3554.0,-2751.0,3,,0,0,0,0,0,0.7258109053948044,-2804.0,53.0,-208.0,-261.0,50.0,False,False,PASS_SUBSET_GROSS_FLOWS
3138146,2014-12-31,8352903.0,2400.0,3365.0,,,987882.0,0.09429586934758555,10476408.0,5940121.0,2121.0,2414.0,-293.0,3,,0,0,0,0,0,0.7111444967097068,-965.0,672.0,-279.0,-951.0,50.0,False,False,PASS_SUBSET_GROSS_FLOWS
3138146,2015-03-31,8777395.0,847.0,2029.0,965273.0,,1014785.0,0.09114956771130633,11133185.0,6137896.0,615.0,1647.0,-1032.0,3,,0,0,0,0,0,0.6992844687974051,-1182.0,150.0,-232.0,-382.0,50.0,False,False,PASS_SUBSET_GROSS_FLOWS
3138146,2015-06-30,10320507.0,2042.0,4883.0,1142684.0,,1455290.0,0.10937786542965286,13305160.0,7373032.0,572.0,3542.0,-2970.0,3,,0,0,1,0,1,0.7144059880003957,-2841.0,-129.0,-1470.0,-1341.0,50.0,False,False,PASS_SUBSET_GROSS_FLOWS
3138146,2015-09-30,10749180.0,1118.0,3127.0,1163713.0,,1491029.0,0.10779917267370874,13831544.0,7703785.0,29.0,2793.0,-2764.0,3,,0,0,0,0,0,0.7166858309191957,-2009.0,-755.0,-1089.0,-334.0,50.0,False,False,PASS_SUBSET_GROSS_FLOWS
3138146,2015-12-31,11098749.0,2491.0,1986.0,1213304.0,,1522245.0,0.1075390622930321,14155275.0,7616688.0,2381.0,1636.0,745.0,3,,0,0,0,0,0,0.686265452079329,505.0,240.0,-110.0,-350.0,50.0,False,False,PASS_SUBSET_GROSS_FLOWS
3138146,2016-03-31,11212566.0,8001.0,2358.0,1287923.0,,1607902.0,0.1060814081924909,15157246.0,7621768.0,7845.0,1785.0,6060.0,3,,0,0,0,0,0,0.6797523421489782,5643.0,417.0,-156.0,-573.0,50.0,False,False,PASS_SUBSET_GROSS_FLOWS
3138146,2016-06-30,12850159.0,1451.0,1828.0,1565232.0,,1895169.0,0.11397894795084727,16627360.0,8976866.0,1405.0,1685.0,-280.0,3,,0,0,0,0,0,0.6985801498642935,-377.0,97.0,-46.0,-143.0,50.0,False,False,PASS_SUBSET_GROSS_FLOWS
3138146,2016-09-30,13015002.0,2710.0,1488.0,1640789.0,,1964504.0,0.11594596368399208,16943272.0,8981178.0,2710.0,1181.0,1529.0,3,,0,0,0,0,0,0.6900635128600057,1222.0,307.0,0.0,-307.0,50.0,False,False,PASS_SUBSET_GROSS_FLOWS
3138146,2016-12-31,13191231.0,1388.0,2208.0,1720072.0,,2003551.0,0.11720026086996706,17095107.0,8962997.0,1306.0,2149.0,-843.0,3,,0,0,0,0,0,0.679466306063475,-820.0,-23.0,-82.0,-59.0,50.0,False,False,PASS_SUBSET_GROSS_FLOWS
3138146,2017-03-31,13655554.0,2743.0,1438.0,1781315.0,,2073225.0,0.11505510530339813,18019409.0,9293126.0,2621.0,1282.0,1339.0,3,,0,0,0,0,0,0.6805381898090697,1305.0,34.0,-122.0,-156.0,50.0,False,False,PASS_SUBSET_GROSS_FLOWS
3138146,2017-06-30,13983253.0,2809.0,3637.0,1860974.0,,2156834.0,0.11504298842494187,18748070.0,9458039.0,2469.0,3617.0,-1148.0,3,,0,0,0,0,0,0.6763833136681429,-828.0,-320.0,-340.0,-20.0,50.0,False,False,PASS_SUBSET_GROSS_FLOWS
3138146,2017-09-30,14519134.0,3157.0,1895.0,1941099.0,,2236548.0,0.11277763616794204,19831485.0,9700421.0,3096.0,1735.0,1361.0,3,,0,0,0,0,0,0.6681129191314027,1262.0,99.0,-61.0,-160.0,50.0,False,False,PASS_SUBSET_GROSS_FLOWS
3138146,2017-12-31,15091055.0,2295.0,924.0,2003744.0,,2291165.0,0.11228978303216255,20404038.0,10341534.0,2295.0,903.0,1392.0,3,,0,0,0,0,0,0.6852757477856916,1371.0,21.0,0.0,-21.0,50.0,False,False,PASS_SUBSET_GROSS_FLOWS
3138146,2018-03-31,15558734.0,3624.0,2233.0,2101071.0,,2348638.0,0.11281327922328695,20818808.0,10460089.0,3517.0,2208.0,1309.0,3,,0,0,0,0,0,0.6722969233872114,1391.0,-82.0,-107.0,-25.0,50.0,False,False,PASS_SUBSET_GROSS_FLOWS
3138146,2018-06-30,16137245.0,3901.0,1325.0,2202298.0,,2439147.0,0.11391566713522305,21411866.0,10875263.0,3856.0,1194.0,2662.0,3,,0,0,0,0,0,0.6739231510707063,2576.0,86.0,-45.0,-131.0,50.0,False,False,PASS_SUBSET_GROSS_FLOWS
3138146,2018-09-30,16732765.0,4765.0,1693.0,2293018.0,,2512949.0,0.11329168340566852,22181231.0,11276815.0,4645.0,1355.0,3290.0,3,,0,0,0,0,0,0.6739361366755584,3072.0,218.0,-120.0,-338.0,50.0,False,False,PASS_SUBSET_GROSS_FLOWS
3138146,2018-12-31,17710629.0,4131.0,837.0,2317745.0,,2568028.0,0.11098558141008323,23138393.0,11900864.0,4130.0,809.0,3321.0,3,,0,0,0,0,0,0.6719616790572486,3294.0,27.0,-1.0,-28.0,50.0,False,False,PASS_SUBSET_GROSS_FLOWS
3138146,2019-03-31,18116748.0,2313.0,1083.0,2394443.0,,2676974.0,0.1123519422469314,23826682.0,12102043.0,2124.0,996.0,1128.0,3,,0,0,0,0,0,0.6680030544113105,1230.0,-102.0,-189.0,-87.0,50.0,False,False,PASS_SUBSET_GROSS_FLOWS
3138146,2019-06-30,19250250.0,2556.0,979.0,2494850.0,,2812565.0,0.11096981828791633,25345315.0,12940734.0,2553.0,949.0,1604.0,3,,0,0,0,0,0,0.6722371917247828,1577.0,27.0,-3.0,-30.0,50.0,False,False,PASS_SUBSET_GROSS_FLOWS
3138146,2019-09-30,20152861.0,2100.0,2711.0,2600306.0,,2925750.0,0.11105665352624376,26344662.0,13850404.0,2099.0,2575.0,-476.0,3,,0,0,0,0,0,0.6872673810433169,-611.0,135.0,-1.0,-136.0,50.0,False,False,PASS_SUBSET_GROSS_FLOWS
3138146,2019-12-31,21123296.0,2153.0,929.0,2703549.0,,3021661.0,0.11248549241544205,26862673.0,14775829.0,2029.0,884.0,1145.0,3,,0,0,0,0,0,0.6995039505198432,1224.0,-79.0,-124.0,-45.0,50.0,False,False,PASS_SUBSET_GROSS_FLOWS
3138146,2020-03-31,23166141.0,97.0,3260.0,2719914.0,,3004279.0,0.10291658522144091,29191398.0,15938691.0,97.0,3243.0,-3146.0,3,,0,0,0,0,0,0.6880166619032493,-3163.0,17.0,0.0,-17.0,50.0,False,False,PASS_SUBSET_GROSS_FLOWS
3138146,2020-06-30,25029428.0,5723.0,259.0,2800435.0,,3101760.0,0.09715126504211044,31927119.0,17474379.0,5723.0,229.0,5494.0,3,,0,0,0,1,1,0.698153349728967,5464.0,30.0,0.0,-30.0,50.0,False,False,PASS_SUBSET_GROSS_FLOWS
3138146,2020-09-30,26014018.0,8773.0,580.0,2925840.0,,3235307.0,0.09700863357879735,33350712.0,17331495.0,8466.0,224.0,8242.0,3,,0,0,0,0,0,0.6662367574282451,8193.0,49.0,-307.0,-356.0,50.0,False,False,PASS_SUBSET_GROSS_FLOWS
3138146,2020-12-31,27053018.0,5765.0,1808.0,3078223.0,,3414497.0,0.09335650264497564,36574817.0,17874381.0,5734.0,1750.0,3984.0,3,,0,0,0,0,0,0.6607167082060863,3957.0,27.0,-31.0,-58.0,50.0,False,False,PASS_SUBSET_GROSS_FLOWS
3138146,2021-03-31,28710963.0,2144.0,666.0,3422842.0,,3697794.0,0.08510173998796358,43451450.0,18798086.0,2144.0,666.0,1478.0,3,,0,0,0,0,0,0.654735475086642,1478.0,0.0,0.0,0.0,50.0,False,False,PASS_SUBSET_GROSS_FLOWS
3138146,2021-06-30,34493860.0,2281.0,2162.0,3862244.0,,4496600.0,0.09163846211723935,49068916.0,24881044.0,2281.0,2159.0,122.0,3,,0,0,0,0,0,0.7213180548654167,119.0,3.0,0.0,-3.0,50.0,False,False,PASS_SUBSET_GROSS_FLOWS
3138146,2021-09-30,41339059.0,3333.0,287.0,4086909.0,,4699370.0,0.08891274256164594,52853729.0,31280762.0,1815.0,284.0,1531.0,3,,0,0,0,0,0,0.7566878094636842,3046.0,-1515.0,-1518.0,-3.0,50.0,False,False,PASS_SUBSET_GROSS_FLOWS
3138146,2021-12-31,44716854.0,3856.0,2584.0,4657506.0,,5258358.0,0.0939037909190323,55997292.0,34432365.0,2561.0,1418.0,1143.0,3,,0,0,0,0,0,0.7700086638474165,1272.0,-129.0,-1295.0,-1166.0,50.0,False,False,PASS_SUBSET_GROSS_FLOWS
3138146,2022-03-31,45927223.0,2622.0,2388.0,4907759.0,,5330673.0,0.08805611899217579,60537224.0,35973475.0,1500.0,2375.0,-875.0,3,,0,0,0,0,0,0.7832712855292818,234.0,-1109.0,-1122.0,-13.0,50.0,False,False,PASS_SUBSET_GROSS_FLOWS
3138146,2022-06-30,51550201.0,2452.0,1030.0,5126077.0,,5263163.0,0.07975276529565357,65993486.0,40676414.0,2490.0,979.0,1511.0,3,,0,0,0,0,0,0.7890641202349531,1422.0,89.0,38.0,-51.0,50.0,False,False,PASS_SUBSET_GROSS_FLOWS
3138146,2022-09-30,54692033.0,2086.0,3971.0,5394429.0,,5341196.0,0.07731366848406226,69084757.0,42862487.0,2084.0,3749.0,-1665.0,3,,0,0,0,0,0,0.7837062301194765,-1885.0,220.0,-2.0,-222.0,50.0,False,False,PASS_SUBSET_GROSS_FLOWS
3138146,2022-12-31,53570339.0,2199.0,392.0,5736977.0,,5720101.0,0.08451206248770662,67683841.0,40972894.0,1641.0,272.0,1369.0,3,,0,0,0,0,0,0.7648429105516767,1807.0,-438.0,-558.0,-120.0,50.0,False,False,PASS_SUBSET_GROSS_FLOWS
3138146,2023-03-31,53639296.0,9227.0,3274.0,5809422.0,,5872622.0,0.08272945140672998,70985869.0,40049143.0,7835.0,3104.0,4731.0,3,,0,0,0,0,0,0.7466381176963993,5953.0,-1222.0,-1392.0,-170.0,50.0,False,False,PASS_SUBSET_GROSS_FLOWS
3138146,2023-06-30,51076984.0,8264.0,812.0,5991449.0,,6024794.0,0.08849288352617878,68082243.0,37095108.0,5588.0,695.0,4893.0,3,,0,0,0,0,0,0.7262587783178427,7452.0,-2559.0,-2676.0,-117.0,50.0,False,False,PASS_SUBSET_GROSS_FLOWS
3138146,2023-09-30,51332028.0,8436.0,418.0,6158286.0,,6062618.0,0.08594339464967454,70541989.0,36765704.0,8436.0,362.0,8074.0,3,,0,0,0,0,0,0.7162332257747541,8018.0,56.0,0.0,-56.0,50.0,False,False,PASS_SUBSET_GROSS_FLOWS
3138146,2023-12-31,51901441.0,9261.0,751.0,6229320.0,,6350626.0,0.08963142688015248,70852671.0,36791941.0,9261.0,711.0,8550.0,3,,0,0,0,0,0,0.7088809152716974,8510.0,40.0,0.0,-40.0,50.0,False,False,PASS_SUBSET_GROSS_FLOWS
3138146,2024-03-31,52823472.0,10208.0,380.0,6323195.0,,6410539.0,0.08330349192261223,76954025.0,37819123.0,10107.0,379.0,9728.0,3,,0,0,0,0,0,0.7159529952896697,9828.0,-100.0,-101.0,-1.0,50.0,False,False,PASS_SUBSET_GROSS_FLOWS
3138146,2024-06-30,54736522.0,22925.0,184.0,6452091.0,,6542744.0,0.0813066468255608,80469977.0,38674007.0,22925.0,181.0,22744.0,3,,0,0,0,0,0,0.7065484906037691,22741.0,3.0,0.0,-3.0,50.0,False,False,PASS_SUBSET_GROSS_FLOWS
3138146,2024-09-30,56005138.0,27821.0,1154.0,6626415.0,,6880991.0,0.08607939708265146,79937723.0,39428768.0,27661.0,1154.0,26507.0,3,,0,0,0,0,0,0.7040205489717747,26667.0,-160.0,-160.0,0.0,50.0,False,False,PASS_SUBSET_GROSS_FLOWS
3138146,2024-12-31,56278923.0,34309.0,288.0,6803011.0,,6902797.0,0.08536508224554784,80862067.0,39162068.0,34307.0,287.0,34020.0,3,,0,0,0,0,0,0.6958567419635945,34021.0,-1.0,-2.0,-1.0,50.0,False,False,PASS_SUBSET_GROSS_FLOWS
3138146,2025-03-31,58377498.0,27491.0,1677.0,7190344.0,,7095773.0,0.08554908141930129,82943883.0,40536399.0,27038.0,1677.0,25361.0,3,,0,0,0,0,0,0.6943839730849719,25814.0,-453.0,-453.0,0.0,50.0,False,False,PASS_SUBSET_GROSS_FLOWS
3138146,2025-06-30,59332675.0,35349.0,5758.0,7439713.0,,7399633.0,0.08542303150320996,86623395.0,40795783.0,35321.0,5383.0,29938.0,3,,0,0,0,0,0,0.6875770054190208,29591.0,347.0,-28.0,-375.0,50.0,False,False,PASS_SUBSET_GROSS_FLOWS
3138146,2025-09-30,60521232.0,31795.0,683.0,7611763.0,,7662140.0,0.0843696839784325,90816270.0,41695372.0,31544.0,682.0,30862.0,3,,0,0,0,0,0,0.6889379251235335,31112.0,-250.0,-251.0,-1.0,50.0,False,False,PASS_SUBSET_GROSS_FLOWS
3138146,2025-12-31,62290557.0,48169.0,3655.0,7749556.0,,7815796.0,0.08428033375667622,92735703.0,42555296.0,48169.0,3645.0,44524.0,3,,0,0,0,0,0,0.6831741125705458,44514.0,10.0,0.0,-10.0,50.0,False,False,PASS_SUBSET_GROSS_FLOWS
3212149,2005-03-31,7385608.0,0.0,0.0,1862834.0,0.2447,1861978.0,0.10223760233627212,18212262.0,3264184.0,0.0,0.0,0.0,3,,0,0,0,0,0,0.44196550913614696,0.0,0.0,0.0,0.0,50.0,False,False,PASS_SUBSET_GROSS_FLOWS
3212149,2005-06-30,7932745.0,0.0,0.0,1909142.0,0.2335,1908773.0,0.10780084077712584,17706476.0,3430330.0,0.0,0.0,0.0,3,,0,0,0,0,0,0.43242660642690517,0.0,0.0,0.0,0.0,50.0,False,False,PASS_SUBSET_GROSS_FLOWS
3212149,2005-09-30,8171737.0,0.0,0.0,1961185.0,0.23263,1960098.0,0.10862422110352257,18044760.0,3576149.0,0.0,0.0,0.0,3,,0,0,0,0,0,0.4376240938737994,0.0,0.0,0.0,0.0,50.0,False,False,PASS_SUBSET_GROSS_FLOWS
3212149,2005-12-31,8235966.0,0.0,0.0,2024922.0,0.236942,2023403.0,0.10886825712154133,18585794.0,3621194.0,0.0,0.0,0.0,3,,0,0,0,0,0,0.4396805426345859,0.0,0.0,0.0,0.0,50.0,False,False,PASS_SUBSET_GROSS_FLOWS
3212149,2006-03-31,8233919.0,0.0,0.0,2092431.0,0.210995,2090259.0,0.11002172107075452,18998603.0,3648661.0,0.0,0.0,0.0,3,,0,0,0,0,0,0.4431256853510461,0.0,0.0,0.0,0.0,50.0,False,False,PASS_SUBSET_GROSS_FLOWS
3212149,2006-06-30,8593864.0,0.0,0.0,2162937.0,0.20642,2159880.0,0.11425276050798965,18904401.0,3845827.0,0.0,0.0,0.0,3,,0,0,0,0,0,0.44750847814207906,0.0,0.0,0.0,0.0,50.0,False,False,PASS_SUBSET_GROSS_FLOWS
3212149,2006-09-30,8685103.0,0.0,0.0,2249853.0,0.198944,2248048.0,0.1065756886228283,21093441.0,3895307.0,0.0,0.0,0.0,3,,0,0,0,0,0,0.44850441036795996,0.0,0.0,0.0,0.0,50.0,False,False,PASS_SUBSET_GROSS_FLOWS
3212149,2006-12-31,9125246.0,0.0,0.0,2321005.0,0.194783,2319448.0,0.10538567637743576,22009139.0,4122089.0,0.0,0.0,0.0,3,,0,0,0,0,0,0.45172360284862456,0.0,0.0,0.0,0.0,50.0,False,False,PASS_SUBSET_GROSS_FLOWS
3212149,2007-03-31,9217639.0,0.0,0.0,2000012.0,0.163286,1998689.0,0.08552134526026132,23370645.0,4207560.0,0.0,0.0,0.0,3,,0,0,0,0,0,0.45646829952876217,0.0,0.0,0.0,0.0,50.0,False,False,PASS_SUBSET_GROSS_FLOWS
3212149,2007-06-30,9837319.0,0.0,0.0,2062593.0,0.160357,2059717.0,0.08920069826892656,23090817.0,4594383.0,0.0,0.0,0.0,3,,0,0,0,0,0,0.4670360898126817,0.0,0.0,0.0,0.0,50.0,False,False,PASS_SUBSET_GROSS_FLOWS
3212149,2007-09-30,10183062.0,0.0,0.0,2110809.0,0.160469,2109173.0,0.09028568087241774,23361102.0,4677791.0,0.0,0.0,0.0,3,,0,0,0,0,0,0.4593697848446764,0.0,0.0,0.0,0.0,50.0,False,False,PASS_SUBSET_GROSS_FLOWS
3212149,2007-12-31,10851795.0,0.0,0.0,2179965.0,0.158228,2180139.0,0.08705144064742018,25044261.0,5157350.0,0.0,0.0,0.0,3,,0,0,0,0,0,0.4752531724014322,0.0,0.0,0.0,0.0,50.0,False,False,PASS_SUBSET_GROSS_FLOWS
3212149,2008-03-31,11619031.0,0.0,0.0,1911071.0,0.135921,1912562.0,0.06833245001245843,27989074.0,5319127.0,0.0,0.0,0.0,3,,0,0,0,0,0,0.45779437200916323,0.0,0.0,0.0,0.0,50.0,False,False,PASS_SUBSET_GROSS_FLOWS
3212149,2008-06-30,13287227.0,0.0,0.0,1951180.0,0.12864,1950377.0,0.07140044822760318,27316033.0,6318919.0,0.0,0.0,0.0,3,,0,0,0,0,0,0.47556341138749264,0.0,0.0,0.0,0.0,50.0,False,False,PASS_SUBSET_GROSS_FLOWS
3212149,2008-09-30,13755583.0,0.0,0.0,1985905.0,0.128605,1985797.0,0.07586232110172214,26176328.0,6730774.0,0.0,0.0,0.0,3,,0,0,0,0,0,0.48931215783438625,0.0,0.0,0.0,0.0,50.0,False,False,PASS_SUBSET_GROSS_FLOWS
3212149,2008-12-31,12948219.0,1635.0,0.0,2132015.0,0.149406,2133464.0,0.06996116114466983,30494977.0,6595632.0,1352.0,0.0,1352.0,3,,0,0,0,0,0,0.5093852675800432,1635.0,-283.0,-283.0,0.0,50.0,False,False,PASS_SUBSET_GROSS_FLOWS
3212149,2009-03-31,13178769.0,0.0,22.0,2178586.0,0.151757,2181886.0,0.064251597193525,33958471.0,6793063.0,0.0,22.0,-22.0,3,,0,0,0,0,0,0.5154550474327306,-22.0,0.0,0.0,0.0,50.0,False,False,PASS_SUBSET_GROSS_FLOWS
3212149,2009-06-30,14003251.0,733.0,25.0,2402439.0,0.154793,2404239.0,0.07086790195062195,33925641.0,7075287.0,2.0,25.0,-23.0,3,,0,0,0,0,0,0.5052603141941825,708.0,-731.0,-731.0,0.0,50.0,False,False,PASS_SUBSET_GROSS_FLOWS
3212149,2009-09-30,14285910.0,43.0,51.0,2461706.0,0.157403,2465239.0,0.07841888624676263,31436802.0,7259325.0,11.0,24.0,-13.0,3,,0,0,0,0,0,0.5081457884026989,-8.0,-5.0,-32.0,-27.0,50.0,False,False,PASS_SUBSET_GROSS_FLOWS
3212149,2009-12-31,15169864.0,1.0,30.0,2514877.0,0.157811,2499642.0,0.08318383058098516,30049614.0,7783009.0,44.0,27.0,17.0,3,,0,0,0,0,0,0.5130572693334627,-29.0,46.0,43.0,-3.0,50.0,False,False,PASS_SUBSET_GROSS_FLOWS
3212149,2010-03-31,15836215.0,0.0,9.0,2562336.0,0.160583,2552321.0,0.08698426471244786,29342330.0,8211149.0,0.0,9.0,-9.0,3,,0,0,0,0,0,0.5185045163885436,-9.0,0.0,0.0,0.0,50.0,False,False,PASS_SUBSET_GROSS_FLOWS
3212149,2010-06-30,16149697.0,0.0,-1.0,2624776.0,0.159127,2688703.0,0.0927826613013569,28978507.0,7884895.0,0.0,-1.0,1.0,3,,0,1,0,1,1,0.48823795269966985,1.0,0.0,0.0,0.0,50.0,False,False,PASS_SUBSET_GROSS_FLOWS
3212149,2010-09-30,16633718.0,0.0,45.0,2688153.0,0.157139,2798503.0,0.0944979110361792,29614443.0,4053539.0,0.0,23.0,-23.0,3,,0,0,0,0,0,0.24369410374758066,-45.0,22.0,0.0,-22.0,50.0,False,False,PASS_SUBSET_GROSS_FLOWS
3212149,2010-12-31,17644908.0,0.0,75.0,2755611.0,0.152795,2828383.0,0.09167320387229888,30852887.0,4479859.0,0.0,75.0,-75.0,3,,0,0,0,0,0,0.2538896207336417,-75.0,0.0,0.0,0.0,50.0,False,False,PASS_SUBSET_GROSS_FLOWS
3212149,2011-03-31,18556865.0,0.0,0.0,2827221.0,0.152511,2872901.0,0.09329204182043498,30794706.0,4836404.0,0.0,0.0,0.0,3,,0,0,0,0,0,0.2606261348562917,0.0,0.0,0.0,0.0,50.0,False,False,PASS_SUBSET_GROSS_FLOWS
3212149,2011-06-30,19850939.0,0.0,0.0,2920078.0,0.148132,3012214.0,0.09573155625982534,31465215.0,5357827.0,0.0,0.0,0.0,3,,0,0,0,0,0,0.26990295018286037,0.0,0.0,0.0,0.0,50.0,False,False,PASS_SUBSET_GROSS_FLOWS
3212149,2011-09-30,20481086.0,682.0,0.0,3032903.0,0.149013,3137405.0,0.09327280688775207,33636867.0,5686027.0,682.0,0.0,682.0,3,,0,0,0,0,0,0.2776233154823919,682.0,0.0,0.0,0.0,50.0,False,False,PASS_SUBSET_GROSS_FLOWS
3212149,2011-12-31,21240383.0,3596.0,20.0,3133909.0,0.150526,3249558.0,0.09480557298027253,34276023.0,6047018.0,2750.0,0.0,2750.0,3,,0,0,0,0,0,0.28469439557657694,3576.0,-826.0,-846.0,-20.0,50.0,False,False,PASS_SUBSET_GROSS_FLOWS
3212149,2012-03-31,21805202.0,875.0,115.0,3255455.0,0.15396,3354789.0,0.09378236114277766,35772068.0,6343721.0,0.0,0.0,0.0,3,,0,0,0,0,0,0.290926954036014,760.0,-760.0,-875.0,-115.0,50.0,False,False,PASS_SUBSET_GROSS_FLOWS
3212149,2012-06-30,23460173.0,356.0,57.0,3395659.0,0.150239,3502375.0,0.08509832712463908,41156802.0,7074691.0,0.0,0.0,0.0,3,,0,0,0,0,0,0.30156175745166075,299.0,-299.0,-356.0,-57.0,50.0,False,False,PASS_SUBSET_GROSS_FLOWS
3212149,2012-09-30,24512471.0,366.0,2805.0,3538381.0,0.151111,3691409.0,0.08800509710242363,41945400.0,7597176.0,0.0,2750.0,-2750.0,3,,0,0,0,0,0,0.309931055094364,-2439.0,-311.0,-366.0,-55.0,50.0,False,False,PASS_SUBSET_GROSS_FLOWS
3212149,2012-12-31,26198466.0,518.0,65.0,3672055.0,0.148963,3761758.0,0.07879998957644942,47738052.0,8614163.0,0.0,0.0,0.0,3,,0,0,0,0,0,0.3288040986827244,453.0,-453.0,-518.0,-65.0,50.0,False,False,PASS_SUBSET_GROSS_FLOWS
3212149,2013-03-31,26812119.0,322.0,288.0,3795240.0,0.15234,3828238.0,0.08170189404290218,46856172.0,9204357.0,0.0,200.0,-200.0,3,,0,0,0,0,0,0.3432909200499968,34.0,-234.0,-322.0,-88.0,50.0,False,False,PASS_SUBSET_GROSS_FLOWS
3212149,2013-06-30,28953782.0,359.0,85.0,3898738.0,0.144767,3806749.0,0.07964570534677813,47796036.0,10245518.0,0.0,0.0,0.0,3,,0,0,0,0,0,0.3538576756570178,274.0,-274.0,-359.0,-85.0,50.0,False,False,PASS_SUBSET_GROSS_FLOWS
3212149,2013-09-30,30033025.0,446.0,75.0,3968206.0,0.143829,3903434.0,0.09030073858392908,43227044.0,11212451.0,0.0,0.0,0.0,3,,0,0,0,0,0,0.3733373844293074,371.0,-371.0,-446.0,-75.0,50.0,False,False,PASS_SUBSET_GROSS_FLOWS
3212149,2013-12-31,30932130.0,28350.0,175.0,4100722.0,0.145598,4003496.0,0.0877910228167638,45602567.0,11726263.0,6444.0,0.0,6444.0,3,,0,0,0,0,0,0.379096525198879,28175.0,-21731.0,-21906.0,-175.0,50.0,False,False,PASS_SUBSET_GROSS_FLOWS
3212149,2014-03-31,31528219.0,2232.0,165.0,,,4141783.0,0.09100982581867814,45509185.0,12021920.0,424.0,100.0,324.0,3,,0,0,0,0,0,0.38130666372242594,2067.0,-1743.0,-1808.0,-65.0,50.0,False,False,PASS_SUBSET_GROSS_FLOWS
3212149,2014-06-30,33304878.0,389.0,54.0,,,4288567.0,0.09533796731380464,44982782.0,12455733.0,0.0,0.0,0.0,3,,0,0,0,0,0,0.3739912513716459,335.0,-335.0,-389.0,-54.0,50.0,False,False,PASS_SUBSET_GROSS_FLOWS
3212149,2014-09-30,34999114.0,458.0,61.0,,,4392705.0,0.09511406323494108,46183549.0,13083365.0,0.0,0.0,0.0,3,,0,0,0,0,0,0.3738198915549691,397.0,-397.0,-458.0,-61.0,50.0,False,False,PASS_SUBSET_GROSS_FLOWS
3212149,2014-12-31,36506106.0,1707.0,61.0,,,4530668.0,0.093450689268416,48481911.0,13563538.0,1435.0,0.0,1435.0,3,,0,0,0,0,0,0.37154162648845646,1646.0,-211.0,-272.0,-61.0,50.0,False,False,PASS_SUBSET_GROSS_FLOWS
3212149,2015-03-31,37448878.0,818.0,201.0,4665924.0,,4669062.0,0.09578454904755132,48745461.0,13953512.0,0.0,100.0,-100.0,3,,0,0,0,0,0,0.3726016037115985,617.0,-717.0,-818.0,-101.0,50.0,False,False,PASS_SUBSET_GROSS_FLOWS
3212149,2015-06-30,40300420.0,322.0,269.0,4690821.0,,4678634.0,0.09775591974695555,47860365.0,14414595.0,0.0,0.0,0.0,3,,0,0,0,0,0,0.35767853039744996,53.0,-53.0,-322.0,-269.0,50.0,False,False,PASS_SUBSET_GROSS_FLOWS
3212149,2015-09-30,41042266.0,459.0,72.0,4827242.0,,4821991.0,0.09647389264940592,49982341.0,14249613.0,146.0,0.0,146.0,3,,0,0,0,0,0,0.34719362230145867,387.0,-241.0,-313.0,-72.0,50.0,False,False,PASS_SUBSET_GROSS_FLOWS
3212149,2015-12-31,42401633.0,679.0,209.0,4963761.0,,4943387.0,0.0938859434155752,52653111.0,14544477.0,0.0,0.0,0.0,3,,0,0,0,0,0,0.3430169069195991,470.0,-470.0,-679.0,-209.0,50.0,False,False,PASS_SUBSET_GROSS_FLOWS
3212149,2016-03-31,43073736.0,582.0,1488.0,5142801.0,,5144313.0,0.09271578190631478,55484761.0,14820775.0,0.0,1434.0,-1434.0,3,,0,0,0,0,0,0.34407916229973645,-906.0,-528.0,-582.0,-54.0,50.0,False,False,PASS_SUBSET_GROSS_FLOWS
3212149,2016-06-30,44206169.0,462.0,132.0,5310386.0,,5319957.0,0.09729172754306813,54680466.0,15226367.0,0.0,0.0,0.0,3,,0,0,0,0,0,0.3444398676573851,330.0,-330.0,-462.0,-132.0,50.0,False,False,PASS_SUBSET_GROSS_FLOWS
3212149,2016-09-30,41225361.0,386.0,79.0,5012035.0,,5018053.0,0.09066568671187701,55346771.0,15997573.0,0.0,0.0,0.0,3,,0,0,0,0,0,0.38805173834620876,307.0,-307.0,-386.0,-79.0,50.0,False,False,PASS_SUBSET_GROSS_FLOWS
3212149,2016-12-31,41715230.0,292.0,208.0,5171093.0,,5118339.0,0.08989660362284257,56935844.0,15829769.0,0.0,0.0,0.0,3,,0,0,0,0,0,0.3794721735922348,84.0,-84.0,-292.0,-208.0,50.0,False,False,PASS_SUBSET_GROSS_FLOWS
3212149,2017-03-31,41516037.0,616.0,131.0,5346813.0,,5300409.0,0.09474644848445891,55943089.0,16088929.0,0.0,0.0,0.0,3,,0,0,0,0,0,0.38753527943912375,485.0,-485.0,-616.0,-131.0,50.0,False,False,PASS_SUBSET_GROSS_FLOWS
3212149,2017-06-30,42733002.0,569.0,88.0,5530176.0,,5488749.0,0.10391896547640467,52817587.0,16659790.0,0.0,0.0,0.0,3,,0,0,0,0,0,0.38985770295286065,481.0,-481.0,-569.0,-88.0,50.0,False,False,PASS_SUBSET_GROSS_FLOWS
3212149,2017-09-30,42997833.0,854.0,149.0,5263365.0,,5231363.0,0.10075981807017255,51919139.0,16941170.0,414.0,0.0,414.0,3,,0,0,0,0,0,0.39400055346975277,705.0,-291.0,-440.0,-149.0,50.0,False,False,PASS_SUBSET_GROSS_FLOWS
3212149,2017-12-31,43752038.0,487.0,151.0,5415786.0,,5358127.0,0.10016042111392946,53495452.0,17370231.0,0.0,0.0,0.0,3,,0,0,0,0,0,0.3970153573188979,336.0,-336.0,-487.0,-151.0,50.0,False,False,PASS_SUBSET_GROSS_FLOWS
3212149,2018-03-31,43645420.0,1241.0,86.0,5655851.0,,5544185.0,0.10705231478231143,51789492.0,17774649.0,357.0,0.0,357.0,3,,0,0,0,0,0,0.4072511846603836,1155.0,-798.0,-884.0,-86.0,50.0,False,False,PASS_SUBSET_GROSS_FLOWS
3212149,2018-06-30,45268678.0,565.0,48.0,5904031.0,,5759377.0,0.10652304893954082,54066956.0,18788046.0,0.0,0.0,0.0,3,,0,0,0,0,0,0.41503412138521034,517.0,-517.0,-565.0,-48.0,50.0,False,False,PASS_SUBSET_GROSS_FLOWS
3212149,2018-09-30,46354005.0,414.0,158.0,6145420.0,,5968706.0,0.11112171061021651,53713230.0,19959531.0,0.0,0.0,0.0,3,,0,0,0,0,0,0.43058913679627037,256.0,-256.0,-414.0,-158.0,50.0,False,False,PASS_SUBSET_GROSS_FLOWS
3212149,2018-12-31,46863744.0,663.0,620.0,5955471.0,,5873474.0,0.09893638077039499,59366170.0,20196071.0,44.0,301.0,-257.0,3,,0,0,0,0,0,0.43095299854830205,43.0,-300.0,-619.0,-319.0,50.0,False,False,PASS_SUBSET_GROSS_FLOWS
3212149,2019-03-31,46276909.0,520.0,102.0,6202913.0,,6213217.0,0.10915222915482638,56922493.0,20337343.0,0.0,0.0,0.0,3,,0,0,0,0,0,0.43947064398791197,418.0,-418.0,-520.0,-102.0,50.0,False,False,PASS_SUBSET_GROSS_FLOWS
3212149,2019-06-30,47003546.0,423.0,71.0,6458702.0,,6638186.0,0.11833522442150973,56096450.0,21135575.0,0.0,0.0,0.0,3,,0,0,0,0,0,0.4496591597578617,352.0,-352.0,-423.0,-71.0,50.0,False,False,PASS_SUBSET_GROSS_FLOWS
3212149,2019-09-30,47912611.0,500.0,147.0,6711817.0,,6939618.0,0.12206204966584203,56853199.0,22059020.0,0.0,0.0,0.0,3,,0,0,0,0,0,0.4604011248729484,353.0,-353.0,-500.0,-147.0,50.0,False,False,PASS_SUBSET_GROSS_FLOWS
3212149,2019-12-31,49424976.0,453.0,65.0,6456903.0,,6635759.0,0.10404019885507097,63780722.0,23102325.0,0.0,0.0,0.0,3,,0,0,0,0,0,0.46742207826261767,388.0,-388.0,-453.0,-65.0,50.0,False,False,PASS_SUBSET_GROSS_FLOWS
3212149,2020-03-31,49223270.0,2278.0,121.0,6673455.0,,7124986.0,0.09197798575844925,77464036.0,23885200.0,604.0,0.0,604.0,3,,0,0,0,0,0,0.4852420410102783,2157.0,-1553.0,-1674.0,-121.0,50.0,False,False,PASS_SUBSET_GROSS_FLOWS
3212149,2020-06-30,50869701.0,2186.0,95.0,6887389.0,,7364020.0,0.09739893568541161,75606781.0,24846343.0,1711.0,0.0,1711.0,3,,0,0,0,0,0,0.4884310800254163,2091.0,-380.0,-475.0,-95.0,50.0,False,False,PASS_SUBSET_GROSS_FLOWS
3212149,2020-09-30,56269301.0,491.0,401.0,6618592.0,,7054661.0,0.0906404514946532,77831265.0,25475258.0,107.0,176.0,-69.0,3,,0,0,0,0,0,0.4527381280247288,90.0,-159.0,-384.0,-225.0,50.0,False,False,PASS_SUBSET_GROSS_FLOWS
3212149,2020-12-31,59480146.0,738.0,106.0,6851915.0,,7232350.0,0.08288229873565918,87260490.0,29094462.0,335.0,0.0,335.0,3,,0,0,0,0,0,0.4891457731122583,632.0,-297.0,-403.0,-106.0,50.0,False,False,PASS_SUBSET_GROSS_FLOWS
3212149,2021-03-31,64738883.0,1020.0,204.0,7076911.0,,7279076.0,0.07989246338655205,91110922.0,32014210.0,463.0,0.0,463.0,3,,0,0,0,0,0,0.49451285713409665,816.0,-353.0,-557.0,-204.0,50.0,False,False,PASS_SUBSET_GROSS_FLOWS
3212149,2021-06-30,70832390.0,339.0,179.0,7328371.0,,7547450.0,0.07948276831654223,94957060.0,34916429.0,50.0,0.0,50.0,3,,0,0,0,0,0,0.49294438603582347,160.0,-110.0,-289.0,-179.0,50.0,False,False,PASS_SUBSET_GROSS_FLOWS
3212149,2021-09-30,75105505.0,796.0,356.0,7617227.0,,7730404.0,0.07457309352201379,103662107.0,36794789.0,28.0,124.0,-96.0,3,,0,0,0,0,0,0.48990801672926637,440.0,-536.0,-768.0,-232.0,50.0,False,False,PASS_SUBSET_GROSS_FLOWS
3212149,2021-12-31,79326840.0,513.0,226.0,8403789.0,,8416408.0,0.06952019809124103,121064212.0,39228032.0,244.0,0.0,244.0,3,,0,0,0,0,0,0.4945114667368573,287.0,-43.0,-269.0,-226.0,50.0,False,False,PASS_SUBSET_GROSS_FLOWS
3212149,2022-03-31,82935621.0,532.0,200.0,9201751.0,,8576445.0,0.07006336427030778,122409837.0,41505436.0,128.0,1.0,127.0,3,,0,0,0,0,0,0.5004536711674228,332.0,-205.0,-404.0,-199.0,50.0,False,False,PASS_SUBSET_GROSS_FLOWS
3212149,2022-06-30,86813352.0,258.0,172.0,9555520.0,,8679229.0,0.0717041707560814,121042178.0,41526843.0,29.0,0.0,29.0,3,,0,0,0,0,0,0.4783462686707455,86.0,-57.0,-229.0,-172.0,50.0,False,False,PASS_SUBSET_GROSS_FLOWS
3212149,2022-09-30,88152849.0,177.0,182.0,9971629.0,,8984350.0,0.07658188144976265,117316914.0,42501504.0,30.0,27.0,3.0,3,,0,0,0,0,0,0.48213420759662573,-5.0,8.0,-147.0,-155.0,50.0,False,False,PASS_SUBSET_GROSS_FLOWS
3212149,2022-12-31,89243237.0,769.0,1278.0,10379049.0,,9413530.0,0.07780587262324522,120987397.0,43069484.0,42.0,2.0,40.0,3,,0,0,0,0,0,0.4826078193465797,-509.0,549.0,-727.0,-1276.0,50.0,False,False,PASS_SUBSET_GROSS_FLOWS
3212149,2023-03-31,87905068.0,555.0,488.0,9801133.0,,8882580.0,0.0780084789029868,113866853.0,42839968.0,0.0,0.0,0.0,2,,0,0,0,0,0,0.48734355111357175,67.0,-67.0,-555.0,-488.0,50.0,False,False,PASS_SUBSET_GROSS_FLOWS
3212149,2023-06-30,86482435.0,578.0,142.0,10169442.0,,9142902.0,0.0799510833689042,114356199.0,42684203.0,0.0,0.0,0.0,2,,0,0,0,0,0,0.4935592181233102,436.0,-436.0,-578.0,-142.0,50.0,False,False,PASS_SUBSET_GROSS_FLOWS
3212149,2023-09-30,85616855.0,237.0,216.0,10533049.0,,9482684.0,0.08292567109461774,114351610.0,42807310.0,0.0,0.0,0.0,2,,0,0,0,0,0,0.49998694766351787,21.0,-21.0,-237.0,-216.0,50.0,False,False,PASS_SUBSET_GROSS_FLOWS
3212149,2023-12-31,83177335.0,634.0,342.0,10368962.0,,9445911.0,0.082616720985967,114334131.0,42820966.0,0.0,0.0,0.0,2,,0,0,0,0,0,0.5148153159751993,292.0,-292.0,-634.0,-342.0,50.0,False,False,PASS_SUBSET_GROSS_FLOWS
3212149,2024-03-31,81820038.0,687.0,281.0,10112523.0,,9180155.0,0.08305972041448235,110524752.0,42740249.0,0.0,0.0,0.0,2,,0,0,0,0,0,0.5223689703004049,406.0,-406.0,-687.0,-281.0,50.0,False,False,PASS_SUBSET_GROSS_FLOWS
3212149,2024-06-30,83234295.0,783.0,124.0,10437708.0,,9549302.0,0.08710959517376474,109623997.0,43152851.0,0.0,0.0,0.0,2,,0,0,0,0,0,0.5184503695261671,659.0,-659.0,-783.0,-124.0,50.0,False,False,PASS_SUBSET_GROSS_FLOWS
3212149,2024-09-30,83325103.0,2755.0,84.0,9935665.0,,9188350.0,0.08291634144659464,110814706.0,43755191.0,0.0,0.0,0.0,2,,0,0,0,0,0,0.5251141543743426,2671.0,-2671.0,-2755.0,-84.0,50.0,False,False,PASS_SUBSET_GROSS_FLOWS
3212149,2024-12-31,84762175.0,377.0,176.0,10296339.0,,9539375.0,0.08008714892234883,119112431.0,43568799.0,0.0,0.0,0.0,2,,0,0,0,0,0,0.5140122820114043,201.0,-201.0,-377.0,-176.0,50.0,False,False,PASS_SUBSET_GROSS_FLOWS
3212149,2025-03-31,85495333.0,28015.0,113.0,10624200.0,,9924547.0,0.08530793836612516,116337907.0,43518615.0,27574.0,0.0,27574.0,2,,0,0,0,0,0,0.5090174337352426,27902.0,-328.0,-441.0,-113.0,50.0,False,False,PASS_SUBSET_GROSS_FLOWS
3212149,2025-06-30,87008053.0,770.0,285.0,10302265.0,,9650709.0,0.08443689275359215,114294933.0,44013719.0,195.0,0.0,195.0,2,,0,0,0,0,0,0.5058579922481429,485.0,-290.0,-575.0,-285.0,50.0,False,False,PASS_SUBSET_GROSS_FLOWS
3212149,2025-09-30,87591293.0,523.0,342.0,9976041.0,,9367765.0,0.0812613081117397,115279525.0,44723443.0,0.0,0.0,0.0,2,,0,0,0,0,0,0.5105923370716767,181.0,-181.0,-523.0,-342.0,50.0,False,False,PASS_SUBSET_GROSS_FLOWS
3212149,2025-12-31,88683003.0,17983.0,157.0,10296486.0,,9741941.0,0.08164692277572388,119317920.0,45400928.0,17448.0,0.0,17448.0,2,,0,0,0,0,0,0.5119462181496042,17826.0,-378.0,-535.0,-157.0,50.0,False,False,PASS_SUBSET_GROSS_FLOWS
3284070,2005-03-31,1155607.0,584.0,84.0,297971.0,0.1874,297830.0,0.18815215667743368,1582921.0,0.0,0.0,0.0,0.0,3,,0,0,0,0,0,0.0,500.0,-500.0,-584.0,-84.0,50.0,False,False,PASS_SUBSET_GROSS_FLOWS
3284070,2005-06-30,1207553.0,1552.0,265.0,301973.0,0.1551,301964.0,0.15469142297728378,1952041.0,0.0,0.0,0.0,0.0,3,,0,0,0,0,0,0.0,1287.0,-1287.0,-1552.0,-265.0,50.0,False,False,PASS_SUBSET_GROSS_FLOWS
3284070,2005-09-30,1247476.0,2156.0,326.0,305771.0,0.1399,305504.0,0.13907723123847676,2196650.0,0.0,0.0,0.0,0.0,3,,0,0,0,0,0,0.0,1830.0,-1830.0,-2156.0,-326.0,50.0,False,False,PASS_SUBSET_GROSS_FLOWS
3284070,2005-12-31,1321901.0,3657.0,548.0,309558.0,0.1286,309152.0,0.12725022340162365,2429481.0,0.0,0.0,0.0,0.0,3,,0,0,0,0,0,0.0,3109.0,-3109.0,-3657.0,-548.0,50.0,False,False,PASS_SUBSET_GROSS_FLOWS
3284070,2006-03-31,1518404.0,969.0,1247.0,316662.0,0.106,315930.0,0.10322489159801725,3060599.0,0.0,0.0,0.0,0.0,3,,0,0,0,0,0,0.0,-278.0,278.0,-969.0,-1247.0,50.0,False,False,PASS_SUBSET_GROSS_FLOWS
3284070,2006-06-30,1793118.0,1604.0,1405.0,418359.0,0.1192,417254.0,0.11635028615343089,3586188.0,0.0,0.0,0.0,0.0,3,,0,0,0,0,0,0.0,199.0,-199.0,-1604.0,-1405.0,50.0,False,False,PASS_SUBSET_GROSS_FLOWS
3284070,2006-09-30,2481308.0,1663.0,1387.0,448821.0,0.0998,448323.0,0.09756474948603229,4595133.0,0.0,0.0,0.0,0.0,3,,0,0,0,0,0,0.0,276.0,-276.0,-1663.0,-1387.0,50.0,False,False,PASS_SUBSET_GROSS_FLOWS
3284070,2006-12-31,16436464.0,2015.0,970.0,2148219.0,0.1483,2147677.0,0.10772305914092888,19937022.0,12889327.0,187.0,156.0,31.0,3,,0,0,0,0,0,0.7841909914443885,1045.0,-1014.0,-1828.0,-814.0,50.0,False,False,PASS_SUBSET_GROSS_FLOWS
3284070,2007-03-31,17692252.0,5394.0,1379.0,2275863.0,0.1494,2275327.0,0.10976269002376901,20729512.0,13744746.0,2299.0,433.0,1866.0,3,,0,0,0,0,0,0.7768793933073076,4015.0,-2149.0,-3095.0,-946.0,50.0,False,False,PASS_SUBSET_GROSS_FLOWS
3284070,2007-06-30,19095363.0,11209.0,2255.0,2648725.0,0.1546,2646450.0,0.11285020791012818,23450998.0,13717018.0,6738.0,956.0,5782.0,3,,0,0,0,0,0,0.7183428772733987,8954.0,-3172.0,-4471.0,-1299.0,50.0,False,False,PASS_SUBSET_GROSS_FLOWS
3284070,2007-09-30,21425078.0,15451.0,4310.0,3104652.0,0.1612,3103314.0,0.10958232032321784,28319477.0,15619833.0,10269.0,1678.0,8591.0,3,,0,0,0,0,0,0.7290443936773532,11141.0,-2550.0,-5182.0,-2632.0,50.0,False,False,PASS_SUBSET_GROSS_FLOWS
3284070,2007-12-31,23476071.0,36419.0,1919.0,3316534.0,0.1578,3316216.0,0.11675027826721765,28404352.0,16125625.0,29325.0,142.0,29183.0,3,,0,0,0,0,0,0.6868962442650647,34500.0,-5317.0,-7094.0,-1777.0,50.0,False,False,PASS_SUBSET_GROSS_FLOWS
3284070,2008-03-31,24657928.0,28034.0,3070.0,3414942.0,0.1523,3415113.0,0.1126009888644439,30329334.0,16186150.0,21188.0,191.0,20997.0,3,,0,0,0,0,0,0.6564278231325844,24964.0,-3967.0,-6846.0,-2879.0,50.0,False,False,PASS_SUBSET_GROSS_FLOWS
3284070,2008-06-30,24287681.0,66260.0,4345.0,3409084.0,0.1489,3464738.0,0.10849006976204152,31935992.0,15323461.0,47002.0,1411.0,45591.0,3,,0,0,0,0,0,0.6309149481994596,61915.0,-16324.0,-19258.0,-2934.0,50.0,False,False,PASS_SUBSET_GROSS_FLOWS
3284070,2008-09-30,23907786.0,79982.0,14116.0,3685626.0,0.1539,3748006.0,0.11462768312224757,32697215.0,14630729.0,44404.0,4015.0,40389.0,3,,0,0,0,0,0,0.6119650309735916,65866.0,-25477.0,-35578.0,-10101.0,50.0,False,False,PASS_SUBSET_GROSS_FLOWS
3284070,2008-12-31,23795067.0,98589.0,7049.0,3683131.0,0.1618,3725773.0,0.11330539391472212,32882574.0,14401252.0,80013.0,1730.0,78283.0,3,,0,0,0,0,0,0.6052200651504784,91540.0,-13257.0,-18576.0,-5319.0,50.0,False,False,PASS_SUBSET_GROSS_FLOWS
3284070,2009-03-31,28093837.0,144856.0,8172.0,3975067.0,0.1572,4020491.0,0.11055561712060888,36366230.0,19063682.0,104126.0,2176.0,101950.0,3,,0,0,0,0,0,0.6785716739226472,136684.0,-34734.0,-40730.0,-5996.0,50.0,False,False,PASS_SUBSET_GROSS_FLOWS
3284070,2009-06-30,28474157.0,198302.0,10963.0,5761560.0,0.1867,5864070.0,0.13810726906592366,42460256.0,19476266.0,154263.0,2951.0,151312.0,3,,0,0,0,0,0,0.6839979845584191,187339.0,-36027.0,-44039.0,-8012.0,50.0,False,False,PASS_SUBSET_GROSS_FLOWS
3284070,2009-09-30,31863561.0,303025.0,9815.0,7231251.0,0.2211,7360334.0,0.14016217932548564,52512982.0,21854635.0,280131.0,4786.0,275345.0,3,,0,0,0,0,0,0.6858817506304459,293210.0,-17865.0,-22894.0,-5029.0,50.0,False,False,PASS_SUBSET_GROSS_FLOWS
3284070,2009-12-31,35068163.0,1871640.0,15166.0,7768363.0,0.2072,7903373.0,0.14291063785404967,55302902.0,22972731.0,1670955.0,4230.0,1666725.0,3,,0,0,0,1,1,0.6550879497166704,1856474.0,-189749.0,-200685.0,-10936.0,50.0,False,False,PASS_SUBSET_GROSS_FLOWS
3284070,2010-03-31,35298080.0,36337.0,10895.0,8032351.0,0.2404,8210866.0,0.14882106095071368,55172742.0,23087719.0,20347.0,2274.0,18073.0,3,,0,0,0,0,0,0.6540786071083753,25442.0,-7369.0,-15990.0,-8621.0,50.0,False,False,PASS_SUBSET_GROSS_FLOWS
3284070,2010-06-30,41397497.0,72012.0,2690.0,8172455.0,0.2025,8342590.0,0.13522814407311204,61692705.0,25713592.0,54245.0,1626.0,52619.0,3,,0,0,0,0,0,0.621138809430918,69322.0,-16703.0,-17767.0,-1064.0,50.0,False,False,PASS_SUBSET_GROSS_FLOWS
3284070,2010-09-30,52165637.0,73697.0,7116.0,9342208.0,0.1853,9536631.0,0.14416169482060365,66152323.0,32407437.0,48853.0,1247.0,47606.0,3,,0,0,0,0,0,0.6212410863496213,66581.0,-18975.0,-24844.0,-5869.0,50.0,False,False,PASS_SUBSET_GROSS_FLOWS
3284070,2010-12-31,55206074.0,84810.0,12725.0,10738444.0,0.1923,10886180.0,0.15488825863401684,70284088.0,32849508.0,59312.0,1413.0,57899.0,3,,0,0,0,0,0,0.5950343072756813,72085.0,-14186.0,-25498.0,-11312.0,50.0,False,False,PASS_SUBSET_GROSS_FLOWS
3284070,2011-03-31,56040211.0,75089.0,5943.0,11061527.0,0.1873,11164590.0,0.15385899347937765,72563779.0,31144648.0,50446.0,1144.0,49302.0,3,,0,0,0,0,0,0.5557553664457117,69146.0,-19844.0,-24643.0,-4799.0,50.0,False,False,PASS_SUBSET_GROSS_FLOWS
3284070,2011-06-30,59056855.0,60281.0,9283.0,11768146.0,0.1754,11922487.0,0.15399010197430058,77423723.0,33250807.0,36200.0,2087.0,34113.0,3,,0,0,0,0,0,0.5630304390574135,50998.0,-16885.0,-24081.0,-7196.0,50.0,False,False,PASS_SUBSET_GROSS_FLOWS
3284070,2011-09-30,60380655.0,69999.0,9849.0,12545183.0,0.1845,12724678.0,0.16030974263808484,79375575.0,34412823.0,40360.0,1167.0,39193.0,3,,0,0,0,0,0,0.5699312635810261,60150.0,-20957.0,-29639.0,-8682.0,50.0,False,False,PASS_SUBSET_GROSS_FLOWS
3284070,2011-12-31,66011004.0,59432.0,7680.0,12952634.0,0.1742,13093594.0,0.15335317812005098,85381954.0,38649968.0,34003.0,1107.0,32896.0,3,,0,0,0,0,0,0.5855079556129763,51752.0,-18856.0,-25429.0,-6573.0,50.0,False,False,PASS_SUBSET_GROSS_FLOWS
3284070,2012-03-31,67291250.0,63630.0,8233.0,13189327.0,0.169,13336071.0,0.15047406694925236,88627039.0,38868617.0,33075.0,1645.0,31430.0,3,,0,0,0,0,0,0.5776176991807999,55397.0,-23967.0,-30555.0,-6588.0,50.0,False,False,PASS_SUBSET_GROSS_FLOWS
3284070,2012-06-30,66795247.0,132552.0,7605.0,13502292.0,0.1682,13636019.0,0.15613216287502252,87336387.0,38877239.0,106758.0,1491.0,105267.0,3,,0,0,0,0,0,0.582036009238801,124947.0,-19680.0,-25794.0,-6114.0,50.0,False,False,PASS_SUBSET_GROSS_FLOWS
3284070,2012-09-30,67583305.0,66828.0,7448.0,13812208.0,0.1698,13952470.0,0.15040528125524674,92765825.0,39497455.0,39353.0,1166.0,38187.0,3,,0,0,0,0,0,0.5844262129530362,59380.0,-21193.0,-27475.0,-6282.0,50.0,False,False,PASS_SUBSET_GROSS_FLOWS
3284070,2012-12-31,71811156.0,70487.0,9850.0,14135759.0,0.1627,14287987.0,0.1507236397479782,94795926.0,43633695.0,36190.0,1306.0,34884.0,3,,0,0,0,0,0,0.6076172203661504,60637.0,-25753.0,-34297.0,-8544.0,50.0,False,False,PASS_SUBSET_GROSS_FLOWS
3284070,2013-03-31,69718984.0,90024.0,9724.0,14379637.0,0.1668,14512887.0,0.15282693221348814,94962889.0,41016272.0,56902.0,519.0,56383.0,3,,0,0,0,0,0,0.5883085157982222,80300.0,-23917.0,-33122.0,-9205.0,50.0,False,False,PASS_SUBSET_GROSS_FLOWS
3284070,2013-06-30,67545268.0,64040.0,13752.0,14681605.0,0.1759,14529775.0,0.1571939695434943,92432140.0,38775475.0,29682.0,3510.0,26172.0,3,,0,0,0,0,0,0.5740664912307403,50288.0,-24116.0,-34358.0,-10242.0,50.0,False,False,PASS_SUBSET_GROSS_FLOWS
3284070,2013-09-30,65602244.0,53599.0,15848.0,14925960.0,0.179,14740192.0,0.1600118402877275,92119383.0,36880661.0,16367.0,5069.0,11298.0,3,,0,0,0,0,0,0.5621859672970942,37751.0,-26453.0,-37232.0,-10779.0,50.0,False,False,PASS_SUBSET_GROSS_FLOWS
3284070,2013-12-31,70804178.0,62359.0,13377.0,15159396.0,0.1673,14915699.0,0.15106420581120766,98737480.0,42090948.0,17334.0,2010.0,15324.0,3,,0,0,0,0,0,0.5944698348168098,48982.0,-33658.0,-45025.0,-11367.0,50.0,False,False,PASS_SUBSET_GROSS_FLOWS
3284070,2014-03-31,70217965.0,50395.0,14139.0,,,15228240.0,0.15570750260605037,97800297.0,41329812.0,9633.0,2496.0,7137.0,3,,0,0,0,0,0,0.5885931328257662,36256.0,-29119.0,-40762.0,-11643.0,50.0,False,False,PASS_SUBSET_GROSS_FLOWS
3284070,2014-06-30,72859644.0,42076.0,15791.0,,,15614099.0,0.15376454663065942,101545508.0,43124198.0,6722.0,2370.0,4352.0,3,,0,0,0,0,0,0.5918804379554751,26285.0,-21933.0,-35354.0,-13421.0,50.0,False,False,PASS_SUBSET_GROSS_FLOWS
3284070,2014-09-30,71299238.0,48482.0,10862.0,,,15770026.0,0.15649401819223588,100770791.0,41693916.0,9064.0,730.0,8334.0,3,,0,0,0,0,0,0.5847736549442506,37620.0,-29286.0,-39418.0,-10132.0,50.0,False,False,PASS_SUBSET_GROSS_FLOWS
3284070,2014-12-31,73732328.0,55690.0,11684.0,,,15966686.0,0.15282826581580158,104474692.0,44709738.0,9903.0,1843.0,8060.0,3,,0,0,0,0,0,0.6063790363434611,44006.0,-35946.0,-45787.0,-9841.0,50.0,False,False,PASS_SUBSET_GROSS_FLOWS
3284070,2015-03-31,72193637.0,58895.0,13004.0,16184654.0,,16171165.0,0.15480912299779548,104458734.0,43951947.0,16462.0,2145.0,14317.0,3,,0,0,0,0,0,0.6088063827564194,45891.0,-31574.0,-42433.0,-10859.0,50.0,False,False,PASS_SUBSET_GROSS_FLOWS
3284070,2015-06-30,76218607.0,41030.0,17195.0,16054653.0,,15974394.0,0.1496783508067613,106724813.0,46349802.0,6279.0,3064.0,3215.0,3,,0,0,0,0,0,0.6081166243303292,23835.0,-20620.0,-34751.0,-14131.0,50.0,False,False,PASS_SUBSET_GROSS_FLOWS
3284070,2015-09-30,77742910.0,53865.0,15171.0,16311234.0,,16295790.0,0.15202200832392793,107193624.0,46203727.0,7231.0,3567.0,3664.0,3,,0,0,0,0,0,0.5943143496943966,38694.0,-35030.0,-46634.0,-11604.0,50.0,False,False,PASS_SUBSET_GROSS_FLOWS
3284070,2015-12-31,82191960.0,60377.0,16850.0,16593782.0,,16495606.0,0.14819954233314217,111306727.0,49550708.0,4831.0,3403.0,1428.0,3,,0,0,0,0,0,0.6028656330862532,43527.0,-42099.0,-55546.0,-13447.0,50.0,False,False,PASS_SUBSET_GROSS_FLOWS
3284070,2016-03-31,82270604.0,86240.0,20340.0,16870729.0,,16856189.0,0.15233321972333033,110653402.0,50139379.0,6248.0,2561.0,3687.0,3,,0,0,0,0,0,0.6094446444078616,65900.0,-62213.0,-79992.0,-17779.0,50.0,False,False,PASS_SUBSET_GROSS_FLOWS
3284070,2016-06-30,85473433.0,74298.0,23010.0,17209419.0,,17256669.0,0.15064200284082205,114554166.0,51744656.0,7632.0,4860.0,2772.0,3,,0,0,0,0,0,0.6053887644831114,51288.0,-48516.0,-66666.0,-18150.0,50.0,False,False,PASS_SUBSET_GROSS_FLOWS
3284070,2016-09-30,87053537.0,102929.0,31760.0,17537396.0,,17581365.0,0.1535251658028199,114517805.0,52652169.0,6660.0,14265.0,-7605.0,3,,0,0,0,0,0,0.6048251548929023,71169.0,-78774.0,-96269.0,-17495.0,50.0,False,False,PASS_SUBSET_GROSS_FLOWS
3284070,2016-12-31,92894362.0,105156.0,24537.0,17888370.0,,17724096.0,0.14345951507644172,123547720.0,56169212.0,6038.0,5456.0,582.0,3,,0,0,0,0,0,0.604656846666324,80619.0,-80037.0,-99118.0,-19081.0,50.0,False,False,PASS_SUBSET_GROSS_FLOWS
3284070,2017-03-31,93816000.0,130000.0,30000.0,18562000.0,,18406000.0,0.150482777791404,122313000.0,56585000.0,6000.0,6000.0,0.0,3,,0,0,0,0,0,0.603148716636821,100000.0,-100000.0,-124000.0,-24000.0,50.0,False,False,PASS_SUBSET_GROSS_FLOWS
3284070,2017-06-30,96046000.0,115000.0,33000.0,18975000.0,,18869000.0,0.1497480258719892,126005000.0,57266000.0,4000.0,6000.0,-2000.0,3,,0,0,0,0,0,0.5962351373300293,82000.0,-84000.0,-111000.0,-27000.0,50.0,False,False,PASS_SUBSET_GROSS_FLOWS
3284070,2017-09-30,96920000.0,140000.0,30000.0,16454000.0,,16384000.0,0.12572612515827034,130315000.0,55570000.0,14000.0,4000.0,10000.0,3,,0,0,0,0,0,0.5733594717292613,110000.0,-100000.0,-126000.0,-26000.0,50.0,False,False,PASS_SUBSET_GROSS_FLOWS
3284070,2017-12-31,103788000.0,181000.0,36000.0,17059000.0,,16963000.0,0.12339060476890176,137474000.0,59210000.0,11000.0,4000.0,7000.0,3,,0,0,0,0,0,0.570489844683393,145000.0,-138000.0,-170000.0,-32000.0,50.0,False,False,PASS_SUBSET_GROSS_FLOWS
3284070,2018-03-31,109461000.0,187000.0,46000.0,16535000.0,,16163000.0,0.11298925542995757,143049000.0,60878000.0,7000.0,4000.0,3000.0,3,,0,0,0,0,0,0.5561615552571235,141000.0,-138000.0,-180000.0,-42000.0,50.0,False,False,PASS_SUBSET_GROSS_FLOWS
3284070,2018-06-30,111935000.0,169000.0,52000.0,16591000.0,,16163000.0,0.11003022546563555,146896000.0,60499000.0,4000.0,4000.0,0.0,2,,0,0,0,0,0,0.5404833162103007,117000.0,-117000.0,-165000.0,-48000.0,50.0,False,False,PASS_SUBSET_GROSS_FLOWS
3284070,2018-09-30,115499000.0,216000.0,57000.0,16590000.0,,16057000.0,0.10628355077212283,151077000.0,62261000.0,5000.0,6000.0,-1000.0,2,,0,0,0,0,0,0.5390609442505996,159000.0,-160000.0,-211000.0,-51000.0,50.0,False,False,PASS_SUBSET_GROSS_FLOWS
3284070,2018-12-31,121133000.0,261000.0,63000.0,16552000.0,,16212000.0,0.10177599487730003,159291000.0,65541000.0,4000.0,4000.0,0.0,2,,0,0,0,0,0,0.541066431112909,198000.0,-198000.0,-257000.0,-59000.0,50.0,False,False,PASS_SUBSET_GROSS_FLOWS
3284070,2019-03-31,122610000.0,253000.0,64000.0,16609000.0,,16498000.0,0.10174780753148398,162146000.0,64755000.0,2000.0,4000.0,-2000.0,2,,0,0,0,0,0,0.5281379985319306,189000.0,-191000.0,-251000.0,-60000.0,50.0,False,False,PASS_SUBSET_GROSS_FLOWS
3284070,2019-06-30,123092000.0,245000.0,78000.0,16739000.0,,16865000.0,0.10300180169175803,163735000.0,62738000.0,3000.0,5000.0,-2000.0,2,,0,0,0,0,0,0.5096838137328177,167000.0,-169000.0,-242000.0,-73000.0,50.0,False,False,PASS_SUBSET_GROSS_FLOWS
3284070,2019-09-30,124298000.0,320000.0,75000.0,16774000.0,,16981000.0,0.10163820605364123,167073000.0,62753000.0,4000.0,5000.0,-1000.0,2,,0,0,0,0,0,0.504859289771356,245000.0,-246000.0,-316000.0,-70000.0,50.0,False,False,PASS_SUBSET_GROSS_FLOWS
3284070,2019-12-31,123887000.0,353000.0,82000.0,16627000.0,,16953000.0,0.10121677453251499,167492000.0,61671000.0,1000.0,3000.0,-2000.0,2,,0,0,0,0,0,0.4978004148942181,271000.0,-273000.0,-352000.0,-79000.0,50.0,False,False,PASS_SUBSET_GROSS_FLOWS
3284070,2020-03-31,125038000.0,337000.0,73000.0,16433000.0,,16203000.0,0.09494594357036125,170655000.0,61168000.0,3000.0,4000.0,-1000.0,2,,0,0,0,0,0,0.48919528463347145,264000.0,-265000.0,-334000.0,-69000.0,50.0,False,False,PASS_SUBSET_GROSS_FLOWS
3284070,2020-06-30,115778000.0,266000.0,79000.0,16918000.0,,16666000.0,0.09638540281071077,172910000.0,51322000.0,0.0,4000.0,-4000.0,2,,0,0,0,0,0,0.4432793795021507,187000.0,-191000.0,-266000.0,-75000.0,50.0,False,False,PASS_SUBSET_GROSS_FLOWS
3284070,2020-09-30,116095000.0,256000.0,115000.0,17585000.0,,17212000.0,0.09858469222353959,174591000.0,49941000.0,4000.0,4000.0,0.0,2,,0,0,0,0,0,0.430173564753004,141000.0,-141000.0,-252000.0,-111000.0,50.0,False,False,PASS_SUBSET_GROSS_FLOWS
3284070,2020-12-31,117571000.0,349000.0,133000.0,17567000.0,,17137000.0,0.09962271609531505,172019000.0,50301000.0,4000.0,1000.0,3000.0,2,,0,0,0,0,0,0.4278350953891691,216000.0,-213000.0,-345000.0,-132000.0,50.0,False,False,PASS_SUBSET_GROSS_FLOWS
3284070,2021-03-31,112744000.0,294000.0,150000.0,17879000.0,,16973000.0,0.09894658295294893,171537000.0,44600000.0,2000.0,2000.0,0.0,2,,0,0,0,0,0,0.3955864613637976,144000.0,-144000.0,-292000.0,-148000.0,50.0,False,False,PASS_SUBSET_GROSS_FLOWS
3284070,2021-06-30,111826000.0,192000.0,168000.0,18113000.0,,17368000.0,0.10211965309422313,170075000.0,41479000.0,3000.0,3000.0,0.0,2,,0,0,0,0,0,0.37092447194748984,24000.0,-24000.0,-189000.0,-165000.0,50.0,False,False,PASS_SUBSET_GROSS_FLOWS
3284070,2021-09-30,114441000.0,214000.0,138000.0,18095000.0,,17203000.0,0.10156273061641369,169383000.0,41558000.0,1000.0,3000.0,-2000.0,2,,0,0,0,0,0,0.3631390847685707,76000.0,-78000.0,-213000.0,-135000.0,50.0,False,False,PASS_SUBSET_GROSS_FLOWS
3284070,2021-12-31,122402000.0,253000.0,134000.0,17253000.0,,16727000.0,0.09678856613817845,172820000.0,47244000.0,0.0,3000.0,-3000.0,2,,0,0,0,0,0,0.3859740853907616,119000.0,-122000.0,-253000.0,-131000.0,50.0,False,False,PASS_SUBSET_GROSS_FLOWS
3284070,2022-03-31,125421000.0,298000.0,151000.0,17220000.0,,15573000.0,0.08925429421305715,174479000.0,49933000.0,1000.0,3000.0,-2000.0,2,,0,0,0,0,0,0.39812312132736943,147000.0,-149000.0,-297000.0,-148000.0,50.0,False,False,PASS_SUBSET_GROSS_FLOWS
3284070,2022-06-30,128918000.0,329000.0,164000.0,17349000.0,,14618000.0,0.08314468699876006,175814000.0,49865000.0,0.0,4000.0,-4000.0,2,,0,0,0,0,0,0.3867962580865356,165000.0,-169000.0,-329000.0,-160000.0,50.0,False,False,PASS_SUBSET_GROSS_FLOWS
3284070,2022-09-30,132895000.0,445000.0,160000.0,17302000.0,,13366000.0,0.07478946926670957,178715000.0,51053000.0,2000.0,2000.0,0.0,2,,0,0,0,0,0,0.38416042740509426,285000.0,-285000.0,-443000.0,-158000.0,50.0,False,False,PASS_SUBSET_GROSS_FLOWS
3284070,2022-12-31,136111000.0,546000.0,151000.0,17011000.0,,13197000.0,0.07255484083786905,181890000.0,54265000.0,0.0,2000.0,-2000.0,2,,0,0,0,0,0,0.3986819581077209,395000.0,-397000.0,-546000.0,-149000.0,50.0,False,False,PASS_SUBSET_GROSS_FLOWS
3284070,2023-03-31,136561000.0,598000.0,185000.0,17121000.0,,13836000.0,0.07423423810111437,186383000.0,54472000.0,0.0,2000.0,-2000.0,2,,0,0,0,0,0,0.3988840152019976,413000.0,-415000.0,-598000.0,-183000.0,50.0,False,False,PASS_SUBSET_GROSS_FLOWS
3284070,2023-06-30,138502000.0,628000.0,224000.0,17298000.0,,13956000.0,0.0744915932746197,187350000.0,55476000.0,2000.0,1000.0,1000.0,2,,0,0,0,0,0,0.4005429524483401,404000.0,-403000.0,-626000.0,-223000.0,50.0,False,False,PASS_SUBSET_GROSS_FLOWS
3284070,2023-09-30,140297000.0,675000.0,215000.0,17215000.0,,13062000.0,0.07033130340672299,185721000.0,56039000.0,0.0,2000.0,-2000.0,2,,0,0,0,0,0,0.3994312066544545,460000.0,-462000.0,-675000.0,-213000.0,50.0,False,False,PASS_SUBSET_GROSS_FLOWS
3284070,2023-12-31,141559000.0,1026000.0,185000.0,17217000.0,,13692000.0,0.07356781327573422,186114000.0,57920000.0,1000.0,2000.0,-1000.0,2,,0,0,0,0,0,0.40915801891790704,841000.0,-842000.0,-1025000.0,-183000.0,50.0,False,False,PASS_SUBSET_GROSS_FLOWS
3284070,2024-03-31,138133000.0,761000.0,216000.0,17290000.0,,13914000.0,0.07629586168701917,182369000.0,57452000.0,1000.0,0.0,1000.0,2,,0,0,0,0,0,0.4159179920800967,545000.0,-544000.0,-760000.0,-216000.0,50.0,False,False,PASS_SUBSET_GROSS_FLOWS
3284070,2024-06-30,138890000.0,674000.0,237000.0,17578000.0,,14180000.0,0.07792536091312256,181969000.0,58306000.0,0.0,2000.0,-2000.0,2,,0,0,0,0,0,0.4197998416012672,437000.0,-439000.0,-674000.0,-235000.0,50.0,False,False,PASS_SUBSET_GROSS_FLOWS
3284070,2024-09-30,137590000.0,742000.0,224000.0,17579000.0,,14671000.0,0.08053201299841911,182176000.0,56464000.0,0.0,1000.0,-1000.0,2,,0,0,0,0,0,0.4103786612399157,518000.0,-519000.0,-742000.0,-223000.0,50.0,False,False,PASS_SUBSET_GROSS_FLOWS
3284070,2024-12-31,135969000.0,768000.0,225000.0,17229000.0,,13776000.0,0.07593890049556527,181409000.0,54904000.0,1000.0,2000.0,-1000.0,2,,0,0,0,0,0,0.4037979245269142,543000.0,-544000.0,-767000.0,-223000.0,50.0,False,False,PASS_SUBSET_GROSS_FLOWS
3284070,2025-03-31,135717000.0,743000.0,236000.0,17258000.0,,14406000.0,0.07901361868771356,182323000.0,53874000.0,0.0,1000.0,-1000.0,2,,0,0,0,0,0,0.3969583766219412,507000.0,-508000.0,-743000.0,-235000.0,50.0,False,False,PASS_SUBSET_GROSS_FLOWS
3284070,2025-06-30,133200000.0,599000.0,233000.0,17664000.0,,14722000.0,0.08268371037674387,178052000.0,52803000.0,2000.0,2000.0,0.0,2,,0,0,0,0,0,0.3964189189189189,366000.0,-366000.0,-597000.0,-231000.0,50.0,False,False,PASS_SUBSET_GROSS_FLOWS
3284070,2025-09-30,134542000.0,661000.0,265000.0,17773000.0,,15059000.0,0.08361976578247422,180089000.0,53298000.0,0.0,3000.0,-3000.0,2,,0,0,0,0,0,0.39614395504749444,396000.0,-399000.0,-661000.0,-262000.0,50.0,False,False,PASS_SUBSET_GROSS_FLOWS
3284070,2025-12-31,137806000.0,677000.0,220000.0,17853000.0,,15277000.0,0.08273580000866514,184648000.0,55287000.0,5000.0,2000.0,3000.0,2,,0,0,0,0,0,0.40119443275329086,457000.0,-454000.0,-672000.0,-218000.0,50.0,False,False,PASS_SUBSET_GROSS_FLOWS
3303298,2005-06-30,9269527.0,,,806899.0,0.1067,3517861.0,0.22668197356685807,15518927.0,5704636.0,,,,0,,0,0,0,0,0,0.6154182408660118,,,,,50.0,False,False,NOT_EVALUABLE_MISSING_FLOW
3303298,2005-09-30,9564574.0,9775.0,1672.0,844010.0,0.096945,3542795.0,0.22769707300102635,15559247.0,5911661.0,904.0,292.0,612.0,3,,0,0,0,0,0,0.6180788605953595,8103.0,-7491.0,-8871.0,-1380.0,50.0,False,False,PASS_SUBSET_GROSS_FLOWS
3303298,2005-12-31,9838114.0,11188.0,2774.0,893123.0,0.101729,3563262.0,0.21838637633976288,16316320.0,6160148.0,1166.0,262.0,904.0,3,,0,0,0,0,0,0.6261513131480282,8414.0,-7510.0,-10022.0,-2512.0,50.0,False,False,PASS_SUBSET_GROSS_FLOWS
3303298,2006-03-31,10382469.0,10131.0,2787.0,955985.0,0.101047,3605972.0,0.21167054556246806,17035776.0,6616821.0,1218.0,227.0,991.0,3,,0,0,0,0,0,0.6373070798477704,7344.0,-6353.0,-8913.0,-2560.0,50.0,False,False,PASS_SUBSET_GROSS_FLOWS
3303298,2006-06-30,10409168.0,8143.0,2513.0,991584.0,0.103751,3623041.0,0.21217175094234697,17075982.0,6511421.0,962.0,201.0,761.0,3,,0,0,0,0,0,0.6255467295753129,5630.0,-4869.0,-7181.0,-2312.0,50.0,False,False,PASS_SUBSET_GROSS_FLOWS
3303298,2006-09-30,10256960.0,11117.0,2949.0,1030787.0,0.109977,3684985.0,0.22007990993708137,16743850.0,6287505.0,8370.0,1984.0,6386.0,3,,0,0,0,0,0,0.6129988807599913,8168.0,-1782.0,-2747.0,-965.0,50.0,False,False,PASS_SUBSET_GROSS_FLOWS
3303298,2006-12-31,10031570.0,10507.0,2817.0,1057651.0,0.112393,3698340.0,0.2159592277498796,17125177.0,6144736.0,3011.0,613.0,2398.0,3,,0,0,0,0,0,0.6125398118141029,7690.0,-5292.0,-7496.0,-2204.0,50.0,False,False,PASS_SUBSET_GROSS_FLOWS
3303298,2007-03-31,9998386.0,11804.0,2914.0,986954.0,0.10326,3627681.0,0.21081180782430464,17208149.0,5959820.0,4186.0,568.0,3618.0,3,,0,0,0,0,0,0.5960782070226135,8890.0,-5272.0,-7618.0,-2346.0,50.0,False,False,PASS_SUBSET_GROSS_FLOWS
3303298,2007-06-30,9962154.0,9434.0,2606.0,936727.0,0.098151,3556709.0,0.21182213084532045,16791017.0,5787133.0,2831.0,411.0,2420.0,3,,0,0,0,0,0,0.5809118188696942,6828.0,-4408.0,-6603.0,-2195.0,50.0,False,False,PASS_SUBSET_GROSS_FLOWS
3303298,2007-09-30,91196501.0,315971.0,58617.0,8466099.0,0.09186,18653328.0,0.1408770689100606,132408547.0,53134481.0,110595.0,9468.0,101127.0,3,,0,0,0,0,0,0.5826372768402595,257354.0,-156227.0,-205376.0,-49149.0,50.0,False,False,PASS_SUBSET_GROSS_FLOWS
3303298,2007-12-31,92323026.0,172812.0,25583.0,7929699.0,0.087581,17853396.0,0.13854546797196735,128863082.0,53832693.0,77710.0,7736.0,69974.0,3,,0,0,0,0,0,0.5830906473971076,147229.0,-77255.0,-95102.0,-17847.0,50.0,False,False,PASS_SUBSET_GROSS_FLOWS
3303298,2008-03-31,91885618.0,229937.0,26088.0,8121568.0,0.088615,17615385.0,0.13465342170716,130820181.0,49573139.0,58712.0,5027.0,53685.0,2,,0,0,0,0,0,0.5395092298339877,203849.0,-150164.0,-171225.0,-21061.0,50.0,False,False,PASS_SUBSET_GROSS_FLOWS
3303298,2008-06-30,92359010.0,238087.0,32258.0,8338105.0,0.08891,18018737.0,0.13645290940909893,132050955.0,49356860.0,84537.0,7447.0,77090.0,2,,0,0,0,0,0,0.5344022202056952,205829.0,-128739.0,-153550.0,-24811.0,50.0,False,False,PASS_SUBSET_GROSS_FLOWS
3303298,2008-09-30,93634385.0,306595.0,36876.0,8441766.0,0.08838,17864651.0,0.13471624046675457,132609483.0,48635233.0,122050.0,15145.0,106905.0,3,,0,0,0,0,0,0.519416376793632,269719.0,-162814.0,-184545.0,-21731.0,50.0,False,False,PASS_SUBSET_GROSS_FLOWS
3303298,2008-12-31,92238785.0,387626.0,27484.0,8471557.0,0.087362,15806730.0,0.12184708724099064,129725957.0,46284103.0,197016.0,9680.0,187336.0,3,,0,0,0,0,0,0.5017856967651948,360142.0,-172806.0,-190610.0,-17804.0,50.0,False,False,PASS_SUBSET_GROSS_FLOWS
3303298,2009-03-31,90558234.0,450597.0,28437.0,8689336.0,0.091366,16318641.0,0.12103491153380092,134825901.0,53716022.0,223169.0,8169.0,215000.0,3,,0,0,0,0,0,0.5931655204318582,422160.0,-207160.0,-227428.0,-20268.0,50.0,False,False,PASS_SUBSET_GROSS_FLOWS
3303298,2009-06-30,86507982.0,569853.0,56140.0,8535171.0,0.093158,16543661.0,0.13569362121268094,121919224.0,49886528.0,284181.0,32638.0,251543.0,3,,0,0,0,0,0,0.5766696534430776,513713.0,-262170.0,-285672.0,-23502.0,50.0,False,False,PASS_SUBSET_GROSS_FLOWS
3303298,2009-09-30,83317312.0,519917.0,42134.0,8391356.0,0.095216,16620011.0,0.13980137921455668,118883026.0,47094890.0,312406.0,20789.0,291617.0,3,,0,0,0,0,0,0.5652473521949436,477783.0,-186166.0,-207511.0,-21345.0,50.0,False,False,PASS_SUBSET_GROSS_FLOWS
3303298,2009-12-31,80074208.0,688640.0,33141.0,8237088.0,0.097522,16599741.0,0.14197385134413062,116921115.0,44990828.0,408486.0,12365.0,396121.0,3,,0,0,0,0,0,0.5618641648007309,655499.0,-259378.0,-280154.0,-20776.0,50.0,False,False,PASS_SUBSET_GROSS_FLOWS
3303298,2010-03-31,77860878.0,520145.0,36249.0,8175603.0,0.099203,16664799.0,0.14555410180205489,114492129.0,43436280.0,321780.0,10958.0,310822.0,3,,0,0,0,0,0,0.5578704108628213,483896.0,-173074.0,-198365.0,-25291.0,50.0,False,False,PASS_SUBSET_GROSS_FLOWS
3303298,2010-06-30,76228448.0,525379.0,41148.0,8171716.0,0.100876,16678372.0,0.14850064836031135,112311779.0,42648254.0,334496.0,16487.0,318009.0,3,,0,0,0,0,0,0.5594795003566123,484231.0,-166222.0,-190883.0,-24661.0,50.0,False,False,PASS_SUBSET_GROSS_FLOWS
3303298,2010-09-30,77551874.0,395420.0,88970.0,8179849.0,0.102048,16812688.0,0.14688105145895305,114464649.0,41907838.0,228803.0,21694.0,207109.0,3,,0,0,0,0,0,0.540384594703669,306450.0,-99341.0,-166617.0,-67276.0,50.0,False,False,PASS_SUBSET_GROSS_FLOWS
3303298,2010-12-31,76431666.0,405471.0,43518.0,8151483.0,0.102883,16915260.0,0.15686141482444352,107835697.0,40829453.0,244655.0,17630.0,227025.0,3,,0,0,0,0,0,0.5341955126295428,361953.0,-134928.0,-160816.0,-25888.0,50.0,False,False,PASS_SUBSET_GROSS_FLOWS
3303298,2011-03-31,77313671.0,324814.0,50460.0,8460893.0,0.105471,17037783.0,0.15013744121935926,113481240.0,40773304.0,177738.0,13318.0,164420.0,2,,0,0,0,0,0,0.5273750873891372,274354.0,-109934.0,-147076.0,-37142.0,50.0,False,False,PASS_SUBSET_GROSS_FLOWS
3303298,2011-06-30,73957411.0,277501.0,49628.0,9275851.0,0.114968,17934688.0,0.16411084401191023,109283991.0,41544651.0,143934.0,22100.0,121834.0,2,,0,0,0,1,1,0.5617374978147897,227873.0,-106039.0,-133567.0,-27528.0,50.0,False,False,PASS_SUBSET_GROSS_FLOWS
3303298,2011-09-30,73306526.0,302808.0,42155.0,9373178.0,0.117184,18095352.0,0.16822842109918396,107564179.0,40896615.0,159971.0,17269.0,142702.0,2,,0,0,0,0,0,0.5578850510526171,260653.0,-117951.0,-142837.0,-24886.0,50.0,False,False,PASS_SUBSET_GROSS_FLOWS
3303298,2011-12-31,73654413.0,353939.0,51503.0,9471604.0,0.116943,18111064.0,0.1693563111129618,106940591.0,41171397.0,206356.0,27336.0,179020.0,2,,0,0,0,1,1,0.5589807225807366,302436.0,-123416.0,-147583.0,-24167.0,50.0,False,False,PASS_SUBSET_GROSS_FLOWS
3303298,2012-03-31,73644046.0,242085.0,62654.0,9558744.0,0.117707,18284507.0,0.1721018317239582,106242373.0,41065489.0,123744.0,25795.0,97949.0,2,,0,0,0,0,0,0.5576213045111617,179431.0,-81482.0,-118341.0,-36859.0,50.0,False,False,PASS_SUBSET_GROSS_FLOWS
3303298,2012-06-30,73817415.0,257305.0,45144.0,9784025.0,0.118949,18528084.0,0.1733309825986698,106894242.0,41129393.0,148251.0,19791.0,128460.0,2,,0,0,0,0,0,0.5571773679693335,212161.0,-83701.0,-109054.0,-25353.0,50.0,False,False,PASS_SUBSET_GROSS_FLOWS
3303298,2012-09-30,73466996.0,278996.0,51260.0,9955897.0,0.12261,18759880.0,0.174974591446872,107214881.0,40595885.0,148607.0,18101.0,130506.0,2,,0,0,0,0,0,0.552573090098852,227736.0,-97230.0,-130389.0,-33159.0,50.0,False,False,PASS_SUBSET_GROSS_FLOWS
3303298,2012-12-31,73761030.0,218747.0,46441.0,9980956.0,0.12257,18774758.0,0.17910744748001112,104823994.0,40388715.0,94865.0,21875.0,72990.0,2,,0,0,0,0,0,0.5475617002636758,172306.0,-99316.0,-123882.0,-24566.0,50.0,False,False,PASS_SUBSET_GROSS_FLOWS
3303298,2013-03-31,72414935.0,168899.0,60047.0,10146338.0,0.126083,18940039.0,0.18018438913636498,105114761.0,39274233.0,75882.0,27257.0,48625.0,2,,0,0,0,0,0,0.5423499033728333,108852.0,-60227.0,-93017.0,-32790.0,50.0,False,False,PASS_SUBSET_GROSS_FLOWS
3303298,2013-06-30,71727591.0,151217.0,39958.0,10221557.0,0.129018,15248428.0,0.15345793993731427,99365520.0,38622018.0,68849.0,17259.0,51590.0,2,,0,0,0,0,0,0.5384541354525625,111259.0,-59669.0,-82368.0,-22699.0,50.0,False,False,PASS_SUBSET_GROSS_FLOWS
3303298,2013-09-30,71603701.0,162673.0,44393.0,10342801.0,0.129426,15389196.0,0.15658057212198648,98282921.0,38488674.0,78053.0,21422.0,56631.0,2,,0,0,0,0,0,0.5375235282880141,118280.0,-61649.0,-84620.0,-22971.0,50.0,False,False,PASS_SUBSET_GROSS_FLOWS
3303298,2013-12-31,72106981.0,143225.0,39557.0,10401239.0,0.129476,15449799.0,0.16311540971851088,94716980.0,38331857.0,67284.0,23686.0,43598.0,2,,0,0,0,0,0,0.5315970308062128,103668.0,-60070.0,-75941.0,-15871.0,50.0,False,False,PASS_SUBSET_GROSS_FLOWS
3303298,2014-03-31,72504375.0,115711.0,36890.0,,,15660071.0,0.16305433707004074,96042039.0,38465642.0,38733.0,20577.0,18156.0,2,,0,0,0,0,0,0.5305285646555812,78821.0,-60665.0,-76978.0,-16313.0,50.0,False,False,PASS_SUBSET_GROSS_FLOWS
3303298,2014-06-30,72655153.0,104328.0,44582.0,,,15897537.0,0.15796050848430024,100642478.0,38381527.0,34048.0,14875.0,19173.0,2,,0,0,0,0,0,0.5282698530687837,59746.0,-40573.0,-70280.0,-29707.0,50.0,False,False,PASS_SUBSET_GROSS_FLOWS
3303298,2014-09-30,73754734.0,112547.0,34505.0,,,15696941.0,0.1541285480518739,101843177.0,38468562.0,37544.0,13378.0,24166.0,2,,0,0,0,0,0,0.5215741405833014,78042.0,-53876.0,-75003.0,-21127.0,50.0,False,False,PASS_SUBSET_GROSS_FLOWS
3303298,2014-12-31,75853439.0,103178.0,32530.0,,,15675858.0,0.15223516626710076,102971333.0,39514997.0,25195.0,16016.0,9179.0,2,,0,0,0,0,0,0.5209387671928757,70648.0,-61469.0,-77983.0,-16514.0,50.0,False,False,PASS_SUBSET_GROSS_FLOWS
3303298,2015-03-31,76326996.0,94710.0,50628.0,10504760.0,,15907849.0,0.15009038295045377,105988463.0,40180159.0,25806.0,29689.0,-3883.0,2,,0,0,0,0,0,0.526421333285539,44082.0,-47965.0,-68904.0,-20939.0,50.0,False,False,PASS_SUBSET_GROSS_FLOWS
3303298,2015-06-30,78204206.0,89183.0,31578.0,10635822.0,,15946005.0,0.14910110184800782,106947600.0,41713884.0,19446.0,12365.0,7081.0,2,,0,0,0,0,0,0.5333969377554961,57605.0,-50524.0,-69737.0,-19213.0,50.0,False,False,PASS_SUBSET_GROSS_FLOWS
3303298,2015-09-30,78389149.0,87756.0,33621.0,10780262.0,,16171412.0,0.154125357307058,104923760.0,41352846.0,18200.0,15440.0,2760.0,2,,0,0,0,0,0,0.527532783906099,54135.0,-51375.0,-69556.0,-18181.0,50.0,False,False,PASS_SUBSET_GROSS_FLOWS
3303298,2015-12-31,79691079.0,91282.0,33844.0,10754020.0,,16043827.0,0.14846498880851186,108064717.0,42308831.0,18724.0,15988.0,2736.0,2,,0,0,0,0,0,0.5309105050516382,57438.0,-54702.0,-72558.0,-17856.0,50.0,False,False,PASS_SUBSET_GROSS_FLOWS
3303298,2016-03-31,81788652.0,89833.0,29326.0,10894546.0,,16313441.0,0.14923538987247392,109313488.0,44200474.0,11275.0,9551.0,1724.0,2,,0,0,0,0,0,0.5404230650481927,60507.0,-58783.0,-78558.0,-19775.0,50.0,False,False,PASS_SUBSET_GROSS_FLOWS
3303298,2016-06-30,84189441.0,85045.0,33511.0,11038827.0,,16518385.0,0.14619057335273822,112992135.0,46119539.0,14762.0,11272.0,3490.0,2,,0,0,0,0,0,0.5478066899149503,51534.0,-48044.0,-70283.0,-22239.0,50.0,False,False,PASS_SUBSET_GROSS_FLOWS
3303298,2016-09-30,85757582.0,101481.0,48540.0,11152791.0,,16605100.0,0.14489044838528967,114604518.0,47092182.0,22309.0,28234.0,-5925.0,2,,0,0,0,0,0,0.5491314109112825,52941.0,-58866.0,-79172.0,-20306.0,50.0,False,False,PASS_SUBSET_GROSS_FLOWS
3303298,2016-12-31,87840320.0,113298.0,33939.0,11248199.0,,16340283.0,0.13973243617427458,116939799.0,48404256.0,11249.0,10089.0,1160.0,2,,0,0,0,0,0,0.5510482657622376,79359.0,-78199.0,-102049.0,-23850.0,50.0,False,False,PASS_SUBSET_GROSS_FLOWS
3303298,2017-03-31,88545466.0,97357.0,33434.0,11364353.0,,16437701.0,0.1390194401139273,118240305.0,49139056.0,12780.0,9298.0,3482.0,2,,0,0,0,0,0,0.554958466196338,63923.0,-60441.0,-84577.0,-24136.0,50.0,False,False,PASS_SUBSET_GROSS_FLOWS
3303298,2017-06-30,89728930.0,103273.0,37293.0,11462446.0,,16600197.0,0.13817631749784104,120137787.0,51882021.0,5960.0,11983.0,-6023.0,2,,0,0,0,0,0,0.5782083994537771,65980.0,-72003.0,-97313.0,-25310.0,50.0,False,False,PASS_SUBSET_GROSS_FLOWS
3303298,2017-09-30,92067893.0,95983.0,36588.0,11538855.0,,16681325.0,0.13817657719637708,120724694.0,53499794.0,17017.0,11477.0,5540.0,2,,0,0,0,0,0,0.581090674031174,59395.0,-53855.0,-78966.0,-25111.0,50.0,False,False,PASS_SUBSET_GROSS_FLOWS
3303298,2017-12-31,92342654.0,107747.0,36288.0,11918175.0,,16956216.0,0.13898993751409727,121995997.0,53014660.0,5772.0,9768.0,-3996.0,2,,0,0,0,0,0,0.5741080389567318,71459.0,-75455.0,-101975.0,-26520.0,50.0,False,False,PASS_SUBSET_GROSS_FLOWS
3303298,2018-03-31,93609958.0,95236.0,31431.0,11789866.0,,16608877.0,0.13566166212814643,122428671.0,54470843.0,4667.0,7511.0,-2844.0,2,,0,0,0,0,0,0.5818915440598745,63805.0,-66649.0,-90569.0,-23920.0,50.0,False,False,PASS_SUBSET_GROSS_FLOWS
3303298,2018-06-30,95427697.0,104139.0,33550.0,11900303.0,,16678187.0,0.1345871977796573,123921051.0,56261456.0,3926.0,7413.0,-3487.0,2,,0,0,0,0,0,0.5895715580351897,70589.0,-74076.0,-100213.0,-26137.0,50.0,False,False,PASS_SUBSET_GROSS_FLOWS
3303298,2018-09-30,97535201.0,103700.0,31614.0,11889350.0,,16689878.0,0.13152963822189387,126890625.0,57868410.0,7697.0,7226.0,471.0,2,,0,0,0,0,0,0.5933079483785552,72086.0,-71615.0,-96003.0,-24388.0,50.0,False,False,PASS_SUBSET_GROSS_FLOWS
3303298,2018-12-31,99758791.0,112783.0,32941.0,11994323.0,,16888246.0,0.13048509111722006,129426633.0,61555924.0,6722.0,7928.0,-1206.0,2,,0,0,0,0,0,0.6170476143801703,79842.0,-81048.0,-106061.0,-25013.0,50.0,False,False,PASS_SUBSET_GROSS_FLOWS
3303298,2019-03-31,118705181.0,137792.0,49191.0,15004531.0,,20995479.0,0.13008081065081714,161403353.0,73915408.0,25304.0,15602.0,9702.0,2,,0,0,0,0,0,0.6226805551141024,88601.0,-78899.0,-112488.0,-33589.0,50.0,False,False,PASS_SUBSET_GROSS_FLOWS
3303298,2019-06-30,118921125.0,156570.0,49702.0,15166132.0,,21454089.0,0.13159960800728338,163025478.0,74358501.0,4866.0,8676.0,-3810.0,2,,0,0,0,0,0,0.6252757951961857,106868.0,-110678.0,-151704.0,-41026.0,50.0,False,False,PASS_SUBSET_GROSS_FLOWS
3303298,2019-09-30,119745045.0,158506.0,45803.0,15357515.0,,21689108.0,0.13172664112287508,164652403.0,73847035.0,29256.0,9170.0,20086.0,2,,0,0,0,0,0,0.6167022192859838,112703.0,-92617.0,-129250.0,-36633.0,50.0,False,False,PASS_SUBSET_GROSS_FLOWS
3303298,2019-12-31,122272109.0,162013.0,40298.0,15610419.0,,21972510.0,0.1325702287337238,165742416.0,75470739.0,14997.0,8431.0,6566.0,2,,0,0,0,0,0,0.617235930722353,121715.0,-115149.0,-147016.0,-31867.0,50.0,False,False,PASS_SUBSET_GROSS_FLOWS
3303298,2020-03-31,130844303.0,174046.0,36767.0,15471428.0,,21872254.0,0.1238291033285026,176632580.0,83389711.0,2832.0,6434.0,-3602.0,2,,0,0,0,0,0,0.6373201514169096,137279.0,-140881.0,-171214.0,-30333.0,50.0,False,False,PASS_SUBSET_GROSS_FLOWS
3303298,2020-06-30,131254637.0,180916.0,33340.0,15806286.0,,22127368.0,0.12303835298629863,179841224.0,84063295.0,19774.0,8068.0,11706.0,2,,0,0,0,0,0,0.6404596204856366,147576.0,-135870.0,-161142.0,-25272.0,50.0,False,False,PASS_SUBSET_GROSS_FLOWS
3303298,2020-09-30,128615149.0,257045.0,38605.0,15889983.0,,22073640.0,0.12320413261776504,179163146.0,81516821.0,14988.0,8335.0,6653.0,2,,0,0,0,0,0,0.6338041951807715,218440.0,-211787.0,-242057.0,-30270.0,50.0,False,False,PASS_SUBSET_GROSS_FLOWS
3303298,2020-12-31,128081219.0,230999.0,41242.0,16031289.0,,22163855.0,0.12087223708957556,183365970.0,80146149.0,73984.0,9290.0,64694.0,2,,0,0,0,0,0,0.625744739359484,189757.0,-125063.0,-157015.0,-31952.0,50.0,False,False,PASS_SUBSET_GROSS_FLOWS
3303298,2021-03-31,127613063.0,227443.0,69591.0,16265137.0,,22119709.0,0.11817195769691706,187182386.0,79829046.0,17730.0,35406.0,-17676.0,2,,0,0,0,0,0,0.6255554417653936,157852.0,-175528.0,-209713.0,-34185.0,50.0,False,False,PASS_SUBSET_GROSS_FLOWS
3303298,2021-06-30,126247269.0,124793.0,46411.0,16545304.0,,22498327.0,0.12158880415236431,185036173.0,77814297.0,2802.0,11023.0,-8221.0,2,,0,0,0,0,0,0.6163642003218304,78382.0,-86603.0,-121991.0,-35388.0,50.0,False,False,PASS_SUBSET_GROSS_FLOWS
3303298,2021-09-30,126609978.0,86494.0,43219.0,16792066.0,,22636175.0,0.12098230458274017,187103189.0,77496582.0,8487.0,11202.0,-2715.0,2,,0,0,0,0,0,0.6120890566776657,43275.0,-45990.0,-78007.0,-32017.0,50.0,False,False,PASS_SUBSET_GROSS_FLOWS
3303298,2021-12-31,131631131.0,100244.0,55156.0,17039056.0,,22741867.0,0.12092258677566331,188069637.0,81320564.0,1315.0,17922.0,-16607.0,2,,0,0,0,0,0,0.6177912730993704,45088.0,-61695.0,-98929.0,-37234.0,50.0,False,False,PASS_SUBSET_GROSS_FLOWS
3303298,2022-03-31,133059285.0,101975.0,42411.0,17226281.0,,21599475.0,0.11257403349364248,191869069.0,81862615.0,2695.0,8732.0,-6037.0,2,,0,0,0,0,0,0.6152341416835361,59564.0,-65601.0,-99280.0,-33679.0,50.0,False,False,PASS_SUBSET_GROSS_FLOWS
3303298,2022-06-30,159653493.0,91163.0,42489.0,19865135.0,,24142209.0,0.1065732812873051,226531535.0,107099808.0,1881.0,9684.0,-7803.0,2,,0,0,0,0,0,0.6708265881786877,48674.0,-56477.0,-89282.0,-32805.0,50.0,False,False,PASS_SUBSET_GROSS_FLOWS
3303298,2022-09-30,158181469.0,116023.0,41993.0,20457737.0,,23198766.0,0.10334453765018826,224479847.0,106563512.0,3463.0,5001.0,-1538.0,2,,0,0,0,0,0,0.6736788618393726,74030.0,-75568.0,-112560.0,-36992.0,50.0,False,False,PASS_SUBSET_GROSS_FLOWS
3303298,2022-12-31,157774068.0,126010.0,38076.0,20669014.0,,23673882.0,0.10456588178304807,226401591.0,106355765.0,1654.0,5927.0,-4273.0,2,,0,0,0,0,0,0.6741016844415776,87934.0,-92207.0,-124356.0,-32149.0,50.0,False,False,PASS_SUBSET_GROSS_FLOWS
3303298,2023-03-31,156701771.0,170674.0,37640.0,20232597.0,,23954688.0,0.1079258608206465,221955033.0,105986720.0,5905.0,3739.0,2166.0,2,,0,0,0,0,0,0.6763594267227522,133034.0,-130868.0,-164769.0,-33901.0,50.0,False,False,PASS_SUBSET_GROSS_FLOWS
3303298,2023-06-30,152946608.0,189522.0,37047.0,19761266.0,,22856559.0,0.10260923940023009,222753420.0,102954585.0,68843.0,4521.0,64322.0,2,,0,0,0,0,0,0.6731406884159209,152475.0,-88153.0,-120679.0,-32526.0,50.0,False,False,PASS_SUBSET_GROSS_FLOWS
3303298,2023-09-30,150864989.0,191057.0,37793.0,19490175.0,,21898774.0,0.09734709989665649,224955587.0,101436581.0,62301.0,7301.0,55000.0,2,,0,0,0,0,0,0.6723666085310224,153264.0,-98264.0,-128756.0,-30492.0,50.0,False,False,PASS_SUBSET_GROSS_FLOWS
3303298,2023-12-31,146993725.0,205522.0,35255.0,19410992.0,,23288619.0,0.10502184159941669,221750244.0,98787717.0,59631.0,4604.0,55027.0,2,,0,0,0,0,0,0.6720539737325522,170267.0,-115240.0,-145891.0,-30651.0,50.0,False,False,PASS_SUBSET_GROSS_FLOWS
3303298,2024-03-31,143992207.0,231316.0,50508.0,19407602.0,,22966800.0,0.10432224065792944,220152480.0,97292497.0,90740.0,4871.0,85869.0,2,,0,0,0,0,0,0.6756789067063886,180808.0,-94939.0,-140576.0,-45637.0,50.0,False,False,PASS_SUBSET_GROSS_FLOWS
3303298,2024-06-30,142808840.0,222582.0,38305.0,19596228.0,,23171702.0,0.10550141066697723,219634049.0,96781126.0,87498.0,4268.0,83230.0,2,,0,0,0,0,0,0.6776970249180653,184277.0,-101047.0,-135084.0,-34037.0,50.0,False,False,PASS_SUBSET_GROSS_FLOWS
3303298,2024-09-30,142563364.0,231284.0,39250.0,19908069.0,,24688035.0,0.11245540815502252,219536218.0,97113550.0,51713.0,9478.0,42235.0,2,,0,0,0,0,0,0.6811956962519488,192034.0,-149799.0,-179571.0,-29772.0,50.0,False,False,PASS_SUBSET_GROSS_FLOWS
3303298,2024-12-31,140207536.0,237882.0,48824.0,20249560.0,,24388980.0,0.11229903761317278,217178887.0,84801037.0,92001.0,11590.0,80411.0,2,,0,0,0,0,0,0.604825100128712,189058.0,-108647.0,-145881.0,-37234.0,50.0,False,False,PASS_SUBSET_GROSS_FLOWS
3303298,2025-03-31,140555719.0,233937.0,33678.0,20492047.0,,25408466.0,0.11548547242309494,220014392.0,85259969.0,52632.0,3477.0,49155.0,2,,0,0,0,0,0,0.6065919594491919,200259.0,-151104.0,-181305.0,-30201.0,50.0,False,False,PASS_SUBSET_GROSS_FLOWS
3303298,2025-06-30,141521047.0,201007.0,34111.0,20714112.0,,25936975.0,0.11899331658072328,217970015.0,85485445.0,54635.0,3935.0,50700.0,2,,0,0,0,0,0,0.6040475732206815,166896.0,-116196.0,-146372.0,-30176.0,50.0,False,False,PASS_SUBSET_GROSS_FLOWS
3303298,2025-09-30,142324909.0,194969.0,32748.0,20823299.0,,26409305.0,0.1189015667938057,222110656.0,85691614.0,59336.0,6333.0,53003.0,2,,0,0,0,0,0,0.6020844460894754,162221.0,-109218.0,-135633.0,-26415.0,50.0,False,False,PASS_SUBSET_GROSS_FLOWS
3303298,2025-12-31,144107700.0,187122.0,33015.0,20946432.0,,26838113.0,0.11882440819812,225863637.0,87176400.0,48168.0,5744.0,42424.0,2,,0,0,0,0,0,0.6049392225398088,154107.0,-111683.0,-138954.0,-27271.0,50.0,False,False,PASS_SUBSET_GROSS_FLOWS
339858,2005-03-31,5915126.0,3955.0,1883.0,911555.0,0.0956,869749.0,0.07073991309493068,12295025.0,4016828.0,2060.0,742.0,1318.0,3,,0,0,0,0,0,0.6790773349544879,2072.0,-754.0,-1895.0,-1141.0,50.0,False,False,PASS_SUBSET_GROSS_FLOWS
339858,2005-06-30,6166231.0,2780.0,2080.0,816832.0,0.0819,795119.0,0.061766285564870294,12873026.0,4194049.0,716.0,1149.0,-433.0,3,,0,0,0,0,0,0.6801641067290538,700.0,-1133.0,-2064.0,-931.0,50.0,False,False,PASS_SUBSET_GROSS_FLOWS
339858,2005-09-30,6392875.0,3324.0,1587.0,865897.0,0.082698,830267.0,0.06273031811874401,13235498.0,4358316.0,783.0,647.0,136.0,3,,0,0,0,0,0,0.6817458498719278,1737.0,-1601.0,-2541.0,-940.0,50.0,False,False,PASS_SUBSET_GROSS_FLOWS
339858,2005-12-31,6529329.0,8388.0,1543.0,895653.0,0.084048,843396.0,0.06493071765643496,12989168.0,4446784.0,5406.0,592.0,4814.0,3,,0,0,0,0,0,0.6810476237297891,6845.0,-2031.0,-2982.0,-951.0,50.0,False,False,PASS_SUBSET_GROSS_FLOWS
339858,2006-03-31,6556809.0,3026.0,1888.0,931785.0,0.087524,861172.0,0.0661971476956963,13009201.0,4436377.0,1084.0,615.0,469.0,3,,0,0,0,0,0,0.6766061051953778,1138.0,-669.0,-1942.0,-1273.0,50.0,False,False,PASS_SUBSET_GROSS_FLOWS
339858,2006-06-30,7018288.0,3135.0,1534.0,971446.0,0.089774,872679.0,0.06505244947337332,13415006.0,4823093.0,998.0,488.0,510.0,3,,0,0,0,0,0,0.6872178799160137,1601.0,-1091.0,-2137.0,-1046.0,50.0,False,False,PASS_SUBSET_GROSS_FLOWS
339858,2006-09-30,7233943.0,4675.0,3209.0,1016356.0,0.088657,960242.0,0.07063994177793148,13593471.0,5026876.0,2369.0,1942.0,427.0,3,,0,0,0,0,0,0.6949012454203745,1466.0,-1039.0,-2306.0,-1267.0,50.0,False,False,PASS_SUBSET_GROSS_FLOWS
339858,2006-12-31,7731270.0,2941.0,2183.0,1017728.0,0.085832,960257.0,0.06684261524132776,14365940.0,5475176.0,155.0,1357.0,-1202.0,3,,0,0,0,0,0,0.7081858478619942,758.0,-1960.0,-2786.0,-826.0,50.0,False,False,PASS_SUBSET_GROSS_FLOWS
339858,2007-03-31,7972109.0,3262.0,1674.0,1057703.0,0.088863,1020240.0,0.07251502555908726,14069360.0,5654645.0,1268.0,500.0,768.0,3,,0,0,0,0,0,0.709303523070244,1588.0,-820.0,-1994.0,-1174.0,50.0,False,False,PASS_SUBSET_GROSS_FLOWS
339858,2007-06-30,7958206.0,7137.0,1599.0,903017.0,0.075881,835162.0,0.05866590390028703,14235901.0,5648420.0,4572.0,615.0,3957.0,3,,0,0,0,0,0,0.7097604661151018,5538.0,-1581.0,-2565.0,-984.0,50.0,False,False,PASS_SUBSET_GROSS_FLOWS
339858,2007-09-30,7879030.0,3980.0,1780.0,928572.0,0.079716,890607.0,0.0634021123857324,14046961.0,5597704.0,1729.0,962.0,767.0,3,,0,0,0,0,0,0.7104559825257678,2200.0,-1433.0,-2251.0,-818.0,50.0,False,False,PASS_SUBSET_GROSS_FLOWS
339858,2007-12-31,8050391.0,6371.0,1060.0,937477.0,0.076442,920400.0,0.06282973408291218,14649115.0,5681319.0,3946.0,120.0,3826.0,3,,0,0,0,0,0,0.7057196352326242,5311.0,-1485.0,-2425.0,-940.0,50.0,False,False,PASS_SUBSET_GROSS_FLOWS
339858,2008-03-31,8222988.0,7761.0,1469.0,968229.0,0.075434,955317.0,0.06380695310422684,14971989.0,4490191.0,762.0,34.0,728.0,2,,0,0,0,0,0,0.546053454048577,6292.0,-5564.0,-6999.0,-1435.0,50.0,False,False,PASS_SUBSET_GROSS_FLOWS
339858,2008-06-30,8251957.0,37803.0,1572.0,940850.0,0.070225,903809.0,0.056165099138677815,16092004.0,4513721.0,1407.0,102.0,1305.0,2,,0,0,0,0,0,0.5469879447990338,36231.0,-34926.0,-36396.0,-1470.0,50.0,False,False,PASS_SUBSET_GROSS_FLOWS
339858,2008-09-30,8385988.0,28439.0,13085.0,995186.0,0.076807,934720.0,0.05768961343786819,16202570.0,4695406.0,9061.0,11315.0,-2254.0,3,,0,0,0,0,0,0.5599108894503546,15354.0,-17608.0,-19378.0,-1770.0,50.0,False,False,PASS_SUBSET_GROSS_FLOWS
339858,2008-12-31,8495157.0,16588.0,1169.0,1032120.0,0.079578,892395.0,0.05372452277528569,16610571.0,4811426.0,6948.0,191.0,6757.0,3,,0,0,0,0,0,0.5663728168884931,15419.0,-8662.0,-9640.0,-978.0,50.0,False,False,PASS_SUBSET_GROSS_FLOWS
339858,2009-03-31,8386934.0,23365.0,1583.0,1022814.0,0.080845,925486.0,0.05647136553366492,16388589.0,6132272.0,8066.0,161.0,7905.0,3,,0,0,0,0,0,0.7311696980088314,21782.0,-13877.0,-15299.0,-1422.0,50.0,False,False,PASS_SUBSET_GROSS_FLOWS
339858,2009-06-30,8078731.0,25646.0,1576.0,1034981.0,0.081938,1001634.0,0.06316286119562178,15857958.0,5960120.0,7763.0,385.0,7378.0,3,,0,0,0,0,0,0.737754481489729,24070.0,-16692.0,-17883.0,-1191.0,50.0,False,False,PASS_SUBSET_GROSS_FLOWS
339858,2009-09-30,7564587.0,31360.0,1822.0,1047629.0,0.086812,1088692.0,0.06420916807732853,16955398.0,5574718.0,13897.0,808.0,13089.0,3,,0,0,0,0,0,0.7369494197105539,29538.0,-16449.0,-17463.0,-1014.0,50.0,False,False,PASS_SUBSET_GROSS_FLOWS
339858,2009-12-31,7439053.0,23110.0,1792.0,1079037.0,0.091809,1106902.0,0.06736912859842034,16430404.0,5731774.0,14918.0,676.0,14242.0,3,,0,0,0,0,0,0.7704978039543474,21318.0,-7076.0,-8192.0,-1116.0,50.0,False,False,PASS_SUBSET_GROSS_FLOWS
339858,2010-03-31,7261918.0,26397.0,4192.0,1113417.0,0.096966,1189387.0,0.07146193465805925,16643644.0,5588782.0,22486.0,2153.0,20333.0,3,,0,0,0,0,0,0.7696013642676769,22205.0,-1872.0,-3911.0,-2039.0,50.0,False,False,PASS_SUBSET_GROSS_FLOWS
339858,2010-06-30,7236015.0,29538.0,1650.0,1132546.0,0.099961,1259562.0,0.07578132901333837,16621007.0,5676063.0,22956.0,663.0,22293.0,3,,0,0,0,0,0,0.7844183573417136,27888.0,-5595.0,-6582.0,-987.0,50.0,False,False,PASS_SUBSET_GROSS_FLOWS
339858,2010-09-30,7339466.0,16189.0,3806.0,1170217.0,0.102805,1307757.0,0.07425895889582076,17610764.0,5741688.0,11016.0,2202.0,8814.0,3,,0,0,0,0,0,0.7823032356849939,12383.0,-3569.0,-5173.0,-1604.0,50.0,False,False,PASS_SUBSET_GROSS_FLOWS
339858,2010-12-31,7138852.0,13077.0,3224.0,1017459.0,0.089675,1126603.0,0.06469095823097516,17415154.0,5609035.0,7870.0,2161.0,5709.0,3,,0,0,0,0,0,0.7857054607659607,9853.0,-4144.0,-5207.0,-1063.0,50.0,False,False,PASS_SUBSET_GROSS_FLOWS
339858,2011-03-31,10703822.0,15232.0,4914.0,1821032.0,0.111374,2281204.0,0.09686976839622129,23549184.0,8594304.0,9062.0,922.0,8140.0,2,,0,0,0,0,0,0.8029191815783184,10318.0,-2178.0,-6170.0,-3992.0,50.0,False,False,PASS_SUBSET_GROSS_FLOWS
339858,2011-06-30,10894999.0,12774.0,4256.0,1893345.0,0.115583,2391531.0,0.09941809057384052,24055290.0,8844381.0,6195.0,410.0,5785.0,2,,0,0,0,0,0,0.8117835531696699,8518.0,-2733.0,-6579.0,-3846.0,50.0,False,False,PASS_SUBSET_GROSS_FLOWS
339858,2011-09-30,11360740.0,14023.0,3869.0,1981340.0,0.116312,2501784.0,0.10064031188800268,24858667.0,9217005.0,5642.0,1061.0,4581.0,2,,0,0,0,0,0,0.8113032249659793,10154.0,-5573.0,-8381.0,-2808.0,50.0,False,False,PASS_SUBSET_GROSS_FLOWS
339858,2011-12-31,11430583.0,14771.0,5311.0,1775182.0,0.10306,2261296.0,0.08916782685993008,25359999.0,9443774.0,9441.0,1351.0,8090.0,2,,0,0,0,0,0,0.8261848061468081,9460.0,-1370.0,-5330.0,-3960.0,50.0,False,False,PASS_SUBSET_GROSS_FLOWS
339858,2012-03-31,11810939.0,13674.0,5189.0,1857353.0,0.102974,2374683.0,0.09227809779776415,25733983.0,9819038.0,6330.0,1349.0,4981.0,2,,0,0,0,0,0,0.8313511736873758,8485.0,-3504.0,-7344.0,-3840.0,50.0,False,False,PASS_SUBSET_GROSS_FLOWS
339858,2012-06-30,11824513.0,11543.0,6703.0,1955067.0,0.110591,2452262.0,0.09648855766788622,25415055.0,9801935.0,3909.0,3141.0,768.0,2,,0,0,0,0,0,0.828950418507722,4840.0,-4072.0,-7634.0,-3562.0,50.0,False,False,PASS_SUBSET_GROSS_FLOWS
339858,2012-09-30,12147415.0,8921.0,10303.0,2042810.0,0.111289,2560830.0,0.09528303526044934,26876033.0,10075997.0,3051.0,4847.0,-1796.0,2,,0,0,0,0,0,0.8294766417381805,-1382.0,-414.0,-5870.0,-5456.0,50.0,False,False,PASS_SUBSET_GROSS_FLOWS
339858,2012-12-31,12606174.0,8000.0,3724.0,1849768.0,0.097657,2357049.0,0.08437488992473788,27935432.0,10473202.0,4259.0,459.0,3800.0,2,,0,0,0,0,0,0.8307994162225589,4276.0,-476.0,-3741.0,-3265.0,50.0,False,False,PASS_SUBSET_GROSS_FLOWS
339858,2013-03-31,12354641.0,8909.0,6557.0,1933179.0,0.103731,2423419.0,0.08916954347862402,27177654.0,10280428.0,6465.0,1322.0,5143.0,2,,0,0,0,0,0,0.8321106214255841,2352.0,2791.0,-2444.0,-5235.0,50.0,False,False,PASS_SUBSET_GROSS_FLOWS
339858,2013-06-30,12723468.0,8552.0,6210.0,2012496.0,0.105668,2391346.0,0.08680395776035794,27548813.0,10625695.0,6013.0,1862.0,4151.0,2,,0,0,0,0,0,0.8351256905742994,2342.0,1809.0,-2539.0,-4348.0,50.0,False,False,PASS_SUBSET_GROSS_FLOWS
339858,2013-09-30,12551909.0,4708.0,4409.0,2098384.0,0.10899,2447097.0,0.0909297137087218,26911962.0,10438048.0,1591.0,1520.0,71.0,2,,0,0,0,0,0,0.8315904775918946,299.0,-228.0,-3117.0,-2889.0,50.0,False,False,PASS_SUBSET_GROSS_FLOWS
339858,2013-12-31,12958843.0,3113.0,6068.0,1946248.0,0.100803,2274067.0,0.08486819953873963,26795278.0,10625493.0,698.0,2440.0,-1742.0,2,,0,0,0,0,0,0.819941487060226,-2955.0,1213.0,-2415.0,-3628.0,50.0,False,False,PASS_SUBSET_GROSS_FLOWS
339858,2014-03-31,13272915.0,2848.0,5360.0,,,2390149.0,0.08800347043431571,27159713.0,11014365.0,1222.0,1132.0,90.0,2,,0,0,0,0,0,0.8298376807204747,-2512.0,2602.0,-1626.0,-4228.0,50.0,False,False,PASS_SUBSET_GROSS_FLOWS
339858,2014-06-30,13721041.0,3522.0,5524.0,,,2529012.0,0.09158567402607844,27613620.0,11316557.0,1054.0,1145.0,-91.0,2,,0,0,0,0,0,0.8247593604596036,-2002.0,1911.0,-2468.0,-4379.0,50.0,False,False,PASS_SUBSET_GROSS_FLOWS
339858,2014-09-30,14024158.0,2638.0,3114.0,,,2583248.0,0.08944303700695753,28881488.0,11505462.0,877.0,368.0,509.0,2,,0,0,0,0,0,0.8204030502223377,-476.0,985.0,-1761.0,-2746.0,50.0,False,False,PASS_SUBSET_GROSS_FLOWS
339858,2014-12-31,14481629.0,4224.0,5036.0,,,2610222.0,0.09015169893523665,28953664.0,11960563.0,2390.0,1573.0,817.0,2,,0,0,0,0,0,0.825912816852303,-812.0,1629.0,-1834.0,-3463.0,50.0,False,False,PASS_SUBSET_GROSS_FLOWS
339858,2015-03-31,15163101.0,2169.0,10523.0,2313664.0,,2744134.0,0.0910259859201883,30146710.0,12470473.0,791.0,8993.0,-8202.0,3,,0,0,0,0,0,0.822422339599268,-8354.0,152.0,-1378.0,-1530.0,50.0,False,False,PASS_SUBSET_GROSS_FLOWS
339858,2015-06-30,15589038.0,2877.0,2206.0,2395831.0,,2788226.0,0.09107144017840978,30615811.0,12794095.0,1596.0,827.0,769.0,3,,0,0,0,0,0,0.8207110021798651,671.0,98.0,-1281.0,-1379.0,50.0,False,False,PASS_SUBSET_GROSS_FLOWS
339858,2015-09-30,15692566.0,5274.0,3521.0,2471262.0,,2898398.0,0.09548225076171887,30355359.0,12810499.0,3934.0,2238.0,1696.0,3,,0,0,0,0,0,0.8163418908035818,1753.0,-57.0,-1340.0,-1283.0,50.0,False,False,PASS_SUBSET_GROSS_FLOWS
339858,2015-12-31,16214678.0,4851.0,1870.0,2385323.0,,2746810.0,0.08783357242217493,31272894.0,13156644.0,2593.0,1074.0,1519.0,3,,0,0,0,1,1,0.8114033470168202,2981.0,-1462.0,-2258.0,-796.0,50.0,False,False,PASS_SUBSET_GROSS_FLOWS
339858,2016-03-31,16313951.0,23991.0,1519.0,2426738.0,,2865431.0,0.0918090924685767,31210754.0,13244468.0,22570.0,623.0,21947.0,3,,0,0,0,0,0,0.811849195820191,22472.0,-525.0,-1421.0,-896.0,50.0,False,False,PASS_SUBSET_GROSS_FLOWS
339858,2016-06-30,16798666.0,8845.0,1386.0,2492827.0,,2955813.0,0.09290038970973204,31817014.0,13810895.0,7659.0,515.0,7144.0,3,,0,0,0,1,1,0.8221423653521059,7459.0,-315.0,-1186.0,-871.0,50.0,False,False,PASS_SUBSET_GROSS_FLOWS
339858,2016-09-30,16871380.0,8101.0,2038.0,2567307.0,,3007182.0,0.09204891514506652,32669391.0,13811274.0,6502.0,757.0,5745.0,3,,0,0,0,1,1,0.8186214761329541,6063.0,-318.0,-1599.0,-1281.0,50.0,False,False,PASS_SUBSET_GROSS_FLOWS
339858,2016-12-31,16947316.0,1651.0,2812.0,2609450.0,,2942960.0,0.09150894865827339,32160352.0,13636580.0,289.0,1828.0,-1539.0,3,,0,0,0,0,0,0.8046454081578464,-1161.0,-378.0,-1362.0,-984.0,50.0,False,False,PASS_SUBSET_GROSS_FLOWS
339858,2017-03-31,17198549.0,2153.0,2900.0,2746978.0,,3161759.0,0.09627689103277443,32840269.0,14110749.0,659.0,1840.0,-1181.0,3,,0,0,0,0,0,0.820461598242968,-747.0,-434.0,-1494.0,-1060.0,50.0,False,False,PASS_SUBSET_GROSS_FLOWS
339858,2017-06-30,17425785.0,2872.0,1214.0,2767104.0,,3193550.0,0.09881356577781643,32318943.0,14453592.0,1818.0,495.0,1323.0,3,,0,0,0,0,0,0.8294370669671409,1658.0,-335.0,-1054.0,-719.0,50.0,False,False,PASS_SUBSET_GROSS_FLOWS
339858,2017-09-30,17438918.0,5825.0,2437.0,2863091.0,,3287842.0,0.09932602782682304,33101515.0,14348525.0,4580.0,1758.0,2822.0,3,,0,0,0,0,0,0.8227875720271177,3388.0,-566.0,-1245.0,-679.0,50.0,False,False,PASS_SUBSET_GROSS_FLOWS
339858,2017-12-31,17333179.0,14749.0,3062.0,2870694.0,,3255912.0,0.10106046204875331,32217466.0,14203407.0,13444.0,2304.0,11140.0,3,,0,0,0,0,0,0.8194346230428936,11687.0,-547.0,-1305.0,-758.0,50.0,False,False,PASS_SUBSET_GROSS_FLOWS
339858,2018-03-31,17519558.0,2890.0,1576.0,2977926.0,,3295364.0,0.09917859698041603,33226564.0,14383266.0,1660.0,882.0,778.0,3,,0,0,0,0,0,0.8209833832565867,1314.0,-536.0,-1230.0,-694.0,50.0,False,False,PASS_SUBSET_GROSS_FLOWS
339858,2018-06-30,18183748.0,15105.0,4578.0,2968202.0,,3260646.0,0.09665414373969307,33735191.0,15231959.0,13910.0,3478.0,10432.0,3,,0,0,0,0,0,0.8376688348298712,10527.0,-95.0,-1195.0,-1100.0,50.0,False,False,PASS_SUBSET_GROSS_FLOWS
339858,2018-09-30,18479206.0,11073.0,2092.0,2842415.0,,3106928.0,0.0944244776772414,32903841.0,15440616.0,9692.0,1417.0,8275.0,3,,0,0,0,0,0,0.8355670692777601,8981.0,-706.0,-1381.0,-675.0,50.0,False,False,PASS_SUBSET_GROSS_FLOWS
339858,2018-12-31,18844619.0,14515.0,2168.0,2894119.0,,3247013.0,0.09520909293337894,34104022.0,15639042.0,12992.0,1359.0,11633.0,3,,0,0,0,0,0,0.8298943056370628,12347.0,-714.0,-1523.0,-809.0,50.0,False,False,PASS_SUBSET_GROSS_FLOWS
339858,2019-03-31,21874110.0,11775.0,1689.0,3238040.0,,4326433.0,0.10876221479046239,39778824.0,17928113.0,10479.0,750.0,9729.0,3,,0,0,0,0,0,0.8196042261833738,10086.0,-357.0,-1296.0,-939.0,50.0,False,False,PASS_SUBSET_GROSS_FLOWS
339858,2019-06-30,22453588.0,13227.0,5503.0,3345693.0,,4532836.0,0.10854303894388807,41760725.0,18218003.0,11867.0,4596.0,7271.0,3,,0,0,0,0,0,0.8113626650671598,7724.0,-453.0,-1360.0,-907.0,50.0,False,False,PASS_SUBSET_GROSS_FLOWS
339858,2019-09-30,22528307.0,11707.0,1066.0,3385500.0,,4604638.0,0.10700516948801797,43031921.0,18395962.0,10039.0,319.0,9720.0,3,,0,0,0,0,0,0.8165709922188117,10641.0,-921.0,-1668.0,-747.0,50.0,False,False,PASS_SUBSET_GROSS_FLOWS
339858,2019-12-31,21878530.0,14268.0,1816.0,3414446.0,,4602977.0,0.1094017630718172,42074066.0,17921361.0,12595.0,1005.0,11590.0,3,,0,0,0,0,0,0.8191300329592528,12452.0,-862.0,-1673.0,-811.0,50.0,False,False,PASS_SUBSET_GROSS_FLOWS
339858,2020-03-31,22647916.0,18917.0,1696.0,3513978.0,,4859968.0,0.10350210847535364,46955256.0,18649338.0,17472.0,973.0,16499.0,3,,0,0,0,0,0,0.8234460954376552,17221.0,-722.0,-1445.0,-723.0,50.0,False,False,PASS_SUBSET_GROSS_FLOWS
339858,2020-06-30,24360734.0,15570.0,1491.0,3568679.0,,4920301.0,0.1078495699257339,45621888.0,20461876.0,14098.0,827.0,13271.0,3,,0,0,0,0,0,0.8399531803926762,14079.0,-808.0,-1472.0,-664.0,50.0,False,False,PASS_SUBSET_GROSS_FLOWS
339858,2020-09-30,23996441.0,26661.0,4232.0,3677103.0,,5026240.0,0.10964549373521323,45840826.0,20351715.0,25778.0,3699.0,22079.0,3,,0,0,0,0,0,0.8481138932227491,22429.0,-350.0,-883.0,-533.0,50.0,False,False,PASS_SUBSET_GROSS_FLOWS
339858,2020-12-31,23175164.0,18251.0,1592.0,3756950.0,,5079336.0,0.10927248785098964,46483210.0,19557518.0,17013.0,940.0,16073.0,3,,0,0,0,0,0,0.8438998748833018,16659.0,-586.0,-1238.0,-652.0,50.0,False,False,PASS_SUBSET_GROSS_FLOWS
339858,2021-03-31,22721872.0,16905.0,2437.0,3894442.0,,5092021.0,0.1077929379024,47238911.0,19117405.0,15438.0,1728.0,13710.0,3,,0,0,0,0,0,0.8413657554271937,14468.0,-758.0,-1467.0,-709.0,50.0,False,False,PASS_SUBSET_GROSS_FLOWS
339858,2021-06-30,21540944.0,18304.0,2856.0,3942069.0,,5156373.0,0.10992161616575048,46909545.0,17974498.0,17306.0,2180.0,15126.0,3,,0,0,0,0,0,0.8344340897966217,15448.0,-322.0,-998.0,-676.0,50.0,False,False,PASS_SUBSET_GROSS_FLOWS
339858,2021-09-30,20458977.0,5020.0,1769.0,3872357.0,,5047556.0,0.10801299214431669,46731008.0,16883980.0,3847.0,978.0,2869.0,3,,0,0,0,0,0,0.8252602268432092,3251.0,-382.0,-1173.0,-791.0,50.0,False,False,PASS_SUBSET_GROSS_FLOWS
339858,2021-12-31,20337237.0,6399.0,7272.0,3871457.0,,4951405.0,0.09884346436230979,50093398.0,16754202.0,4055.0,6156.0,-2101.0,3,,0,0,0,1,1,0.8238189878005552,-873.0,-1228.0,-2344.0,-1116.0,50.0,False,False,PASS_SUBSET_GROSS_FLOWS
339858,2022-03-31,20788869.0,7805.0,1824.0,3880414.0,,4480528.0,0.0960421575385924,46651680.0,16884083.0,3962.0,1064.0,2898.0,3,,0,0,0,0,0,0.812169387377447,5981.0,-3083.0,-3843.0,-760.0,50.0,False,False,PASS_SUBSET_GROSS_FLOWS
339858,2022-06-30,21418283.0,1368.0,2167.0,4017735.0,,4430377.0,0.09801162832241932,45202565.0,17416079.0,93.0,1473.0,-1380.0,3,,0,0,0,0,0,0.8131407638978344,-799.0,-581.0,-1275.0,-694.0,50.0,False,False,PASS_SUBSET_GROSS_FLOWS
339858,2022-09-30,21872716.0,1766.0,1309.0,4079447.0,,4187094.0,0.09630170871091384,43478917.0,18103064.0,134.0,692.0,-558.0,3,,0,0,0,0,0,0.8276550566468288,457.0,-1015.0,-1632.0,-617.0,50.0,False,False,PASS_SUBSET_GROSS_FLOWS
339858,2022-12-31,22560676.0,17807.0,2301.0,4178531.0,,4351280.0,0.09142075903887437,47596192.0,18466619.0,16221.0,1041.0,15180.0,3,,0,0,0,0,0,0.8185312798251259,15506.0,-326.0,-1586.0,-1260.0,50.0,False,False,PASS_SUBSET_GROSS_FLOWS
339858,2023-03-31,22751223.0,3667.0,2898.0,4258474.0,,4551272.0,0.10053826174498809,45269054.0,18392652.0,1998.0,2275.0,-277.0,3,,0,0,0,0,0,0.808424760286513,769.0,-1046.0,-1669.0,-623.0,50.0,False,False,PASS_SUBSET_GROSS_FLOWS
339858,2023-06-30,23263069.0,8049.0,1346.0,4312917.0,,4495091.0,0.09184585696221942,48941685.0,18788950.0,6801.0,852.0,5949.0,3,,0,0,0,0,0,0.8076728827137984,6703.0,-754.0,-1248.0,-494.0,50.0,False,False,PASS_SUBSET_GROSS_FLOWS
339858,2023-09-30,23738488.0,10593.0,4062.0,4351776.0,,4439044.0,0.09118542881561635,48681506.0,18807696.0,9056.0,3466.0,5590.0,3,,0,0,0,0,0,0.7922870235037716,6531.0,-941.0,-1537.0,-596.0,50.0,False,False,PASS_SUBSET_GROSS_FLOWS
339858,2023-12-31,23913219.0,5007.0,911.0,4370891.0,,4785453.0,0.09651465430745271,49582657.0,18535417.0,3297.0,306.0,2991.0,3,,0,0,0,0,0,0.7751117488615815,4096.0,-1105.0,-1710.0,-605.0,50.0,False,False,PASS_SUBSET_GROSS_FLOWS
339858,2024-03-31,24199176.0,7060.0,1600.0,4402865.0,,4816732.0,0.09643538797852892,49947764.0,19282083.0,5474.0,966.0,4508.0,3,,0,0,0,0,0,0.7968074202195976,5460.0,-952.0,-1586.0,-634.0,50.0,False,False,PASS_SUBSET_GROSS_FLOWS
339858,2024-06-30,24612781.0,7940.0,995.0,4474526.0,,4890887.0,0.09743733490081373,50195205.0,19552869.0,6600.0,455.0,6145.0,3,,0,0,0,0,0,0.7944193303471071,6945.0,-800.0,-1340.0,-540.0,50.0,False,False,PASS_SUBSET_GROSS_FLOWS
339858,2024-09-30,24033775.0,2496.0,2550.0,4570799.0,,5255266.0,0.10529809132174454,49908464.0,19598793.0,818.0,571.0,247.0,3,,0,0,0,0,0,0.8154687725919045,-54.0,301.0,-1678.0,-1979.0,50.0,False,False,PASS_SUBSET_GROSS_FLOWS
339858,2024-12-31,24147914.0,1339.0,811.0,4615811.0,,5130141.0,0.1037110283417873,49465723.0,19570245.0,281.0,165.0,116.0,3,,0,0,0,0,0,0.8104321143432928,528.0,-412.0,-1058.0,-646.0,50.0,False,False,PASS_SUBSET_GROSS_FLOWS
339858,2025-03-31,23727835.0,2291.0,1186.0,4635852.0,,5301470.0,0.10530259098675035,50345105.0,19223240.0,1085.0,298.0,787.0,3,,0,0,0,0,0,0.8101556673838974,1105.0,-318.0,-1206.0,-888.0,50.0,False,False,PASS_SUBSET_GROSS_FLOWS
339858,2025-06-30,24350978.0,1313.0,752.0,4684174.0,,5421153.0,0.1064592237332682,50922342.0,19625832.0,260.0,183.0,77.0,3,,0,0,0,0,0,0.8059566231795701,561.0,-484.0,-1053.0,-569.0,50.0,False,False,PASS_SUBSET_GROSS_FLOWS
339858,2025-09-30,24921812.0,4348.0,721.0,4727656.0,,5525060.0,0.11068209438778362,49918282.0,20717557.0,405.0,159.0,246.0,3,,0,0,0,0,0,0.8313021942385249,3627.0,-3381.0,-3943.0,-562.0,50.0,False,False,PASS_SUBSET_GROSS_FLOWS
339858,2025-12-31,25701348.0,2353.0,907.0,4640108.0,,5495781.0,0.10567748572782722,52005221.0,20983913.0,221.0,412.0,-191.0,3,,0,0,0,0,0,0.8164518452495176,1446.0,-1637.0,-2132.0,-495.0,50.0,False,False,PASS_SUBSET_GROSS_FLOWS
395238,2005-03-31,2401196.0,2994.0,529.0,1004566.0,0.1977,949561.0,0.19259633812592578,4930317.0,1208207.0,599.0,19.0,580.0,3,,0,0,0,0,0,0.5031688375292979,2465.0,-1885.0,-2395.0,-510.0,50.0,False,False,PASS_SUBSET_GROSS_FLOWS
395238,2005-06-30,2455412.0,4195.0,584.0,1061792.0,0.2043,999821.0,0.19482586269722343,5131870.0,1272591.0,240.0,29.0,211.0,3,,0,0,0,0,0,0.5182800279545754,3611.0,-3400.0,-3955.0,-555.0,50.0,False,False,PASS_SUBSET_GROSS_FLOWS
395238,2005-09-30,2544650.0,3068.0,680.0,1119094.0,0.211749,1044355.0,0.20540544048915507,5084359.0,1386370.0,540.0,47.0,493.0,3,,0,0,0,0,0,0.5448175584068536,2388.0,-1895.0,-2528.0,-633.0,50.0,False,False,PASS_SUBSET_GROSS_FLOWS
395238,2005-12-31,2563616.0,2985.0,448.0,1145365.0,0.216881,1094441.0,0.20850637564758104,5248957.0,1404947.0,197.0,15.0,182.0,3,,0,0,0,0,0,0.5480333248037148,2537.0,-2355.0,-2788.0,-433.0,50.0,False,False,PASS_SUBSET_GROSS_FLOWS
395238,2006-03-31,2624989.0,3276.0,579.0,1220946.0,0.224089,1133954.0,0.1958375408162543,5790279.0,1439928.0,835.0,131.0,704.0,3,,0,0,0,0,0,0.548546298670204,2697.0,-1993.0,-2441.0,-448.0,50.0,False,False,PASS_SUBSET_GROSS_FLOWS
395238,2006-06-30,2713696.0,2757.0,693.0,1253958.0,0.222531,1186363.0,0.19460696827531906,6096200.0,1545213.0,901.0,59.0,842.0,3,,0,0,0,0,0,0.5694127124040423,2064.0,-1222.0,-1856.0,-634.0,50.0,False,False,PASS_SUBSET_GROSS_FLOWS
395238,2006-09-30,2756927.0,1729.0,924.0,1249041.0,0.221435,1231272.0,0.1998325412937946,6161519.0,1595773.0,14.0,30.0,-16.0,3,,0,0,0,0,0,0.5788230881702707,805.0,-821.0,-1715.0,-894.0,50.0,False,False,PASS_SUBSET_GROSS_FLOWS
395238,2006-12-31,2889234.0,2118.0,492.0,1405072.0,0.243774,1329461.0,0.21500161801751858,6183493.0,1701697.0,163.0,81.0,82.0,3,,0,0,0,0,0,0.5889786012486354,1626.0,-1544.0,-1955.0,-411.0,50.0,False,False,PASS_SUBSET_GROSS_FLOWS
395238,2007-03-31,3062373.0,2419.0,559.0,1474187.0,0.254254,1389909.0,0.22501294313858242,6177018.0,1849708.0,618.0,61.0,557.0,3,,0,0,0,0,0,0.6040113336944911,1860.0,-1303.0,-1801.0,-498.0,50.0,False,False,PASS_SUBSET_GROSS_FLOWS
395238,2007-06-30,2995150.0,1917.0,538.0,1544473.0,0.258543,1441860.0,0.2180619398387032,6612158.0,1792090.0,48.0,9.0,39.0,3,,0,0,0,0,0,0.5983306345258167,1379.0,-1340.0,-1869.0,-529.0,50.0,False,False,PASS_SUBSET_GROSS_FLOWS
395238,2007-09-30,2900872.0,2332.0,355.0,1617216.0,0.264679,1505257.0,0.2031385142489146,7410003.0,1672613.0,48.0,4.0,44.0,3,,0,0,0,0,0,0.5765897288815225,1977.0,-1933.0,-2284.0,-351.0,50.0,False,False,PASS_SUBSET_GROSS_FLOWS
395238,2007-12-31,3049201.0,6411.0,413.0,864588.0,0.165626,875376.0,0.14387323818658868,6084356.0,1824277.0,3548.0,47.0,3501.0,3,,0,0,0,0,0,0.5982803363897624,5998.0,-2497.0,-2863.0,-366.0,50.0,False,False,PASS_SUBSET_GROSS_FLOWS
395238,2008-03-31,3251771.0,6806.0,579.0,857707.0,0.164085,877446.0,0.14422134827563932,6084023.0,948931.0,0.0,62.0,-62.0,2,,0,0,0,0,0,0.29181974991473875,6227.0,-6289.0,-6806.0,-517.0,50.0,False,False,PASS_SUBSET_GROSS_FLOWS
395238,2008-06-30,3336684.0,4638.0,500.0,802311.0,0.153699,813317.0,0.14109232984140152,5764431.0,890368.0,0.0,13.0,-13.0,2,,0,0,0,0,0,0.26684217025046425,4138.0,-4151.0,-4638.0,-487.0,50.0,False,False,PASS_SUBSET_GROSS_FLOWS
395238,2008-09-30,3543376.0,11879.0,542.0,739120.0,0.14293,751138.0,0.14803919578439756,5073913.0,963620.0,3868.0,138.0,3730.0,3,,0,0,0,0,0,0.27194968865849967,11337.0,-7607.0,-8011.0,-404.0,50.0,False,False,PASS_SUBSET_GROSS_FLOWS
395238,2008-12-31,3698040.0,33100.0,1082.0,732725.0,0.13891,757179.0,0.11701318799311254,6470886.0,1013700.0,10493.0,765.0,9728.0,3,,0,0,0,0,0,0.27411818152318523,32018.0,-22290.0,-22607.0,-317.0,50.0,False,False,PASS_SUBSET_GROSS_FLOWS
395238,2009-03-31,3708014.0,33526.0,556.0,721846.0,0.143719,746532.0,0.12622708945490158,5914198.0,1712299.0,786.0,36.0,750.0,3,,0,0,0,0,0,0.46178331581272347,32970.0,-32220.0,-32740.0,-520.0,50.0,False,False,PASS_SUBSET_GROSS_FLOWS
395238,2009-06-30,4730168.0,22472.0,409.0,720402.0,0.130732,742586.0,0.1125861430619945,6595714.0,2477430.0,7167.0,10.0,7157.0,3,,0,0,0,0,0,0.5237509534545073,22063.0,-14906.0,-15305.0,-399.0,50.0,False,False,PASS_SUBSET_GROSS_FLOWS
395238,2009-09-30,4560186.0,34919.0,3409.0,686422.0,0.131967,710686.0,0.09260835990973276,7674102.0,2442526.0,15784.0,3027.0,12757.0,3,,0,0,0,0,0,0.5356198190161542,31510.0,-18753.0,-19135.0,-382.0,50.0,False,False,PASS_SUBSET_GROSS_FLOWS
395238,2009-12-31,4492577.0,43482.0,862.0,667687.0,0.132691,687079.0,0.0954009531222794,7202014.0,2454216.0,25910.0,472.0,25438.0,3,,0,0,0,0,0,0.5462824565945114,42620.0,-17182.0,-17572.0,-390.0,50.0,False,False,PASS_SUBSET_GROSS_FLOWS
395238,2010-03-31,4256085.0,80744.0,546.0,679764.0,0.140984,698938.0,0.08974238312970877,7788271.0,2307827.0,49700.0,24.0,49676.0,3,,0,0,0,0,0,0.5422417550401366,80198.0,-30522.0,-31044.0,-522.0,50.0,False,False,PASS_SUBSET_GROSS_FLOWS
395238,2010-06-30,23411948.0,659095.0,19261.0,3011061.0,0.123572,3124756.0,0.0976773054988271,31990604.0,14980525.0,597777.0,15179.0,582598.0,3,,0,0,0,0,0,0.6398666612449335,639834.0,-57236.0,-61318.0,-4082.0,50.0,False,False,PASS_SUBSET_GROSS_FLOWS
395238,2010-09-30,22765224.0,245569.0,9890.0,2867926.0,0.122194,2970827.0,0.09708527858332859,30600180.0,14826753.0,217811.0,5757.0,212054.0,3,,0,0,0,0,0,0.6512895722001242,235679.0,-23625.0,-27758.0,-4133.0,50.0,False,False,PASS_SUBSET_GROSS_FLOWS
395238,2010-12-31,21666244.0,397134.0,12792.0,2914871.0,0.130716,2979590.0,0.10097179066562206,29509133.0,14534009.0,355737.0,10311.0,345426.0,3,,0,0,0,0,0,0.6708135014079967,384342.0,-38916.0,-41397.0,-2481.0,50.0,False,False,PASS_SUBSET_GROSS_FLOWS
395238,2011-03-31,20984036.0,155123.0,11593.0,2836133.0,0.131207,2891045.0,0.10256031399782821,28188730.0,14636013.0,116231.0,5249.0,110982.0,2,,0,0,0,0,0,0.6974832201012237,143530.0,-32548.0,-38892.0,-6344.0,50.0,False,False,PASS_SUBSET_GROSS_FLOWS
395238,2011-06-30,20489482.0,156557.0,10739.0,2845010.0,0.134405,2925152.0,0.10481234584427923,27908468.0,14400988.0,92916.0,5921.0,86995.0,2,,0,0,0,0,0,0.7028478318778386,145818.0,-58823.0,-63641.0,-4818.0,50.0,False,False,PASS_SUBSET_GROSS_FLOWS
395238,2011-09-30,20127721.0,147751.0,15372.0,2895095.0,0.137106,2949727.0,0.10572949926749559,27898808.0,14242002.0,121055.0,8750.0,112305.0,2,,0,0,0,0,0,0.7075814494845194,132379.0,-20074.0,-26696.0,-6622.0,50.0,False,False,PASS_SUBSET_GROSS_FLOWS
395238,2011-12-31,20146429.0,115238.0,8584.0,2950329.0,0.138724,2998015.0,0.11160262012456175,26863303.0,14497739.0,79692.0,3112.0,76580.0,2,,0,0,0,1,1,0.7196183005931225,106654.0,-30074.0,-35546.0,-5472.0,50.0,False,False,PASS_SUBSET_GROSS_FLOWS
395238,2012-03-31,19856820.0,101936.0,10048.0,3004937.0,0.142873,3028955.0,0.1130336234684724,26796938.0,14441838.0,67266.0,3979.0,63287.0,2,,0,0,0,0,0,0.7272986308986031,91888.0,-28601.0,-34670.0,-6069.0,50.0,False,False,PASS_SUBSET_GROSS_FLOWS
395238,2012-06-30,19739482.0,106203.0,10095.0,3062118.0,0.145969,3094868.0,0.11885007665676872,26040101.0,14515748.0,84893.0,5664.0,79229.0,2,,0,0,0,0,0,0.735366206671482,96108.0,-16879.0,-21310.0,-4431.0,50.0,False,False,PASS_SUBSET_GROSS_FLOWS
395238,2012-09-30,19901872.0,110206.0,14249.0,3109832.0,0.145932,3151309.0,0.12334425787796426,25548891.0,14866971.0,76441.0,8392.0,68049.0,2,,0,0,0,0,0,0.747013698007906,95957.0,-27908.0,-33765.0,-5857.0,50.0,False,False,PASS_SUBSET_GROSS_FLOWS
395238,2012-12-31,19700669.0,220430.0,30761.0,3173530.0,0.148843,3728713.0,0.14110509498231547,26425077.0,14954985.0,181703.0,18785.0,162918.0,2,,0,0,0,0,0,0.7591105154855401,189669.0,-26751.0,-38727.0,-11976.0,50.0,False,False,PASS_SUBSET_GROSS_FLOWS
395238,2013-03-31,19463662.0,63200.0,9535.0,3241436.0,0.153296,3767354.0,0.14573585319066926,25850564.0,14838747.0,50145.0,8089.0,42056.0,3,,0,0,0,0,0,0.7623820738358486,53665.0,-11609.0,-13055.0,-1446.0,50.0,False,False,PASS_SUBSET_GROSS_FLOWS
395238,2013-06-30,19678082.0,46479.0,17547.0,3314609.0,0.154414,3788001.0,0.1446105314538703,26194503.0,15051738.0,40495.0,13692.0,26803.0,3,,0,0,0,0,0,0.7648986318890225,28932.0,-2129.0,-5984.0,-3855.0,50.0,False,False,PASS_SUBSET_GROSS_FLOWS
395238,2013-09-30,19732929.0,30180.0,7119.0,2726784.0,0.125891,3189154.0,0.12324290726683773,25876978.0,15111346.0,24900.0,5396.0,19504.0,3,,0,0,0,0,0,0.7657933599213781,23061.0,-3557.0,-5280.0,-1723.0,50.0,False,False,PASS_SUBSET_GROSS_FLOWS
395238,2013-12-31,20066389.0,34665.0,9239.0,2806197.0,0.126067,3220009.0,0.1244302213112822,25878030.0,15342565.0,30199.0,7776.0,22423.0,3,,0,0,0,0,0,0.764590230957847,25426.0,-3003.0,-4466.0,-1463.0,50.0,False,False,PASS_SUBSET_GROSS_FLOWS
395238,2014-03-31,20171227.0,22275.0,6962.0,,,3270397.0,0.12527569757260493,26105598.0,15641841.0,17719.0,5655.0,12064.0,3,,0,0,0,0,0,0.7754531243934739,15313.0,-3249.0,-4556.0,-1307.0,50.0,False,False,PASS_SUBSET_GROSS_FLOWS
395238,2014-06-30,20518252.0,36632.0,6521.0,,,3325776.0,0.12634878625573015,26322184.0,15903281.0,18843.0,5381.0,13462.0,3,,0,0,0,0,0,0.775079719266534,30111.0,-16649.0,-17789.0,-1140.0,50.0,False,False,PASS_SUBSET_GROSS_FLOWS
395238,2014-09-30,20646902.0,22762.0,10472.0,,,3351741.0,0.12786396694659416,26213335.0,15810606.0,17346.0,9012.0,8334.0,3,,0,0,0,0,0,0.7657616624518293,12290.0,-3956.0,-5416.0,-1460.0,50.0,False,False,PASS_SUBSET_GROSS_FLOWS
395238,2014-12-31,21154865.0,25689.0,10174.0,,,3307362.0,0.12351307579100962,26777424.0,16383916.0,15995.0,8826.0,7169.0,3,,0,0,0,0,0,0.774475091190608,15515.0,-8346.0,-9694.0,-1348.0,50.0,False,False,PASS_SUBSET_GROSS_FLOWS
395238,2015-03-31,21186898.0,20624.0,8174.0,3008599.0,,3304860.0,0.12078322596754204,27361912.0,16332670.0,16944.0,6633.0,10311.0,3,,0,0,0,0,0,0.7708853839764557,12450.0,-2139.0,-3680.0,-1541.0,50.0,False,False,PASS_SUBSET_GROSS_FLOWS
395238,2015-06-30,21589744.0,10605.0,5268.0,3040311.0,,3279143.0,0.11738037612416162,27936041.0,16841399.0,7956.0,4247.0,3709.0,3,,0,0,0,0,0,0.7800647844643271,5337.0,-1628.0,-2649.0,-1021.0,50.0,False,False,PASS_SUBSET_GROSS_FLOWS
395238,2015-09-30,21934624.0,14709.0,7922.0,3093551.0,,3315504.0,0.11886264130718274,27893575.0,17154326.0,10771.0,6192.0,4579.0,3,,0,0,0,0,0,0.7820661069913941,6787.0,-2208.0,-3938.0,-1730.0,50.0,False,False,PASS_SUBSET_GROSS_FLOWS
395238,2015-12-31,22485975.0,11403.0,7948.0,3136132.0,,3336529.0,0.11695126254038578,28529226.0,17508213.0,8024.0,6339.0,1685.0,3,,0,0,0,0,0,0.7786281448769733,3455.0,-1770.0,-3379.0,-1609.0,50.0,False,False,PASS_SUBSET_GROSS_FLOWS
395238,2016-03-31,22820023.0,11315.0,3940.0,3143411.0,,3331610.0,0.11527577646822114,28901215.0,17991257.0,8413.0,2812.0,5601.0,3,,0,0,0,0,0,0.7883978469259212,7375.0,-1774.0,-2902.0,-1128.0,50.0,False,False,PASS_SUBSET_GROSS_FLOWS
395238,2016-06-30,23147703.0,15770.0,9637.0,3145265.0,,3336227.0,0.11418297322567506,29218253.0,18255139.0,13324.0,8421.0,4903.0,3,,0,0,0,0,0,0.7886371706082457,6133.0,-1230.0,-2446.0,-1216.0,50.0,False,False,PASS_SUBSET_GROSS_FLOWS
395238,2016-09-30,23360123.0,13985.0,7055.0,3166994.0,,3329132.0,0.1128819128741481,29492165.0,18424985.0,11008.0,6290.0,4718.0,3,,0,0,0,0,0,0.7887366432103119,6930.0,-2212.0,-2977.0,-765.0,50.0,False,False,PASS_SUBSET_GROSS_FLOWS
395238,2016-12-31,23906940.0,16887.0,8569.0,3187583.0,,3317277.0,0.11104000279568485,29874612.0,18715948.0,13230.0,7543.0,5687.0,3,,0,0,0,0,0,0.7828667324216315,8318.0,-2631.0,-3657.0,-1026.0,50.0,False,False,PASS_SUBSET_GROSS_FLOWS
395238,2017-03-31,24323635.0,12735.0,5816.0,3188536.0,,3297159.0,0.10819164531704693,30475172.0,19118773.0,9408.0,4879.0,4529.0,3,,0,0,0,0,0,0.7860162759390198,6919.0,-2390.0,-3327.0,-937.0,50.0,False,False,PASS_SUBSET_GROSS_FLOWS
395238,2017-06-30,24492531.0,19663.0,3821.0,3098126.0,,3192899.0,0.10456766534511401,30534286.0,19262341.0,13574.0,2540.0,11034.0,3,,0,0,0,0,0,0.7864577572648576,15842.0,-4808.0,-6089.0,-1281.0,50.0,False,False,PASS_SUBSET_GROSS_FLOWS
395238,2017-09-30,24572685.0,44351.0,6251.0,3164640.0,,3260231.0,0.1034932956492057,31501857.0,19166022.0,34664.0,4646.0,30018.0,3,,0,0,0,0,0,0.7799726403524889,38100.0,-8082.0,-9687.0,-1605.0,50.0,False,False,PASS_SUBSET_GROSS_FLOWS
395238,2017-12-31,24846845.0,13670.0,4691.0,3155163.0,,3229426.0,0.10381937387526434,31106198.0,19245050.0,10307.0,3658.0,6649.0,3,,0,0,0,0,0,0.7745470300152796,8979.0,-2330.0,-3363.0,-1033.0,50.0,False,False,PASS_SUBSET_GROSS_FLOWS
395238,2018-03-31,24940066.0,14382.0,10102.0,3223537.0,,3246083.0,0.10350549083226586,31361457.0,19382725.0,8985.0,3679.0,5306.0,3,,0,0,0,0,0,0.777172161452981,4280.0,1026.0,-5397.0,-6423.0,50.0,False,False,PASS_SUBSET_GROSS_FLOWS
395238,2018-06-30,25190462.0,21744.0,3915.0,3285713.0,,3284727.0,0.10386336478299148,31625463.0,19615597.0,17189.0,2233.0,14956.0,3,,0,0,0,0,0,0.7786914348772166,17829.0,-2873.0,-4555.0,-1682.0,50.0,False,False,PASS_SUBSET_GROSS_FLOWS
395238,2018-09-30,25614404.0,18596.0,3339.0,3345622.0,,3318288.0,0.10374287630767441,31985695.0,19878948.0,11644.0,1896.0,9748.0,3,,0,0,0,0,0,0.7760847373220161,15257.0,-5509.0,-6952.0,-1443.0,50.0,False,False,PASS_SUBSET_GROSS_FLOWS
395238,2018-12-31,25985208.0,19332.0,6288.0,3382497.0,,3415768.0,0.10483956783889213,32580905.0,20165498.0,11852.0,4848.0,7004.0,3,,0,0,0,0,0,0.7760375826123848,13044.0,-6040.0,-7480.0,-1440.0,50.0,False,False,PASS_SUBSET_GROSS_FLOWS
395238,2019-03-31,35690485.0,20700.0,3612.0,4431463.0,,5037111.0,0.10821053219525373,46549175.0,28611117.0,15067.0,2623.0,12444.0,3,,0,0,0,0,0,0.8016455085998411,17088.0,-4644.0,-5633.0,-989.0,50.0,False,False,PASS_SUBSET_GROSS_FLOWS
395238,2019-06-30,36225278.0,16863.0,5084.0,4513247.0,,5171745.0,0.10950746335876839,47227329.0,28684900.0,12513.0,3691.0,8822.0,3,,0,0,0,0,0,0.791847615358535,11779.0,-2957.0,-4350.0,-1393.0,50.0,False,False,PASS_SUBSET_GROSS_FLOWS
395238,2019-09-30,36547241.0,24727.0,4802.0,4577096.0,,5250053.0,0.11035913273984402,47572438.0,28636501.0,19110.0,3544.0,15566.0,3,,0,0,1,0,1,0.7835475460377433,19925.0,-4359.0,-5617.0,-1258.0,50.0,False,False,PASS_SUBSET_GROSS_FLOWS
395238,2019-12-31,37277623.0,16845.0,8025.0,4640501.0,,5300302.0,0.11018552001535857,48103435.0,28605043.0,11810.0,6947.0,4863.0,3,,0,0,0,0,0,0.7673515824761681,8820.0,-3957.0,-5035.0,-1078.0,50.0,False,False,PASS_SUBSET_GROSS_FLOWS
395238,2020-03-31,38377865.0,23874.0,3813.0,4607218.0,,5391223.0,0.10671051533306901,50521947.0,29346101.0,17959.0,2516.0,15443.0,3,,0,0,0,0,0,0.7646621561673637,20061.0,-4618.0,-5915.0,-1297.0,50.0,False,False,PASS_SUBSET_GROSS_FLOWS
395238,2020-06-30,40815233.0,30778.0,6732.0,4633418.0,,5325726.0,0.09855208874467065,54039707.0,31696437.0,24076.0,4870.0,19206.0,3,,0,0,0,0,0,0.7765835123371708,24046.0,-4840.0,-6702.0,-1862.0,50.0,False,False,PASS_SUBSET_GROSS_FLOWS
395238,2020-09-30,40295007.0,35347.0,6881.0,4674063.0,,5292309.0,0.09987123740994351,52991323.0,31974183.0,28259.0,4252.0,24007.0,3,,0,0,0,0,0,0.7935023562596726,28466.0,-4459.0,-7088.0,-2629.0,50.0,False,False,PASS_SUBSET_GROSS_FLOWS
395238,2020-12-31,39013107.0,29262.0,7123.0,4641711.0,,5239849.0,0.09645117552337315,54326440.0,31334472.0,23530.0,5614.0,17916.0,3,,0,0,0,0,0,0.803178070385422,22139.0,-4223.0,-5732.0,-1509.0,50.0,False,False,PASS_SUBSET_GROSS_FLOWS
395238,2021-03-31,39798988.0,25325.0,5121.0,4746560.0,,5198289.0,0.09434373938226871,55099459.0,30766570.0,19862.0,3906.0,15956.0,3,,0,0,0,0,0,0.7730490534080917,20204.0,-4248.0,-5463.0,-1215.0,50.0,False,False,PASS_SUBSET_GROSS_FLOWS
395238,2021-06-30,38986934.0,30853.0,4307.0,4822625.0,,5320593.0,0.09696277547389284,54872532.0,30023252.0,24610.0,2311.0,22299.0,3,,0,0,0,0,0,0.770084972570554,26546.0,-4247.0,-6243.0,-1996.0,50.0,False,False,PASS_SUBSET_GROSS_FLOWS
395238,2021-09-30,38891978.0,29881.0,9365.0,4905396.0,,5356719.0,0.09664046274393209,55429360.0,29811433.0,21323.0,6390.0,14933.0,3,,0,0,0,0,0,0.766518817839504,20516.0,-5583.0,-8558.0,-2975.0,50.0,False,False,PASS_SUBSET_GROSS_FLOWS
395238,2021-12-31,40062600.0,19173.0,8651.0,4998698.0,,5381311.0,0.0940389036784474,57224306.0,30417149.0,11817.0,5529.0,6288.0,3,,0,0,0,0,0,0.7592405135962219,10522.0,-4234.0,-7356.0,-3122.0,50.0,False,False,PASS_SUBSET_GROSS_FLOWS
395238,2022-03-31,40893071.0,25147.0,6538.0,5064643.0,,4878083.0,0.08660419115609426,56326177.0,30943956.0,16776.0,2964.0,13812.0,3,,0,0,0,0,0,0.7567041369918146,18609.0,-4797.0,-8371.0,-3574.0,50.0,False,False,PASS_SUBSET_GROSS_FLOWS
395238,2022-06-30,42122459.0,23698.0,7133.0,5158225.0,,4605397.0,0.08039853355940045,57282102.0,31339843.0,15687.0,3798.0,11889.0,3,,0,0,0,0,0,0.7440174136082606,16565.0,-4676.0,-8011.0,-3335.0,50.0,False,False,PASS_SUBSET_GROSS_FLOWS
395238,2022-09-30,43267908.0,15722.0,11040.0,5299129.0,,4234588.0,0.07232926885280136,58545981.0,32485402.0,6395.0,7366.0,-971.0,3,,0,0,0,0,0,0.7507966874663781,4682.0,-5653.0,-9327.0,-3674.0,50.0,False,False,PASS_SUBSET_GROSS_FLOWS
395238,2022-12-31,44107855.0,19143.0,5843.0,5446703.0,,4471207.0,0.07498298287077884,59629623.0,33015793.0,7362.0,2265.0,5097.0,3,,0,0,0,0,0,0.7485241120884251,13300.0,-8203.0,-11781.0,-3578.0,50.0,False,False,PASS_SUBSET_GROSS_FLOWS
395238,2023-03-31,44714386.0,25335.0,6785.0,5564496.0,,4752667.0,0.07699671426346373,61725582.0,33925302.0,7845.0,3780.0,4065.0,3,,0,0,0,0,0,0.758711122635118,18550.0,-14485.0,-17490.0,-3005.0,50.0,False,False,PASS_SUBSET_GROSS_FLOWS
395238,2023-06-30,44867987.0,36256.0,9860.0,5632300.0,,4756112.0,0.07855074059332853,60548277.0,33979925.0,24061.0,6448.0,17613.0,3,,0,0,0,0,0,0.7573311679884368,26396.0,-8783.0,-12195.0,-3412.0,50.0,False,False,PASS_SUBSET_GROSS_FLOWS
395238,2023-09-30,43746468.0,73935.0,7113.0,5573571.0,,4402495.0,0.07435245817528034,59211156.0,33309744.0,63942.0,4198.0,59744.0,3,,0,0,0,0,0,0.7614270482362142,66822.0,-7078.0,-9993.0,-2915.0,50.0,False,False,PASS_SUBSET_GROSS_FLOWS
395238,2023-12-31,43457258.0,47548.0,5974.0,5559624.0,,4947888.0,0.0828989737032237,59685757.0,33130065.0,36823.0,3269.0,33554.0,3,,0,0,0,0,0,0.7623597650822792,41574.0,-8020.0,-10725.0,-2705.0,50.0,False,False,PASS_SUBSET_GROSS_FLOWS
395238,2024-03-31,43440463.0,50568.0,6212.0,5572017.0,,4840859.0,0.08106520674264467,59715619.0,33364927.0,41575.0,4122.0,37453.0,3,,0,0,0,0,0,0.7680610356293854,44356.0,-6903.0,-8993.0,-2090.0,50.0,False,False,PASS_SUBSET_GROSS_FLOWS
395238,2024-06-30,43232720.0,42291.0,7806.0,5479117.0,,4932174.0,0.08292108086337571,59480339.0,33186723.0,34504.0,5024.0,29480.0,3,,0,0,0,0,0,0.7676297720800357,34485.0,-5005.0,-7787.0,-2782.0,50.0,False,False,PASS_SUBSET_GROSS_FLOWS
395238,2024-09-30,43242144.0,34106.0,7054.0,5559883.0,,5283166.0,0.08884828907334752,59462777.0,33260138.0,27057.0,5412.0,21645.0,3,,0,0,0,0,0,0.7691602433033847,27052.0,-5407.0,-7049.0,-1642.0,50.0,False,False,PASS_SUBSET_GROSS_FLOWS
395238,2024-12-31,42699139.0,33983.0,5882.0,5657947.0,,5177551.0,0.08612081616014125,60119623.0,32728253.0,26215.0,4480.0,21735.0,3,,0,0,0,0,0,0.7664850806476449,28101.0,-6366.0,-7768.0,-1402.0,50.0,False,False,PASS_SUBSET_GROSS_FLOWS
395238,2025-03-31,42770407.0,27147.0,5781.0,5840478.0,,5523943.0,0.09174749659123972,60208106.0,31882119.0,19794.0,3392.0,16402.0,3,,0,0,0,0,0,0.7454247278965571,21366.0,-4964.0,-7353.0,-2389.0,50.0,False,False,PASS_SUBSET_GROSS_FLOWS
395238,2025-06-30,43689753.0,34413.0,16112.0,5834631.0,,5602339.0,0.09196225028679422,60919986.0,32678043.0,25527.0,13788.0,11739.0,3,,0,0,0,0,0,0.7479566890661982,18301.0,-6562.0,-8886.0,-2324.0,50.0,False,False,PASS_SUBSET_GROSS_FLOWS
395238,2025-09-30,43901045.0,19970.0,4744.0,5956818.0,,5782764.0,0.09584765478333211,60332869.0,32727960.0,11731.0,2056.0,9675.0,3,,0,0,0,0,0,0.7454938715012365,15226.0,-5551.0,-8239.0,-2688.0,50.0,False,False,PASS_SUBSET_GROSS_FLOWS
395238,2025-12-31,44731848.0,27870.0,4055.0,5953376.0,,5825211.0,0.09517655346404372,61204265.0,33645847.0,14213.0,1690.0,12523.0,3,,0,0,0,0,0,0.7521676055055897,23815.0,-11292.0,-13657.0,-2365.0,50.0,False,False,PASS_SUBSET_GROSS_FLOWS
413208,2005-03-31,85614452.0,198796.0,77079.0,9271616.0,0.0872,11402758.0,0.08228961574227768,138568614.0,57940463.0,10295.0,23483.0,-13188.0,3,,0,0,0,0,0,0.676760309112298,121717.0,-134905.0,-188501.0,-53596.0,50.0,False,False,PASS_SUBSET_GROSS_FLOWS
413208,2005-06-30,87536271.0,205712.0,52958.0,9927208.0,0.0899,12142210.0,0.08583979624464809,141451990.0,57855453.0,22467.0,6630.0,15837.0,3,,0,0,0,0,0,0.6609312041633576,152754.0,-136917.0,-183245.0,-46328.0,50.0,False,False,PASS_SUBSET_GROSS_FLOWS
413208,2005-09-30,89090233.0,202017.0,64546.0,10203916.0,0.0874,12375281.0,0.08479175552612322,145949107.0,58010203.0,21148.0,25741.0,-4593.0,3,,0,0,0,0,0,0.651139872986975,137471.0,-142064.0,-180869.0,-38805.0,50.0,False,False,PASS_SUBSET_GROSS_FLOWS
413208,2005-12-31,90213785.0,264055.0,60107.0,9736575.0,0.0829,11888099.0,0.07889660172110627,150679481.0,56361432.0,44330.0,15789.0,28541.0,3,,0,0,0,0,0,0.6247540993873608,203948.0,-175407.0,-219725.0,-44318.0,50.0,False,False,PASS_SUBSET_GROSS_FLOWS
413208,2006-03-31,88496865.0,229890.0,69611.0,10035380.0,0.0815,12102159.0,0.07623220493200013,158753889.0,56934890.0,30144.0,15331.0,14813.0,3,,0,0,0,0,0,0.6433548804242952,160279.0,-145466.0,-199746.0,-54280.0,50.0,False,False,PASS_SUBSET_GROSS_FLOWS
413208,2006-06-30,91061859.0,239614.0,49538.0,10302424.0,0.0859,12259680.0,0.07258586492519198,168899000.0,57910146.0,51336.0,5801.0,45535.0,3,,0,0,0,0,0,0.6359429363285896,190076.0,-144541.0,-188278.0,-43737.0,50.0,False,False,PASS_SUBSET_GROSS_FLOWS
413208,2006-09-30,89898126.0,252482.0,61873.0,10091251.0,0.0842,12059943.0,0.07237481314112212,166631767.0,56709674.0,37679.0,8350.0,29329.0,3,,0,0,0,0,0,0.6308215368137929,190609.0,-161280.0,-214803.0,-53523.0,50.0,False,False,PASS_SUBSET_GROSS_FLOWS
413208,2006-12-31,90125194.0,289936.0,65749.0,10278171.0,0.0838,12257932.0,0.073988705113036,165673017.0,55862210.0,51980.0,9103.0,42877.0,3,,0,0,0,0,0,0.6198290125178538,224187.0,-181310.0,-237956.0,-56646.0,50.0,False,False,PASS_SUBSET_GROSS_FLOWS
413208,2007-03-31,88727479.0,305061.0,65186.0,10281344.0,0.0854,12258708.0,0.07253236976842718,169010168.0,55052101.0,47329.0,6104.0,41225.0,3,,0,0,0,0,0,0.6204628106248798,239875.0,-198650.0,-257732.0,-59082.0,50.0,False,False,PASS_SUBSET_GROSS_FLOWS
413208,2007-06-30,87188030.0,292529.0,68885.0,10419639.0,0.083,12252647.0,0.07265049114463248,168651950.0,54169362.0,44343.0,8243.0,36100.0,3,,0,0,0,0,0,0.6212935651832023,223644.0,-187544.0,-248186.0,-60642.0,50.0,False,False,PASS_SUBSET_GROSS_FLOWS
413208,2007-09-30,92138959.0,304991.0,58966.0,10308598.0,0.0786,12168577.0,0.0669298676614279,181810863.0,58286371.0,46205.0,6397.0,39808.0,3,,0,0,0,0,0,0.6325920287421524,246025.0,-206217.0,-258786.0,-52569.0,50.0,False,False,PASS_SUBSET_GROSS_FLOWS
413208,2007-12-31,94140539.0,366918.0,71217.0,9696195.0,0.0721,11542017.0,0.06256123113210088,184491526.0,58359869.0,63384.0,8172.0,55212.0,3,,0,0,0,0,0,0.6199228262332341,295701.0,-240489.0,-303534.0,-63045.0,50.0,False,False,PASS_SUBSET_GROSS_FLOWS
413208,2008-03-31,91941632.0,401910.0,71830.0,10240831.0,0.0709,12360973.0,0.06565061221281446,188284200.0,54328966.0,32428.0,366.0,32062.0,2,,0,0,0,0,0,0.5909071311677391,330080.0,-298018.0,-369482.0,-71464.0,50.0,False,False,PASS_SUBSET_GROSS_FLOWS
413208,2008-06-30,88935131.0,463610.0,71271.0,10599747.0,0.0783,12421503.0,0.06999360881279926,177466246.0,48748108.0,36482.0,122.0,36360.0,2,,0,0,0,0,0,0.5481310642022892,392339.0,-355979.0,-427128.0,-71149.0,50.0,False,False,PASS_SUBSET_GROSS_FLOWS
413208,2008-09-30,89052394.0,458075.0,62652.0,10452584.0,0.0755,12270553.0,0.06757387285347732,181587239.0,48605598.0,94696.0,7343.0,87353.0,3,,0,0,0,0,0,0.545808998689019,395423.0,-308070.0,-363379.0,-55309.0,50.0,False,False,PASS_SUBSET_GROSS_FLOWS
413208,2008-12-31,83222616.0,512694.0,68416.0,10821919.0,0.0749,12654272.0,0.06968054941100744,181604079.0,44444147.0,106430.0,7502.0,98928.0,3,,0,0,0,0,0,0.5340392928768305,444278.0,-345350.0,-406264.0,-60914.0,50.0,False,False,PASS_SUBSET_GROSS_FLOWS
413208,2009-03-31,91103267.0,614153.0,71138.0,12318656.0,0.0763,14314274.0,0.08051780292508143,177777752.0,45120330.0,129570.0,13139.0,116431.0,3,,0,0,0,0,0,0.4952657735095274,543015.0,-426584.0,-484583.0,-57999.0,50.0,False,False,PASS_SUBSET_GROSS_FLOWS
413208,2009-06-30,86668899.0,918796.0,80186.0,13293662.0,0.0872,15163181.0,0.09539063281206725,158958805.0,42361439.0,135774.0,14292.0,121482.0,3,,0,0,0,0,0,0.4887732449445331,838610.0,-717128.0,-783022.0,-65894.0,50.0,False,False,PASS_SUBSET_GROSS_FLOWS
413208,2009-09-30,83731359.0,940985.0,73609.0,13365612.0,0.0968,15817573.0,0.09400512795234914,168262874.0,39973578.0,124952.0,3635.0,121317.0,3,,0,0,0,0,0,0.4774027135998115,867376.0,-746059.0,-816033.0,-69974.0,50.0,False,False,PASS_SUBSET_GROSS_FLOWS
413208,2009-12-31,80228263.0,965838.0,69829.0,13353708.0,0.1013,15849588.0,0.09481389564447978,167165244.0,37891687.0,187279.0,3789.0,183490.0,3,,0,0,0,0,0,0.47229848413893744,896009.0,-712519.0,-778559.0,-66040.0,50.0,False,False,PASS_SUBSET_GROSS_FLOWS
413208,2010-03-31,76156027.0,910991.0,81182.0,14090790.0,0.1126,16309809.0,0.08885153932954305,183562481.0,34425964.0,114730.0,9465.0,105265.0,3,,0,0,0,0,0,0.4520451677448982,829809.0,-724544.0,-796261.0,-71717.0,50.0,False,False,PASS_SUBSET_GROSS_FLOWS
413208,2010-06-30,74803116.0,805354.0,83486.0,14154278.0,0.1128,17111357.0,0.0932015955457811,183595108.0,33906276.0,143948.0,11083.0,132865.0,3,,0,0,0,0,0,0.45327357753385566,721868.0,-589003.0,-661406.0,-72403.0,50.0,False,False,PASS_SUBSET_GROSS_FLOWS
413208,2010-09-30,75710852.0,728755.0,78794.0,14595514.0,0.1175,17942165.0,0.09456609962789041,189731469.0,34701203.0,119710.0,5257.0,114453.0,3,,0,0,0,0,0,0.4583385615578596,649961.0,-535508.0,-609045.0,-73537.0,50.0,False,False,PASS_SUBSET_GROSS_FLOWS
413208,2010-12-31,74544819.0,661311.0,96294.0,14970486.0,0.1243,17602931.0,0.0971901522817141,181118463.0,35040285.0,138048.0,13246.0,124802.0,3,,0,0,0,0,0,0.47005661117776676,565017.0,-440215.0,-523263.0,-83048.0,50.0,False,False,PASS_SUBSET_GROSS_FLOWS
413208,2011-03-31,72397865.0,833273.0,91102.0,16010593.0,0.1325,18324169.0,0.095166136162591,192549259.0,36134064.0,34787.0,7259.0,27528.0,2,,0,0,0,0,0,0.4991039998209892,742171.0,-714643.0,-798486.0,-83843.0,50.0,False,False,PASS_SUBSET_GROSS_FLOWS
413208,2011-06-30,70398106.0,460584.0,95084.0,15948887.0,0.1317,18507036.0,0.09485856652147394,195101367.0,35904462.0,71574.0,3217.0,68357.0,2,,0,0,0,0,0,0.5100202837843393,365500.0,-297143.0,-389010.0,-91867.0,50.0,False,False,PASS_SUBSET_GROSS_FLOWS
413208,2011-09-30,73808519.0,980841.0,74448.0,15550160.0,0.1309,19335946.0,0.09493551863959732,203674518.0,38663306.0,29376.0,1695.0,27681.0,2,,0,0,0,0,0,0.5238325673490346,906393.0,-878712.0,-951465.0,-72753.0,50.0,False,False,PASS_SUBSET_GROSS_FLOWS
413208,2011-12-31,77434805.0,102669.0,9313.0,15995641.0,0.1348,19512142.0,0.09471468387240807,206009683.0,39641002.0,37778.0,1696.0,36082.0,2,,0,0,0,0,0,0.5119274465790932,93356.0,-57274.0,-64891.0,-7617.0,50.0,False,False,PASS_SUBSET_GROSS_FLOWS
413208,2012-03-31,78133055.0,162096.0,21149.0,16150474.0,0.1357,19704468.0,0.09527860006915174,206808958.0,40178469.0,30804.0,15236.0,15568.0,2,,0,0,0,0,0,0.5142313838873956,140947.0,-125379.0,-131292.0,-5913.0,50.0,False,False,PASS_SUBSET_GROSS_FLOWS
413208,2012-06-30,56562704.0,90893.0,18993.0,15511778.0,0.1564,19418408.0,0.10009729718851786,193995328.0,41409068.0,30726.0,7664.0,23062.0,2,,0,0,0,0,0,0.7320913795068921,71900.0,-48838.0,-60167.0,-11329.0,50.0,False,False,PASS_SUBSET_GROSS_FLOWS
413208,2012-09-30,61775933.0,76502.0,11535.0,14897406.0,0.1447,18819363.0,0.09590050547341106,196238413.0,45165792.0,36373.0,5563.0,30810.0,2,,0,0,0,0,0,0.7311227820711343,64967.0,-34157.0,-40129.0,-5972.0,50.0,False,False,PASS_SUBSET_GROSS_FLOWS
413208,2012-12-31,60528947.0,122331.0,12218.0,15482130.0,0.152,18821812.0,0.10076461523379188,186789896.0,46618110.0,62466.0,4208.0,58258.0,2,,0,0,0,0,0,0.7701787708284434,110113.0,-51855.0,-59865.0,-8010.0,50.0,False,False,PASS_SUBSET_GROSS_FLOWS
413208,2013-03-31,60913749.0,109586.0,9561.0,15786704.0,0.1421,18875873.0,0.10266453517935518,183859723.0,46107233.0,78494.0,4886.0,73608.0,2,,0,0,0,0,0,0.7569265355839451,100025.0,-26417.0,-31092.0,-4675.0,50.0,False,False,PASS_SUBSET_GROSS_FLOWS
413208,2013-06-30,62343847.0,48730.0,18538.0,15893928.0,0.1417,18477800.0,0.10122564669086175,182540696.0,47345990.0,18932.0,10826.0,8106.0,2,,0,0,0,0,0,0.7594332444707815,30192.0,-22086.0,-29798.0,-7712.0,50.0,False,False,PASS_SUBSET_GROSS_FLOWS
413208,2013-09-30,64552314.0,73301.0,9284.0,15816597.0,0.1333,18494218.0,0.10282531890012166,179860546.0,49121980.0,47300.0,4511.0,42789.0,2,,0,0,0,0,0,0.7609638904656462,64017.0,-21228.0,-26001.0,-4773.0,50.0,False,False,PASS_SUBSET_GROSS_FLOWS
413208,2013-12-31,63616930.0,55989.0,16729.0,15762690.0,0.1333,18208960.0,0.10128931699021135,179771772.0,49717840.0,11845.0,6982.0,4863.0,2,,0,0,0,0,0,0.7815190075975059,39260.0,-34397.0,-44144.0,-9747.0,50.0,False,False,PASS_SUBSET_GROSS_FLOWS
413208,2014-03-31,64853570.0,67609.0,15982.0,16732070.0,0.1366,18457740.0,0.10277268610521718,179597719.0,52113253.0,36807.0,5788.0,31019.0,2,,0,0,0,0,0,0.8035525723564639,51627.0,-20608.0,-30802.0,-10194.0,50.0,False,False,PASS_SUBSET_GROSS_FLOWS
413208,2014-06-30,67791460.0,44485.0,13071.0,17011216.0,0.1357,18852151.0,0.1079942343730968,174566273.0,54087600.0,21640.0,4947.0,16693.0,2,,0,0,0,0,0,0.7978527088810301,31414.0,-14721.0,-22845.0,-8124.0,50.0,False,False,PASS_SUBSET_GROSS_FLOWS
413208,2014-09-30,69019936.0,32333.0,12833.0,17078532.0,0.1358,18859754.0,0.11201620447787827,168366301.0,55820702.0,13967.0,4884.0,9083.0,2,,0,0,0,0,0,0.8087620075451823,19500.0,-10417.0,-18366.0,-7949.0,50.0,False,False,PASS_SUBSET_GROSS_FLOWS
413208,2014-12-31,73603464.0,25386.0,10310.0,17214516.0,0.1351,18975245.0,0.10619863078348107,178676927.0,58857115.0,9953.0,5515.0,4438.0,2,,0,0,0,0,0,0.7996514267317636,15076.0,-10638.0,-15433.0,-4795.0,50.0,False,False,PASS_SUBSET_GROSS_FLOWS
413208,2015-03-31,76820677.0,38067.0,7578.0,22246089.0,,24005386.0,0.12337725350737698,194568977.0,62589314.0,14598.0,2759.0,11839.0,2,,0,0,0,0,0,0.8147456706219863,30489.0,-18650.0,-23469.0,-4819.0,50.0,False,False,PASS_SUBSET_GROSS_FLOWS
413208,2015-06-30,79523410.0,62359.0,14455.0,22212348.0,,23926798.0,0.12560017806640908,190499714.0,65036693.0,12356.0,6706.0,5650.0,2,,0,0,0,0,0,0.817830787185811,47904.0,-42254.0,-50003.0,-7749.0,50.0,False,False,PASS_SUBSET_GROSS_FLOWS
413208,2015-09-30,79876149.0,25303.0,7362.0,22310668.0,,24074520.0,0.12142376247616207,198268605.0,64809883.0,4016.0,2936.0,1080.0,2,,0,0,0,0,0,0.8113796647857923,17941.0,-16861.0,-21287.0,-4426.0,50.0,False,False,PASS_SUBSET_GROSS_FLOWS
413208,2015-12-31,80297403.0,41096.0,8611.0,22109162.0,,23774778.0,0.12981877103039363,183138215.0,64726850.0,9109.0,4259.0,4850.0,2,,0,0,0,0,0,0.8060889590663349,32485.0,-27635.0,-31987.0,-4352.0,50.0,False,False,PASS_SUBSET_GROSS_FLOWS
413208,2016-03-31,80404234.0,55475.0,9503.0,22209961.0,,24082423.0,0.12114041237057603,198797598.0,65842965.0,9258.0,4741.0,4517.0,2,,0,0,0,0,0,0.8188992261278181,45972.0,-41455.0,-46217.0,-4762.0,50.0,False,False,PASS_SUBSET_GROSS_FLOWS
413208,2016-06-30,76838137.0,103514.0,9060.0,22334280.0,,24254958.0,0.1176248936664028,206205993.0,62712428.0,932.0,3127.0,-2195.0,2,,0,0,0,0,0,0.8161627864558976,94454.0,-96649.0,-102582.0,-5933.0,50.0,False,False,PASS_SUBSET_GROSS_FLOWS
413208,2016-09-30,74758356.0,79770.0,14545.0,22334444.0,,24212878.0,0.11886217287499119,203705497.0,61029144.0,36356.0,8394.0,27962.0,2,,0,0,0,0,0,0.8163521412910685,65225.0,-37263.0,-43414.0,-6151.0,50.0,False,False,PASS_SUBSET_GROSS_FLOWS
413208,2016-12-31,72248162.0,70303.0,8797.0,21970878.0,,23571924.0,0.11952941909057606,197206045.0,57791565.0,586.0,2881.0,-2295.0,2,,0,0,1,0,1,0.7999036016999298,61506.0,-63801.0,-69717.0,-5916.0,50.0,False,False,PASS_SUBSET_GROSS_FLOWS
413208,2017-03-31,69288747.0,36332.0,16849.0,22221532.0,,23820583.0,0.1188620481910637,200405288.0,55000714.0,4027.0,1580.0,2447.0,2,,0,0,0,0,0,0.7937899930561596,19483.0,-17036.0,-32305.0,-15269.0,50.0,False,False,PASS_SUBSET_GROSS_FLOWS
413208,2017-06-30,67427872.0,60883.0,9603.0,22447665.0,,24044920.0,0.12527807448527134,191932388.0,53293100.0,1756.0,4253.0,-2497.0,2,,0,0,1,0,1,0.7903719696211086,51280.0,-53777.0,-59127.0,-5350.0,50.0,False,False,PASS_SUBSET_GROSS_FLOWS
413208,2017-09-30,66177358.0,35223.0,8498.0,22561259.0,,24126091.0,0.12315076118940094,195906958.0,52721146.0,5127.0,2941.0,2186.0,2,,0,0,0,0,0,0.7966644120183825,26725.0,-24539.0,-30096.0,-5557.0,50.0,False,False,PASS_SUBSET_GROSS_FLOWS
413208,2017-12-31,66466642.0,97872.0,23810.0,21786376.0,,23262905.0,0.128972016700356,180371724.0,52199410.0,41.0,3028.0,-2987.0,2,,0,0,1,0,1,0.7853474830276517,74062.0,-77049.0,-97831.0,-20782.0,50.0,False,False,PASS_SUBSET_GROSS_FLOWS
413208,2018-03-31,65888822.0,41110.0,30162.0,21342787.0,,22825420.0,0.12682736041169432,179972365.0,53042125.0,212.0,3347.0,-3135.0,2,,0,0,0,0,0,0.8050246368041001,10948.0,-14083.0,-40898.0,-26815.0,50.0,False,False,PASS_SUBSET_GROSS_FLOWS
413208,2018-06-30,64631499.0,50484.0,28399.0,21561425.0,,23177591.0,0.12975631297463702,178623995.0,52288614.0,1428.0,2848.0,-1420.0,2,,0,0,0,0,0,0.8090267873873698,22085.0,-23505.0,-49056.0,-25551.0,50.0,False,False,PASS_SUBSET_GROSS_FLOWS
413208,2018-09-30,65619901.0,27032.0,10160.0,21605943.0,,23211537.0,0.13465323400190995,172380093.0,53272244.0,2955.0,4969.0,-2014.0,2,,0,0,0,0,0,0.8118306060839683,16872.0,-18886.0,-24077.0,-5191.0,50.0,False,False,PASS_SUBSET_GROSS_FLOWS
413208,2018-12-31,67192513.0,23842.0,6791.0,21956327.0,,23710734.0,0.13962895604551756,169812442.0,53725658.0,3305.0,3055.0,250.0,2,,0,0,1,0,1,0.7995780422738468,17051.0,-16801.0,-20537.0,-3736.0,50.0,False,False,PASS_SUBSET_GROSS_FLOWS
413208,2019-03-31,68807158.0,22081.0,6128.0,19876102.0,,21575565.0,0.12155630087726871,177494419.0,55390348.0,5182.0,2661.0,2521.0,2,,0,0,0,0,0,0.8050085137944515,15953.0,-13432.0,-16899.0,-3467.0,50.0,False,False,PASS_SUBSET_GROSS_FLOWS
413208,2019-06-30,69523092.0,22528.0,6651.0,20251975.0,,21951196.0,0.12147931116117827,180699049.0,56519912.0,2138.0,2588.0,-450.0,2,,0,0,0,0,0,0.8129660286110405,15877.0,-16327.0,-20390.0,-4063.0,50.0,False,False,PASS_SUBSET_GROSS_FLOWS
413208,2019-09-30,69359600.0,37163.0,5665.0,20463354.0,,21804628.0,0.11974251378229368,182095960.0,55780941.0,1072.0,2575.0,-1503.0,2,,0,0,0,0,0,0.8042281241529651,31498.0,-33001.0,-36091.0,-3090.0,50.0,False,False,PASS_SUBSET_GROSS_FLOWS
413208,2019-12-31,66466013.0,42769.0,7606.0,20543022.0,,21699345.0,0.12551121262234843,172887701.0,53645668.0,1250.0,3084.0,-1834.0,2,,0,0,0,0,0,0.8071142765852376,35163.0,-36997.0,-41519.0,-4522.0,50.0,False,False,PASS_SUBSET_GROSS_FLOWS
413208,2020-03-31,78906280.0,57608.0,9708.0,20323943.0,,21619707.0,0.10708885734650564,201885682.0,65348096.0,2019.0,4255.0,-2236.0,2,,0,0,0,0,0,0.8281735750310368,47900.0,-50136.0,-55589.0,-5453.0,50.0,False,False,PASS_SUBSET_GROSS_FLOWS
413208,2020-06-30,71132142.0,84445.0,8385.0,20412612.0,,21629855.0,0.10248911723408799,211045383.0,58984173.0,696.0,3419.0,-2723.0,2,,0,0,0,0,0,0.8292196936794058,76060.0,-78783.0,-83749.0,-4966.0,50.0,False,False,PASS_SUBSET_GROSS_FLOWS
413208,2020-09-30,68513125.0,45321.0,10051.0,20554052.0,,21821585.0,0.10773805023588748,202542973.0,54044661.0,12645.0,2112.0,10533.0,2,,0,0,0,0,0,0.7888220103812226,35270.0,-24737.0,-32676.0,-7939.0,50.0,False,False,PASS_SUBSET_GROSS_FLOWS
413208,2020-12-31,64326831.0,41026.0,12322.0,20679973.0,,21842978.0,0.11032902392739061,197980343.0,50538049.0,207.0,3800.0,-3593.0,2,,0,0,0,0,0,0.7856449356256956,28704.0,-32297.0,-40819.0,-8522.0,50.0,False,False,PASS_SUBSET_GROSS_FLOWS
413208,2021-03-31,62218194.0,25704.0,8304.0,20874282.0,,21456397.0,0.1100827149375776,194911590.0,49368474.0,886.0,3841.0,-2955.0,2,,0,0,0,0,0,0.7934732724643213,17400.0,-20355.0,-24818.0,-4463.0,50.0,False,False,PASS_SUBSET_GROSS_FLOWS
413208,2021-06-30,58597526.0,113596.0,9244.0,21024422.0,,21709657.0,0.11146637893955157,194764172.0,47038675.0,9256.0,4336.0,4920.0,2,,0,0,0,0,0,0.8027416549975165,104352.0,-99432.0,-104340.0,-4908.0,50.0,False,False,PASS_SUBSET_GROSS_FLOWS
413208,2021-09-30,59136759.0,16871.0,8599.0,21164311.0,,21767876.0,0.1090504984935686,199612806.0,46831865.0,465.0,4669.0,-4204.0,2,,0,0,0,0,0,0.7919247823506865,8272.0,-12476.0,-16406.0,-3930.0,50.0,False,False,PASS_SUBSET_GROSS_FLOWS
413208,2021-12-31,58959242.0,9838.0,8614.0,20165475.0,,20618016.0,0.10969553017822888,187956756.0,45844886.0,9569.0,4003.0,5566.0,2,,0,0,0,0,0,0.7775691213940641,1224.0,4342.0,-269.0,-4611.0,50.0,False,False,PASS_SUBSET_GROSS_FLOWS
413208,2022-03-31,57515959.0,21862.0,10392.0,20509820.0,,19642171.0,0.11242057961845227,174720421.0,44416159.0,1007.0,2718.0,-1711.0,2,,0,0,0,0,0,0.7722406054291818,11470.0,-13181.0,-20855.0,-7674.0,50.0,False,False,PASS_SUBSET_GROSS_FLOWS
413208,2022-06-30,60221118.0,2142.0,6482.0,20637333.0,,19165626.0,0.11345648395117956,168924907.0,46964683.0,262.0,2033.0,-1771.0,2,,0,0,0,0,0,0.7798706593258531,-4340.0,2569.0,-1880.0,-4449.0,50.0,False,False,PASS_SUBSET_GROSS_FLOWS
413208,2022-09-30,60000871.0,2452.0,3585.0,19834290.0,,17689329.0,0.10607343013553605,166764938.0,47175012.0,120.0,892.0,-772.0,2,,0,0,0,0,0,0.7862387864336169,-1133.0,361.0,-2332.0,-2693.0,50.0,False,False,PASS_SUBSET_GROSS_FLOWS
413208,2022-12-31,57565442.0,-300.0,-196.0,17992150.0,,15885717.0,0.0977964520383736,162436537.0,45962608.0,3415.0,1169.0,2246.0,2,,1,1,0,0,1,0.798440981309585,-104.0,2350.0,3715.0,1365.0,50.0,True,True,EXPLAINED_YTD_RECLASS_GROSS_FLOW
413208,2023-03-31,58185494.0,11001.0,2825.0,18287314.0,,16505538.0,0.10034258169162547,164491861.0,46628350.0,3694.0,437.0,3257.0,2,,0,0,0,0,0,0.8013741363096445,8176.0,-4919.0,-7307.0,-2388.0,50.0,False,False,PASS_SUBSET_GROSS_FLOWS
413208,2023-06-30,57083680.0,4470.0,4054.0,17515817.0,,15593907.0,0.09439144298271282,165204668.0,46126635.0,324.0,1496.0,-1172.0,2,,0,0,0,0,0,0.8080529321164999,416.0,-1588.0,-4146.0,-2558.0,50.0,False,False,PASS_SUBSET_GROSS_FLOWS
413208,2023-09-30,55227356.0,36339.0,4962.0,17806411.0,,15591325.0,0.09665812326521085,161303825.0,45415726.0,126.0,800.0,-674.0,2,,0,0,0,0,0,0.8223411238444948,31377.0,-32051.0,-36213.0,-4162.0,50.0,False,False,PASS_SUBSET_GROSS_FLOWS
413208,2023-12-31,56283717.0,10288.0,6073.0,16907292.0,,15470760.0,0.09366476762152913,165171605.0,46276458.0,242.0,467.0,-225.0,2,,0,0,0,0,0,0.8221997491743482,4215.0,-4440.0,-10046.0,-5606.0,50.0,False,False,PASS_SUBSET_GROSS_FLOWS
413208,2024-03-31,56255402.0,3877.0,3399.0,17194088.0,,15662652.0,0.09604850268322418,163070236.0,46819342.0,92.0,1189.0,-1097.0,2,,0,0,0,0,0,0.8322639308488099,478.0,-1575.0,-3785.0,-2210.0,50.0,False,False,PASS_SUBSET_GROSS_FLOWS
413208,2024-06-30,57143489.0,52703.0,3074.0,17438820.0,,15846485.0,0.09963353134729196,159047710.0,47410592.0,60.0,1507.0,-1447.0,2,,0,0,0,0,0,0.8296761858555749,49629.0,-51076.0,-52643.0,-1567.0,50.0,False,False,PASS_SUBSET_GROSS_FLOWS
413208,2024-09-30,58175026.0,8196.0,2654.0,17026633.0,,15877542.0,0.09727362254803652,163225565.0,47634390.0,188.0,1085.0,-897.0,2,,0,0,0,0,0,0.8188116667107291,5542.0,-6439.0,-8008.0,-1569.0,50.0,False,False,PASS_SUBSET_GROSS_FLOWS
413208,2024-12-31,57113983.0,18587.0,3347.0,17004216.0,,15733589.0,0.09545943995115533,164819624.0,44718956.0,17586.0,1465.0,16121.0,2,,0,0,0,0,0,0.782977366505852,15240.0,881.0,-1001.0,-1882.0,50.0,False,False,PASS_SUBSET_GROSS_FLOWS
413208,2025-03-31,57668307.0,10844.0,3500.0,17261794.0,,16100625.0,0.09685368228308305,166236581.0,46193022.0,48.0,1009.0,-961.0,2,,0,0,0,0,0,0.801012278720095,7344.0,-8305.0,-10796.0,-2491.0,50.0,False,False,PASS_SUBSET_GROSS_FLOWS
413208,2025-06-30,57932176.0,53656.0,3478.0,17591037.0,,16405374.0,0.09664294794695029,169752417.0,50081276.0,27097.0,2812.0,24285.0,2,,0,0,0,0,0,0.8644811822707988,50178.0,-25893.0,-26559.0,-666.0,50.0,False,False,PASS_SUBSET_GROSS_FLOWS
413208,2025-09-30,57368790.0,36510.0,5841.0,17519812.0,,16454465.0,0.1014206096276405,162239855.0,49511640.0,2886.0,1568.0,1318.0,2,,0,0,0,0,0,0.863041385394393,30669.0,-29351.0,-33624.0,-4273.0,50.0,False,False,PASS_SUBSET_GROSS_FLOWS
413208,2025-12-31,54342498.0,54821.0,2680.0,17072130.0,,16200640.0,0.09802986928360417,165262283.0,45637994.0,34794.0,1145.0,33649.0,2,,0,0,1,0,1,0.8398214230048828,52141.0,-18492.0,-20027.0,-1535.0,50.0,False,False,PASS_SUBSET_GROSS_FLOWS
485559,2005-03-31,22493630.0,11022.0,3949.0,2271168.0,0.0866,2651229.0,0.0759861424253404,34890954.0,13107823.0,4708.0,2024.0,2684.0,3,,0,0,0,0,0,0.582734889833255,7073.0,-4389.0,-6314.0,-1925.0,50.0,False,False,PASS_SUBSET_GROSS_FLOWS
485559,2005-06-30,24256822.0,13642.0,3358.0,2323765.0,0.0829,2721613.0,0.07377170401359413,36892370.0,14448313.0,7031.0,1531.0,5500.0,3,,0,0,0,0,0,0.5956391566875496,10284.0,-4784.0,-6611.0,-1827.0,50.0,False,False,PASS_SUBSET_GROSS_FLOWS
485559,2005-09-30,24402744.0,12900.0,3722.0,2399312.0,0.0829,2805382.0,0.07630797382097998,36763943.0,14754982.0,4766.0,1259.0,3507.0,3,,0,0,0,0,0,0.6046443793370123,9178.0,-5671.0,-8134.0,-2463.0,50.0,False,False,PASS_SUBSET_GROSS_FLOWS
485559,2005-12-31,25068833.0,14586.0,3603.0,2451252.0,0.0822,2853087.0,0.07861350722379065,36292580.0,16160188.0,6155.0,1576.0,4579.0,3,,0,0,0,0,0,0.6446326400594714,10983.0,-6404.0,-8431.0,-2027.0,50.0,False,False,PASS_SUBSET_GROSS_FLOWS
485559,2006-03-31,24823390.0,14791.0,3493.0,2480785.0,0.0832,2897804.0,0.07832053840174105,36999286.0,16174207.0,6089.0,1233.0,4856.0,3,,0,0,0,0,0,0.6515712398669158,11298.0,-6442.0,-8702.0,-2260.0,50.0,False,False,PASS_SUBSET_GROSS_FLOWS
485559,2006-06-30,24972315.0,17518.0,3689.0,2526694.0,0.0848,2932633.0,0.07892883955914355,37155405.0,16321788.0,10769.0,1346.0,9423.0,3,,0,0,0,0,0,0.6535953114478974,13829.0,-4406.0,-6749.0,-2343.0,50.0,False,False,PASS_SUBSET_GROSS_FLOWS
485559,2006-09-30,24785741.0,19782.0,3357.0,2568052.0,0.0819,2994437.0,0.07529151340056214,39771242.0,16302293.0,10533.0,1234.0,9299.0,3,,0,0,0,0,0,0.6577286916699404,16425.0,-7126.0,-9249.0,-2123.0,50.0,False,False,PASS_SUBSET_GROSS_FLOWS
485559,2006-12-31,25010268.0,16535.0,3008.0,2595153.0,0.086,2943845.0,0.07827607126603216,37608492.0,16639501.0,9652.0,1306.0,8346.0,3,,0,0,0,0,0,0.6653067851971838,13527.0,-5181.0,-6883.0,-1702.0,50.0,False,False,PASS_SUBSET_GROSS_FLOWS
485559,2007-03-31,25191757.0,29665.0,3045.0,2604141.0,0.0836,2962156.0,0.07689386534267353,38522657.0,17104347.0,19320.0,1054.0,18266.0,3,,0,0,0,0,0,0.6789660205121858,26620.0,-8354.0,-10345.0,-1991.0,50.0,False,False,PASS_SUBSET_GROSS_FLOWS
485559,2007-06-30,25714528.0,38819.0,3524.0,2581611.0,0.0834,2915239.0,0.07660176799728576,38057072.0,17636076.0,27882.0,1545.0,26337.0,3,,0,0,0,0,0,0.6858409378542745,35295.0,-8958.0,-10937.0,-1979.0,50.0,False,False,PASS_SUBSET_GROSS_FLOWS
485559,2007-09-30,25440342.0,41134.0,4474.0,2575210.0,0.0839,2910633.0,0.0783308647881323,37158188.0,16870011.0,30404.0,2576.0,27828.0,3,,0,0,0,0,0,0.6631204486166106,36660.0,-8832.0,-10730.0,-1898.0,50.0,False,False,PASS_SUBSET_GROSS_FLOWS
485559,2007-12-31,25856817.0,54893.0,4099.0,2333782.0,0.0777,2593333.0,0.07061378535746368,36725591.0,17599903.0,39621.0,2638.0,36983.0,3,,0,0,0,0,0,0.6806678099628427,50794.0,-13811.0,-15272.0,-1461.0,50.0,False,False,PASS_SUBSET_GROSS_FLOWS
485559,2008-03-31,25756949.0,101756.0,2618.0,2348502.0,0.0795,2600134.0,0.07015260940632717,37063967.0,12772167.0,8574.0,465.0,8109.0,2,,0,0,0,0,0,0.495872667216913,99138.0,-91029.0,-93182.0,-2153.0,50.0,False,False,PASS_SUBSET_GROSS_FLOWS
485559,2008-06-30,24780180.0,131768.0,3714.0,2936702.0,0.1024,3182059.0,0.0901777301524253,35286528.0,12237080.0,17064.0,536.0,16528.0,2,,0,0,0,0,0,0.49382530716080353,128054.0,-111526.0,-114704.0,-3178.0,50.0,False,False,PASS_SUBSET_GROSS_FLOWS
485559,2008-09-30,22320675.0,160199.0,5506.0,2844757.0,0.1084,3070098.0,0.09421314967981594,32586725.0,10323163.0,46565.0,1548.0,45017.0,3,,0,0,0,0,0,0.462493316174354,154693.0,-109676.0,-113634.0,-3958.0,50.0,False,False,PASS_SUBSET_GROSS_FLOWS
485559,2008-12-31,21845503.0,199075.0,7829.0,3578078.0,0.1434,3666880.0,0.11910510325064606,30786926.0,10412242.0,59031.0,3788.0,55243.0,3,,0,0,0,0,0,0.47663091117654743,191246.0,-136003.0,-140044.0,-4041.0,50.0,False,False,PASS_SUBSET_GROSS_FLOWS
485559,2009-03-31,21216809.0,217161.0,8883.0,3518478.0,0.1433,3615670.0,0.11674255948489101,30971310.0,12475408.0,60834.0,3511.0,57323.0,3,,0,0,0,0,0,0.5879964324512701,208278.0,-150955.0,-156327.0,-5372.0,50.0,False,False,PASS_SUBSET_GROSS_FLOWS
485559,2009-06-30,20067781.0,250330.0,10881.0,3421808.0,0.1493,3517865.0,0.12324758282000099,28543075.0,12005859.0,76987.0,2315.0,74672.0,3,,0,0,0,0,0,0.5982653986507028,239449.0,-164777.0,-173343.0,-8566.0,50.0,False,False,PASS_SUBSET_GROSS_FLOWS
485559,2009-09-30,19028147.0,212562.0,10844.0,3404527.0,0.1562,3509101.0,0.13378225283286918,26229944.0,11493691.0,116644.0,8256.0,108388.0,3,,0,0,0,0,0,0.6040362732114694,201718.0,-93330.0,-95918.0,-2588.0,50.0,False,False,PASS_SUBSET_GROSS_FLOWS
485559,2009-12-31,18577106.0,196909.0,14058.0,3361374.0,0.1587,3455125.0,0.13370234361087285,25841918.0,11001643.0,116774.0,6561.0,110213.0,3,,0,0,0,0,0,0.5922151168217482,182851.0,-72638.0,-80135.0,-7497.0,50.0,False,False,PASS_SUBSET_GROSS_FLOWS
485559,2010-03-31,17990681.0,193955.0,11523.0,3352967.0,0.161,3437957.0,0.13370455543884888,25713088.0,10709745.0,108887.0,6492.0,102395.0,3,,0,0,0,0,0,0.5952940302815664,182432.0,-80037.0,-85068.0,-5031.0,50.0,False,False,PASS_SUBSET_GROSS_FLOWS
485559,2010-06-30,17659935.0,145988.0,13198.0,3383021.0,0.1639,3469490.0,0.1332208993571281,26043136.0,10318486.0,77490.0,7726.0,69764.0,3,,0,0,0,0,0,0.5842878810142846,132790.0,-63026.0,-68498.0,-5472.0,50.0,False,False,PASS_SUBSET_GROSS_FLOWS
485559,2010-09-30,17474367.0,125801.0,14431.0,3424071.0,0.1701,3503896.0,0.13921701059864655,25168591.0,10225905.0,69857.0,6814.0,63043.0,3,,0,0,0,0,0,0.5851945881644811,111370.0,-48327.0,-55944.0,-7617.0,50.0,False,False,PASS_SUBSET_GROSS_FLOWS
485559,2010-12-31,17158310.0,110861.0,10759.0,3137623.0,0.1576,3203641.0,0.130857103878036,24481980.0,10270812.0,68483.0,5947.0,62536.0,3,,0,0,0,0,0,0.5985911199879242,100102.0,-37566.0,-42378.0,-4812.0,50.0,False,False,PASS_SUBSET_GROSS_FLOWS
485559,2011-03-31,16340123.0,87352.0,10681.0,3201546.0,0.1654,3251766.0,0.1342903045788649,24214451.0,10074431.0,39224.0,3551.0,35673.0,2,,0,0,0,0,0,0.6165456037264836,76671.0,-40998.0,-48128.0,-7130.0,50.0,False,False,PASS_SUBSET_GROSS_FLOWS
485559,2011-06-30,16456395.0,83344.0,17307.0,3250279.0,0.1678,3301255.0,0.13294191052367577,24832312.0,10183794.0,38048.0,5860.0,32188.0,2,,0,0,0,0,0,0.6188350486239544,66037.0,-33849.0,-45296.0,-11447.0,50.0,False,False,PASS_SUBSET_GROSS_FLOWS
485559,2011-09-30,16624513.0,120655.0,14209.0,3303820.0,0.168,3372271.0,0.13310839611627862,25334773.0,9971811.0,70168.0,6121.0,64047.0,2,,0,0,0,0,0,0.5998257512866693,106446.0,-42399.0,-50487.0,-8088.0,50.0,False,False,PASS_SUBSET_GROSS_FLOWS
485559,2011-12-31,16808020.0,85917.0,10624.0,3247267.0,0.164,3268009.0,0.13304381049777098,24563405.0,9907010.0,26203.0,4904.0,21299.0,2,,0,0,0,0,0,0.5894215975468854,75293.0,-53994.0,-59714.0,-5720.0,50.0,False,False,PASS_SUBSET_GROSS_FLOWS
485559,2012-03-31,16400511.0,57083.0,10748.0,3290384.0,0.1684,3313411.0,0.13024422499636792,25439984.0,9868242.0,27566.0,3104.0,24462.0,2,,0,0,0,0,0,0.6017033249756669,46335.0,-21873.0,-29517.0,-7644.0,50.0,False,False,PASS_SUBSET_GROSS_FLOWS
485559,2012-06-30,16606924.0,49728.0,9763.0,3044183.0,0.1534,3099340.0,0.12268963821334081,25261628.0,9951926.0,17228.0,4057.0,13171.0,2,,0,0,0,0,0,0.5992636565326607,39965.0,-26794.0,-32500.0,-5706.0,50.0,False,False,PASS_SUBSET_GROSS_FLOWS
485559,2012-09-30,16931413.0,87022.0,7715.0,3080650.0,0.1548,3139555.0,0.12309820139406907,25504475.0,9765940.0,30759.0,4156.0,26603.0,2,,0,0,0,0,0,0.576794151793474,79307.0,-52704.0,-56263.0,-3559.0,50.0,False,False,PASS_SUBSET_GROSS_FLOWS
485559,2012-12-31,17107659.0,31177.0,11396.0,3122204.0,0.1567,3161577.0,0.12503919862642554,25284687.0,9884728.0,10810.0,3569.0,7241.0,2,,0,0,0,0,0,0.5777954774525258,19781.0,-12540.0,-20367.0,-7827.0,50.0,False,False,PASS_SUBSET_GROSS_FLOWS
485559,2013-03-31,16277859.0,36100.0,9354.0,2994963.0,0.1498,3026852.0,0.12145667337941209,24921249.0,10029726.0,13530.0,3742.0,9788.0,2,,0,0,0,0,0,0.61615756715917,26746.0,-16958.0,-22570.0,-5612.0,50.0,False,False,PASS_SUBSET_GROSS_FLOWS
485559,2013-06-30,16579562.0,30272.0,11989.0,3036627.0,0.1501,3041116.0,0.12212324588555533,24902024.0,10100553.0,10146.0,4672.0,5474.0,2,,0,0,0,0,0,0.6092171192459729,18283.0,-12809.0,-20126.0,-7317.0,50.0,False,False,PASS_SUBSET_GROSS_FLOWS
485559,2013-09-30,15777394.0,26045.0,9820.0,2922639.0,0.1533,2956656.0,0.12337867216834598,23964077.0,10010427.0,7569.0,3787.0,3782.0,2,,0,0,0,0,0,0.6344791161328671,16225.0,-12443.0,-18476.0,-6033.0,50.0,False,False,PASS_SUBSET_GROSS_FLOWS
485559,2013-12-31,15756970.0,29001.0,12101.0,2991866.0,0.1599,3039883.0,0.12904474263794755,23556814.0,9791124.0,13851.0,4852.0,8999.0,2,,0,0,0,0,0,0.6213836797303035,16900.0,-7901.0,-15150.0,-7249.0,50.0,False,False,PASS_SUBSET_GROSS_FLOWS
485559,2014-03-31,15478090.0,24692.0,8129.0,,,3099048.0,0.13067949417066319,23714876.0,9718191.0,8319.0,3918.0,4401.0,2,,0,0,0,0,0,0.627867585729247,16563.0,-12162.0,-16373.0,-4211.0,50.0,False,False,PASS_SUBSET_GROSS_FLOWS
485559,2014-06-30,16152305.0,18764.0,10146.0,,,3202438.0,0.13339820992590207,24006604.0,10006975.0,6687.0,4993.0,1694.0,2,,0,0,0,0,0,0.619538511686103,8618.0,-6924.0,-12077.0,-5153.0,50.0,False,False,PASS_SUBSET_GROSS_FLOWS
485559,2014-09-30,15961173.0,23684.0,12697.0,,,3161888.0,0.1330386407631286,23766689.0,9806356.0,8389.0,4127.0,4262.0,2,,0,0,0,0,0,0.6143881781119721,10987.0,-6725.0,-15295.0,-8570.0,50.0,False,False,PASS_SUBSET_GROSS_FLOWS
485559,2014-12-31,16369140.0,23306.0,11113.0,,,3065919.0,0.12041006010607991,25462316.0,9974155.0,7878.0,5520.0,2358.0,2,,0,0,0,0,0,0.6093267575449901,12193.0,-9835.0,-15428.0,-5593.0,50.0,False,False,PASS_SUBSET_GROSS_FLOWS
485559,2015-03-31,16863726.0,17999.0,8879.0,2593144.0,,3008758.0,0.11796384997382749,25505763.0,10066137.0,4551.0,3664.0,887.0,2,,0,0,0,0,0,0.5969106115694717,9120.0,-8233.0,-13448.0,-5215.0,50.0,False,False,PASS_SUBSET_GROSS_FLOWS
485559,2015-06-30,17061947.0,19434.0,10457.0,2669374.0,,3050255.0,0.1218419557538169,25034521.0,10057068.0,4553.0,3419.0,1134.0,2,,0,0,0,0,0,0.5894443348112616,8977.0,-7843.0,-14881.0,-7038.0,50.0,False,False,PASS_SUBSET_GROSS_FLOWS
485559,2015-09-30,16847697.0,21810.0,10273.0,2414208.0,,2803902.0,0.11126748010111567,25199654.0,10257952.0,4422.0,3792.0,630.0,2,,0,0,0,0,0,0.6088637515263956,11537.0,-10907.0,-17388.0,-6481.0,50.0,False,False,PASS_SUBSET_GROSS_FLOWS
485559,2015-12-31,17810757.0,16614.0,15042.0,2525912.0,,2914532.0,0.11212095589018829,25994534.0,10905770.0,3298.0,3103.0,195.0,2,,0,0,0,0,0,0.6123136708900133,1572.0,-1377.0,-13316.0,-11939.0,50.0,False,False,PASS_SUBSET_GROSS_FLOWS
485559,2016-03-31,17689108.0,17612.0,8404.0,2522884.0,,2965853.0,0.11078451012348303,26771369.0,11052046.0,3059.0,2807.0,252.0,2,,0,0,0,0,0,0.6247938561967059,9208.0,-8956.0,-14553.0,-5597.0,50.0,False,False,PASS_SUBSET_GROSS_FLOWS
485559,2016-06-30,18704866.0,18295.0,10069.0,2468567.0,,2929093.0,0.10708303841344022,27353473.0,11347346.0,3523.0,3506.0,17.0,2,,0,0,0,0,0,0.6066520872162356,8226.0,-8209.0,-14772.0,-6563.0,50.0,False,False,PASS_SUBSET_GROSS_FLOWS
485559,2016-09-30,19708980.0,10363.0,8112.0,2508584.0,,2953548.0,0.10453541109143212,28254043.0,12293481.0,2046.0,3063.0,-1017.0,2,,0,0,0,0,0,0.6237502397384339,2251.0,-3268.0,-8317.0,-5049.0,50.0,False,False,PASS_SUBSET_GROSS_FLOWS
485559,2016-12-31,19698476.0,11369.0,11880.0,2538382.0,,2891398.0,0.10198283277212873,28351811.0,12312420.0,2760.0,3359.0,-599.0,2,,0,0,0,0,0,0.6250442927666079,-511.0,-88.0,-8609.0,-8521.0,50.0,False,False,PASS_SUBSET_GROSS_FLOWS
485559,2017-03-31,19193151.0,8413.0,9313.0,2543418.0,,2912491.0,0.09900656926339123,29417149.0,12267177.0,2044.0,4569.0,-2525.0,3,,0,0,0,0,0,0.639143463207266,-900.0,-1625.0,-6369.0,-4744.0,50.0,False,False,PASS_SUBSET_GROSS_FLOWS
485559,2017-06-30,20421720.0,9829.0,7119.0,2525919.0,,2973294.0,0.10190703254882845,29176534.0,12855968.0,3389.0,3061.0,328.0,3,,0,0,0,0,0,0.6295242516301272,2710.0,-2382.0,-6440.0,-4058.0,50.0,False,False,PASS_SUBSET_GROSS_FLOWS
485559,2017-09-30,20504530.0,10671.0,8281.0,2532669.0,,2974650.0,0.10104768374515703,29438082.0,13131520.0,4803.0,3851.0,952.0,3,,0,0,0,0,0,0.6404204339236257,2390.0,-1438.0,-5868.0,-4430.0,50.0,False,False,PASS_SUBSET_GROSS_FLOWS
485559,2017-12-31,28357574.0,17480.0,9168.0,3317684.0,,4913065.0,0.11924618380246609,41201025.0,19263650.0,5918.0,4777.0,1141.0,3,,0,0,0,0,0,0.6793123417398117,8312.0,-7171.0,-11562.0,-4391.0,50.0,False,False,PASS_SUBSET_GROSS_FLOWS
485559,2018-03-31,28019922.0,8348.0,6987.0,3393338.0,,4957990.0,0.12319350511001875,40245547.0,19480763.0,2137.0,2645.0,-508.0,3,,0,0,0,0,0,0.6952468675680111,1361.0,-1869.0,-6211.0,-4342.0,50.0,False,False,PASS_SUBSET_GROSS_FLOWS
485559,2018-06-30,28394268.0,10143.0,8411.0,3388698.0,,4928253.0,0.12059193112557515,40867187.0,19536644.0,4671.0,2749.0,1922.0,3,,0,0,0,0,0,0.6880488695817057,1732.0,190.0,-5472.0,-5662.0,50.0,False,False,PASS_SUBSET_GROSS_FLOWS
485559,2018-09-30,28075032.0,9482.0,7979.0,3577163.0,,5046792.0,0.12484949783299144,40423006.0,19570902.0,1788.0,3051.0,-1263.0,3,,0,0,0,0,0,0.6970927762433182,1503.0,-2766.0,-7694.0,-4928.0,50.0,False,False,PASS_SUBSET_GROSS_FLOWS
485559,2018-12-31,28214201.0,17824.0,6289.0,3492541.0,,5035921.0,0.12392740879989457,40636055.0,19941724.0,10352.0,1635.0,8717.0,3,,0,0,0,0,0,0.7067974031942283,11535.0,-2818.0,-7472.0,-4654.0,50.0,False,False,PASS_SUBSET_GROSS_FLOWS
485559,2019-03-31,28583964.0,10527.0,6014.0,3504505.0,,5096172.0,0.12454272538869778,40919066.0,20161949.0,4226.0,2603.0,1623.0,3,,0,0,0,0,0,0.7053587459038222,4513.0,-2890.0,-6301.0,-3411.0,50.0,False,False,PASS_SUBSET_GROSS_FLOWS
485559,2019-06-30,30159146.0,12223.0,7061.0,3581426.0,,5171473.0,0.12316344635580526,41988700.0,19753855.0,3244.0,2684.0,560.0,3,,0,0,0,0,0,0.6549872134973583,5162.0,-4602.0,-8979.0,-4377.0,50.0,False,False,PASS_SUBSET_GROSS_FLOWS
485559,2019-09-30,31814644.0,24337.0,9737.0,3686677.0,,5261077.0,0.12085346149937509,43532696.0,20318913.0,19213.0,4009.0,15204.0,3,,0,0,0,0,0,0.6386654208671956,14600.0,604.0,-5124.0,-5728.0,50.0,False,False,PASS_SUBSET_GROSS_FLOWS
485559,2019-12-31,31655592.0,11646.0,8804.0,3728683.0,,5333725.0,0.1236772415000787,43126164.0,20732405.0,4951.0,4751.0,200.0,3,,0,0,0,0,0,0.6549365748711949,2842.0,-2642.0,-6695.0,-4053.0,50.0,False,False,PASS_SUBSET_GROSS_FLOWS
485559,2020-03-31,33973936.0,13453.0,6242.0,3745790.0,,5304864.0,0.11280646479908951,47026241.0,21671116.0,8918.0,2596.0,6322.0,3,,0,0,0,0,0,0.6378747519863462,7211.0,-889.0,-4535.0,-3646.0,50.0,False,False,PASS_SUBSET_GROSS_FLOWS
485559,2020-06-30,33454731.0,22907.0,6298.0,3939540.0,,5375020.0,0.11090464697407752,48465237.0,22913972.0,18991.0,2508.0,16483.0,3,,0,0,0,0,0,0.6849247121431047,16609.0,-126.0,-3916.0,-3790.0,50.0,False,False,PASS_SUBSET_GROSS_FLOWS
485559,2020-09-30,60760554.0,78341.0,11751.0,6562872.0,,8210101.0,0.09928928371487603,82688692.0,43812317.0,74891.0,7043.0,67848.0,3,,0,0,0,0,0,0.7210651338037504,66590.0,1258.0,-3450.0,-4708.0,50.0,False,False,PASS_SUBSET_GROSS_FLOWS
485559,2020-12-31,59257937.0,40441.0,11650.0,6832272.0,,8478928.0,0.10107793698452973,83885052.0,42922249.0,34686.0,5419.0,29267.0,3,,0,0,0,0,0,0.72432911392106,28791.0,476.0,-5755.0,-6231.0,50.0,False,False,PASS_SUBSET_GROSS_FLOWS
485559,2021-03-31,59416295.0,23404.0,15391.0,6900636.0,,8450364.0,0.09700301155548821,87114450.0,43211693.0,18209.0,9434.0,8775.0,3,,0,0,0,0,0,0.7272700695995938,8013.0,762.0,-5195.0,-5957.0,50.0,False,False,PASS_SUBSET_GROSS_FLOWS
485559,2021-06-30,57669700.0,5347.0,15087.0,7032855.0,,8633179.0,0.09858142298151727,87574096.0,42145053.0,1241.0,7278.0,-6037.0,3,,0,0,0,0,0,0.7308006284062515,-9740.0,3703.0,-4106.0,-7809.0,50.0,False,False,PASS_SUBSET_GROSS_FLOWS
485559,2021-09-30,56493827.0,19229.0,16287.0,7111605.0,,8694970.0,0.098586823589161,88196066.0,40983694.0,14285.0,10931.0,3354.0,3,,0,0,0,0,0,0.7254543757497611,2942.0,412.0,-4944.0,-5356.0,50.0,False,False,PASS_SUBSET_GROSS_FLOWS
485559,2021-12-31,56038443.0,10638.0,9666.0,7133156.0,,8676040.0,0.09774868004119171,88758641.0,41339217.0,5555.0,5474.0,81.0,3,,0,0,0,1,1,0.7376938898891249,972.0,-891.0,-5083.0,-4192.0,50.0,False,False,PASS_SUBSET_GROSS_FLOWS
485559,2022-03-31,56035992.0,18553.0,8928.0,7145929.0,,8287176.0,0.09382735115060323,88323670.0,41849760.0,11284.0,4870.0,6414.0,3,,0,0,0,0,0,0.7468371399581897,9625.0,-3211.0,-7269.0,-4058.0,50.0,False,False,PASS_SUBSET_GROSS_FLOWS
485559,2022-06-30,57406473.0,21143.0,8766.0,7266622.0,,8150836.0,0.09611409759457457,84803751.0,43239887.0,11888.0,4093.0,7795.0,3,,0,0,0,0,0,0.7532231948825702,12377.0,-4582.0,-9255.0,-4673.0,50.0,False,False,PASS_SUBSET_GROSS_FLOWS
485559,2022-09-30,58041883.0,20974.0,9243.0,7476670.0,,7880109.0,0.09850427206993627,79997637.0,43977531.0,13394.0,4601.0,8793.0,3,,0,0,1,0,1,0.7576861522566385,11731.0,-2938.0,-7580.0,-4642.0,50.0,False,False,PASS_SUBSET_GROSS_FLOWS
485559,2022-12-31,58699175.0,32037.0,6465.0,7699821.0,,8156058.0,0.10367157860451955,78672073.0,44830742.0,24286.0,3709.0,20577.0,3,,0,0,0,0,0,0.7637371734781622,25572.0,-4995.0,-7751.0,-2756.0,50.0,False,False,PASS_SUBSET_GROSS_FLOWS
485559,2023-03-31,59703992.0,21928.0,6118.0,7851733.0,,8490145.0,0.10551289626437536,80465472.0,46024216.0,16564.0,3004.0,13560.0,3,,0,0,0,0,0,0.7708733446165543,15810.0,-2250.0,-5364.0,-3114.0,50.0,False,False,PASS_SUBSET_GROSS_FLOWS
485559,2023-06-30,62091898.0,32548.0,9340.0,7969680.0,,8413660.0,0.09915787239431213,84851155.0,47286163.0,27527.0,6159.0,21368.0,3,,0,0,0,0,0,0.7615512574603533,23208.0,-1840.0,-5021.0,-3181.0,50.0,False,False,PASS_SUBSET_GROSS_FLOWS
485559,2023-09-30,62399634.0,103784.0,8808.0,8135251.0,,8349447.0,0.10152750650472667,82238275.0,47665532.0,96566.0,6159.0,90407.0,3,,0,0,0,0,0,0.7638751855499665,94976.0,-4569.0,-7218.0,-2649.0,50.0,False,False,PASS_SUBSET_GROSS_FLOWS
485559,2023-12-31,61800949.0,40911.0,5034.0,8350218.0,,8952831.0,0.11002959794293246,81367479.0,47297056.0,32363.0,2922.0,29441.0,3,,0,0,0,0,0,0.7653127786112152,35877.0,-6436.0,-8548.0,-2112.0,50.0,False,False,PASS_SUBSET_GROSS_FLOWS
485559,2024-03-31,62157097.0,46267.0,5963.0,8244213.0,,8788756.0,0.10783215957139004,81504034.0,47805572.0,40354.0,3283.0,37071.0,3,,0,0,0,0,0,0.7691088275889075,40304.0,-3233.0,-5913.0,-2680.0,50.0,False,False,PASS_SUBSET_GROSS_FLOWS
485559,2024-06-30,63258372.0,48963.0,15121.0,8343666.0,,8849761.0,0.10800942121448243,81935084.0,48312907.0,43606.0,12532.0,31074.0,3,,0,0,0,0,0,0.7637393355617814,33842.0,-2768.0,-5357.0,-2589.0,50.0,False,False,PASS_SUBSET_GROSS_FLOWS
485559,2024-09-30,62946229.0,33210.0,9044.0,8237814.0,,9032696.0,0.10966995166322088,82362542.0,48426121.0,27923.0,5611.0,22312.0,3,,0,0,0,0,0,0.7693252124761913,24166.0,-1854.0,-5287.0,-3433.0,50.0,False,False,PASS_SUBSET_GROSS_FLOWS
485559,2024-12-31,63128312.0,28686.0,15367.0,8128577.0,,8781595.0,0.10726831436865361,81865694.0,49130351.0,22490.0,12952.0,9538.0,3,,0,0,0,0,0,0.7782617567851331,13319.0,-3781.0,-6196.0,-2415.0,50.0,False,False,PASS_SUBSET_GROSS_FLOWS
485559,2025-03-31,62734406.0,40698.0,11522.0,8234149.0,,9057507.0,0.11154338475211545,81201651.0,50199329.0,36946.0,9345.0,27601.0,3,,0,0,0,0,0,0.800188161501043,29176.0,-1575.0,-3752.0,-2177.0,50.0,False,False,PASS_SUBSET_GROSS_FLOWS
485559,2025-06-30,63669956.0,42956.0,9065.0,8295013.0,,9165820.0,0.11207327912080393,81784169.0,48900019.0,30393.0,5114.0,25279.0,3,,0,0,0,0,0,0.7680234457834398,33891.0,-8612.0,-12563.0,-3951.0,50.0,False,False,PASS_SUBSET_GROSS_FLOWS
485559,2025-09-30,63564309.0,35572.0,9089.0,8387922.0,,9317818.0,0.11241646086138075,82886598.0,49095499.0,20847.0,7039.0,13808.0,3,,0,0,0,0,0,0.7723752491354857,26483.0,-12675.0,-14725.0,-2050.0,50.0,False,False,PASS_SUBSET_GROSS_FLOWS
485559,2025-12-31,64569584.0,46704.0,16279.0,8228816.0,,9188421.0,0.10994517555261103,83572753.0,49080665.0,30210.0,11568.0,18642.0,3,,0,0,0,0,0,0.7601205081327456,30425.0,-11783.0,-16494.0,-4711.0,50.0,False,False,PASS_SUBSET_GROSS_FLOWS
491224,2005-03-31,7962265.0,5399.0,2193.0,921261.0,0.1065,980608.0,0.08260998934149441,11870332.0,2090248.0,2891.0,1668.0,1223.0,3,,0,0,0,0,0,0.26251927058443797,3206.0,-1983.0,-2508.0,-525.0,50.0,False,False,PASS_SUBSET_GROSS_FLOWS
491224,2005-06-30,7766511.0,5202.0,900.0,947947.0,0.111,1010859.0,0.08307117612403542,12168589.0,2132732.0,2465.0,307.0,2158.0,3,,0,0,0,0,0,0.2746061906047645,4302.0,-2144.0,-2737.0,-593.0,50.0,False,False,PASS_SUBSET_GROSS_FLOWS
491224,2005-09-30,7767988.0,5678.0,1142.0,975076.0,0.1128,1032085.0,0.08194963402814866,12594138.0,2193702.0,2982.0,450.0,2532.0,3,,0,0,0,0,0,0.2824028564410759,4536.0,-2004.0,-2696.0,-692.0,50.0,False,False,PASS_SUBSET_GROSS_FLOWS
491224,2005-12-31,7975906.0,12227.0,1341.0,998152.0,0.1142,1051430.0,0.08272591500638642,12709802.0,2330895.0,8859.0,387.0,8472.0,3,,0,0,0,0,0,0.29224203494875695,10886.0,-2414.0,-3368.0,-954.0,50.0,False,False,PASS_SUBSET_GROSS_FLOWS
491224,2006-03-31,8103417.0,6800.0,1580.0,1020692.0,0.1149,1071325.0,0.08236808919564706,13006554.0,2427623.0,4351.0,403.0,3948.0,3,,0,0,0,0,0,0.29958016476259336,5220.0,-1272.0,-2449.0,-1177.0,50.0,False,False,PASS_SUBSET_GROSS_FLOWS
491224,2006-06-30,8277683.0,4318.0,1786.0,1046682.0,0.1155,1093440.0,0.08182991764173218,13362350.0,2542252.0,1351.0,704.0,647.0,3,,0,0,0,0,0,0.30712120770993523,2532.0,-1885.0,-2967.0,-1082.0,50.0,False,False,PASS_SUBSET_GROSS_FLOWS
491224,2006-09-30,8338322.0,4009.0,1454.0,1074130.0,0.1166,1133357.0,0.08435832763802459,13435034.0,2610127.0,1603.0,303.0,1300.0,3,,0,0,0,0,0,0.3130278490084696,2555.0,-1255.0,-2406.0,-1151.0,50.0,False,False,PASS_SUBSET_GROSS_FLOWS
491224,2006-12-31,8402507.0,7786.0,1136.0,1104132.0,0.1195,1166975.0,0.08753726226785626,13331180.0,2601010.0,3956.0,276.0,3680.0,3,,0,0,0,0,0,0.30955166118873806,6650.0,-2970.0,-3830.0,-860.0,50.0,False,False,PASS_SUBSET_GROSS_FLOWS
491224,2007-03-31,8380698.0,3699.0,1236.0,1126362.0,0.1216,1193203.0,0.08915210227929045,13383902.0,2646195.0,1254.0,523.0,731.0,3,,0,0,0,0,0,0.31574875982883527,2463.0,-1732.0,-2445.0,-713.0,50.0,False,False,PASS_SUBSET_GROSS_FLOWS
491224,2007-06-30,8547442.0,4006.0,859.0,1150023.0,0.1224,1214713.0,0.09068049357072701,13395527.0,2665063.0,388.0,27.0,361.0,3,,0,0,0,0,0,0.31179655854932975,3147.0,-2786.0,-3618.0,-832.0,50.0,False,False,PASS_SUBSET_GROSS_FLOWS
491224,2007-09-30,8735875.0,10743.0,1192.0,1168308.0,0.1219,1245738.0,0.09140188845494432,13629237.0,2699632.0,4667.0,423.0,4244.0,3,,0,0,0,0,0,0.30902823128765006,9551.0,-5307.0,-6076.0,-769.0,50.0,False,False,PASS_SUBSET_GROSS_FLOWS
491224,2007-12-31,8891270.0,7219.0,1120.0,1188599.0,0.1223,1282286.0,0.09427421443056003,13601662.0,2773046.0,2566.0,377.0,2189.0,3,,0,0,1,0,1,0.3118841290389337,6099.0,-3910.0,-4653.0,-743.0,50.0,False,False,PASS_SUBSET_GROSS_FLOWS
491224,2008-03-31,8899620.0,4785.0,1283.0,1217274.0,0.1247,1325862.0,0.09508251741030226,13944330.0,2269994.0,1816.0,373.0,1443.0,3,,0,0,0,0,0,0.2550663960933163,3502.0,-2059.0,-2969.0,-910.0,50.0,False,False,PASS_SUBSET_GROSS_FLOWS
491224,2008-06-30,9122362.0,6182.0,1097.0,1240329.0,0.1262,1328669.0,0.09813049185742378,13539818.0,2301668.0,3093.0,376.0,2717.0,3,,0,0,0,0,0,0.25231053097870926,5085.0,-2368.0,-3089.0,-721.0,50.0,False,False,PASS_SUBSET_GROSS_FLOWS
491224,2008-09-30,9396626.0,6176.0,923.0,1261770.0,0.1256,1350976.0,0.09850677554179871,13714549.0,2358191.0,3230.0,293.0,2937.0,3,,0,0,0,0,0,0.25096146212480946,5253.0,-2316.0,-2946.0,-630.0,50.0,False,False,PASS_SUBSET_GROSS_FLOWS
491224,2008-12-31,9497419.0,9339.0,956.0,1262950.0,0.1262,1285924.0,0.09276050217704308,13862840.0,2389589.0,3879.0,384.0,3495.0,3,,0,0,0,0,0,0.25160404105578577,8383.0,-4888.0,-5460.0,-572.0,50.0,False,False,PASS_SUBSET_GROSS_FLOWS
491224,2009-03-31,9433513.0,8841.0,946.0,1268694.0,0.1268,1281352.0,0.08893028420723878,14408500.0,5404455.0,4260.0,361.0,3899.0,3,,0,0,0,0,0,0.57289951262059,7895.0,-3996.0,-4581.0,-585.0,50.0,False,False,PASS_SUBSET_GROSS_FLOWS
491224,2009-06-30,9470653.0,9903.0,1080.0,1273136.0,0.1265,1277152.0,0.08745785813599564,14603056.0,5418574.0,3191.0,354.0,2837.0,3,,0,0,0,0,0,0.5721436526076924,8823.0,-5986.0,-6712.0,-726.0,50.0,False,False,PASS_SUBSET_GROSS_FLOWS
491224,2009-09-30,10679214.0,9685.0,963.0,1348438.0,0.1245,1350146.0,0.08531999468924668,15824497.0,6216971.0,3470.0,276.0,3194.0,3,,0,0,0,0,0,0.5821562335954688,8722.0,-5528.0,-6215.0,-687.0,50.0,False,False,PASS_SUBSET_GROSS_FLOWS
491224,2009-12-31,10664677.0,10420.0,858.0,1349972.0,0.1174,1385136.0,0.08767332770844423,15798830.0,6312002.0,3559.0,314.0,3245.0,3,,0,0,0,0,0,0.5918605879953045,9562.0,-6317.0,-6861.0,-544.0,50.0,False,False,PASS_SUBSET_GROSS_FLOWS
491224,2010-03-31,12097859.0,10255.0,990.0,1459349.0,0.1365,1489644.0,0.08057871725565305,18486817.0,7390786.0,3254.0,191.0,3063.0,3,,0,0,0,0,0,0.6109168572720182,9265.0,-6202.0,-7001.0,-799.0,50.0,False,False,PASS_SUBSET_GROSS_FLOWS
491224,2010-06-30,11824478.0,17625.0,1886.0,1465386.0,0.1376,1509678.0,0.08314489562649383,18157194.0,7177749.0,10112.0,1060.0,9052.0,3,,0,0,0,0,0,0.6070245976186011,15739.0,-6687.0,-7513.0,-826.0,50.0,False,False,PASS_SUBSET_GROSS_FLOWS
491224,2010-09-30,11587637.0,26468.0,1211.0,1500526.0,0.1421,1530633.0,0.08452565540760909,18108502.0,7242700.0,19460.0,343.0,19117.0,3,,0,0,0,0,0,0.6250368388309023,25257.0,-6140.0,-7008.0,-868.0,50.0,False,False,PASS_SUBSET_GROSS_FLOWS
491224,2010-12-31,11297373.0,23141.0,1771.0,1522931.0,0.145,1536461.0,0.08581953790437724,17903394.0,7037846.0,18040.0,946.0,17094.0,3,,0,0,0,0,0,0.6229630552164649,21370.0,-4276.0,-5101.0,-825.0,50.0,False,False,PASS_SUBSET_GROSS_FLOWS
491224,2011-03-31,14098835.0,39637.0,50.0,1898077.0,0.1471,1908980.0,0.09109563958923406,20955778.0,9609174.0,30646.0,47.0,30599.0,3,,0,0,0,0,0,0.6815580152544519,39587.0,-8988.0,-8991.0,-3.0,50.0,False,False,PASS_SUBSET_GROSS_FLOWS
491224,2011-06-30,13985401.0,38222.0,1698.0,1911035.0,0.1473,1933721.0,0.09298073963146426,20797006.0,9514218.0,27416.0,993.0,26423.0,3,,0,0,0,0,0,0.6802964033709151,36524.0,-10101.0,-10806.0,-705.0,50.0,False,False,PASS_SUBSET_GROSS_FLOWS
491224,2011-09-30,14239486.0,44283.0,3789.0,1983101.0,0.1506,2007568.0,0.09688208539358636,20721767.0,9677118.0,35907.0,2403.0,33504.0,3,,0,0,0,0,0,0.679597423671051,40494.0,-6990.0,-8376.0,-1386.0,50.0,False,False,PASS_SUBSET_GROSS_FLOWS
491224,2011-12-31,14036941.0,74698.0,1405.0,1968032.0,0.1475,1956580.0,0.09511004168337647,20571750.0,9625208.0,62558.0,791.0,61767.0,3,,0,0,0,0,0,0.6857055251567987,73293.0,-11526.0,-12140.0,-614.0,50.0,False,False,PASS_SUBSET_GROSS_FLOWS
491224,2012-03-31,13747573.0,30379.0,2020.0,1999222.0,0.1504,1980444.0,0.09519798736967469,20803423.0,9515318.0,23417.0,1330.0,22087.0,3,,0,0,0,0,0,0.6921452972099148,28359.0,-6272.0,-6962.0,-690.0,50.0,False,False,PASS_SUBSET_GROSS_FLOWS
491224,2012-06-30,13538979.0,30932.0,1695.0,2022079.0,0.1519,2006757.0,0.0960661670142366,20889321.0,9446755.0,24206.0,838.0,23368.0,3,,0,0,0,0,0,0.6977450072121392,29237.0,-5869.0,-6726.0,-857.0,50.0,False,False,PASS_SUBSET_GROSS_FLOWS
491224,2012-09-30,13431481.0,15195.0,1196.0,1933367.0,0.145,1926794.0,0.09261777594840384,20803717.0,9414231.0,10715.0,623.0,10092.0,3,,0,0,0,0,0,0.7009078894576108,13999.0,-3907.0,-4480.0,-573.0,50.0,False,False,PASS_SUBSET_GROSS_FLOWS
491224,2012-12-31,13472261.0,23975.0,1559.0,1942101.0,0.1437,1905007.0,0.09111299543465785,20908181.0,9524614.0,13770.0,732.0,13038.0,3,,0,0,0,0,0,0.706979622796797,22416.0,-9378.0,-10205.0,-827.0,50.0,False,False,PASS_SUBSET_GROSS_FLOWS
491224,2013-03-31,13217240.0,28944.0,1551.0,1927455.0,0.1431,1888726.0,0.0901583838600623,20948978.0,9380355.0,20581.0,784.0,19797.0,3,,0,0,0,0,0,0.709706035450669,27393.0,-7596.0,-8363.0,-767.0,50.0,False,False,PASS_SUBSET_GROSS_FLOWS
491224,2013-06-30,13162064.0,10960.0,2131.0,1960469.0,0.1442,1899633.0,0.0906704686888751,20950956.0,9352551.0,7139.0,1131.0,6008.0,3,,0,0,0,0,0,0.7105687223523606,8829.0,-2821.0,-3821.0,-1000.0,50.0,False,False,PASS_SUBSET_GROSS_FLOWS
491224,2013-09-30,13116659.0,14630.0,1796.0,1955040.0,0.1422,1897237.0,0.08964195842219433,21164609.0,9374045.0,10401.0,923.0,9478.0,3,,0,0,0,0,0,0.7146671267431745,12834.0,-3356.0,-4229.0,-873.0,50.0,False,False,PASS_SUBSET_GROSS_FLOWS
491224,2013-12-31,13181721.0,13492.0,1811.0,1983349.0,0.1414,1994167.0,0.09560883898254824,20857559.0,9387787.0,8781.0,1008.0,7773.0,3,,0,0,0,0,0,0.7121821953294263,11681.0,-3908.0,-4711.0,-803.0,50.0,False,False,PASS_SUBSET_GROSS_FLOWS
491224,2014-03-31,13525157.0,10938.0,2389.0,,,2024973.0,0.09268356694328084,21848242.0,9718642.0,7255.0,1583.0,5672.0,3,,0,0,0,0,0,0.7185603834395415,8549.0,-2877.0,-3683.0,-806.0,50.0,False,False,PASS_SUBSET_GROSS_FLOWS
491224,2014-06-30,13575531.0,10905.0,1507.0,,,2066557.0,0.09510093882032898,21730143.0,9737448.0,6775.0,684.0,6091.0,3,,0,0,0,0,0,0.7172793462001597,9398.0,-3307.0,-4130.0,-823.0,50.0,False,False,PASS_SUBSET_GROSS_FLOWS
491224,2014-09-30,13847261.0,8827.0,1949.0,,,2061023.0,0.09538098330819024,21608322.0,9863967.0,5261.0,851.0,4410.0,3,,0,0,0,0,0,0.7123406571162341,6878.0,-2468.0,-3566.0,-1098.0,50.0,False,False,PASS_SUBSET_GROSS_FLOWS
491224,2014-12-31,14168780.0,6957.0,2725.0,,,2047938.0,0.09501464675635089,21553919.0,10032343.0,3395.0,1481.0,1914.0,3,,0,0,0,0,0,0.7080597623789768,4232.0,-2318.0,-3562.0,-1244.0,50.0,False,False,PASS_SUBSET_GROSS_FLOWS
491224,2015-03-31,19158817.0,7177.0,2472.0,2671283.0,,2756713.0,0.08996120039728026,30643355.0,13250703.0,2822.0,1348.0,1474.0,3,,0,0,0,0,0,0.6916242793070156,4705.0,-3231.0,-4355.0,-1124.0,50.0,False,False,PASS_SUBSET_GROSS_FLOWS
491224,2015-06-30,19606048.0,6925.0,1970.0,2719174.0,,2788075.0,0.09051159784999833,30803511.0,13702178.0,2888.0,939.0,1949.0,3,,0,0,0,0,0,0.6988750614096222,4955.0,-3006.0,-4037.0,-1031.0,50.0,False,False,PASS_SUBSET_GROSS_FLOWS
491224,2015-09-30,19928823.0,5695.0,2737.0,2776393.0,,2861078.0,0.09123106508774796,31360787.0,13780800.0,1987.0,1537.0,450.0,3,,0,0,0,0,0,0.6915009481493212,2958.0,-2508.0,-3708.0,-1200.0,50.0,False,False,PASS_SUBSET_GROSS_FLOWS
491224,2015-12-31,20301443.0,8552.0,2255.0,2821475.0,,2874581.0,0.09162437519004868,31373540.0,14051100.0,3539.0,536.0,3003.0,3,,0,0,0,0,0,0.6921232150837751,6297.0,-3294.0,-5013.0,-1719.0,50.0,False,False,PASS_SUBSET_GROSS_FLOWS
491224,2016-03-31,20485528.0,6779.0,2504.0,2776393.0,,2892724.0,0.09026105719979867,32048417.0,14225349.0,2266.0,834.0,1432.0,3,,0,0,0,0,0,0.6944096827770316,4275.0,-2843.0,-4513.0,-1670.0,50.0,False,False,PASS_SUBSET_GROSS_FLOWS
491224,2016-06-30,20828318.0,5896.0,2558.0,2848695.0,,2973634.0,0.09276869201009139,32054284.0,14475636.0,1535.0,1065.0,470.0,3,,0,0,0,0,0,0.6949978389997694,3338.0,-2868.0,-4361.0,-1493.0,50.0,False,False,PASS_SUBSET_GROSS_FLOWS
491224,2016-09-30,21394172.0,5893.0,2327.0,2894035.0,,3008617.0,0.09173867778802546,32795513.0,14827361.0,1922.0,961.0,961.0,3,,0,0,0,0,0,0.6930560808803444,3566.0,-2605.0,-3971.0,-1366.0,50.0,False,False,PASS_SUBSET_GROSS_FLOWS
491224,2016-12-31,21813566.0,11632.0,2450.0,2942829.0,,2932048.0,0.089351526371525,32814750.0,15100236.0,6143.0,693.0,5450.0,3,,0,0,0,0,0,0.6922405992674467,9182.0,-3732.0,-5489.0,-1757.0,50.0,False,False,PASS_SUBSET_GROSS_FLOWS
491224,2017-03-31,21957852.0,8710.0,2627.0,3004141.0,,3018515.0,0.08919254421997216,33842683.0,15323921.0,3587.0,973.0,2614.0,3,,0,0,0,0,0,0.6978788726693304,6083.0,-3469.0,-5123.0,-1654.0,50.0,False,False,PASS_SUBSET_GROSS_FLOWS
491224,2017-06-30,23027137.0,9416.0,4947.0,3134088.0,,3159291.0,0.09131069853562575,34599352.0,15980739.0,3902.0,3409.0,493.0,3,,0,0,0,0,0,0.6939959144725634,4469.0,-3976.0,-5514.0,-1538.0,50.0,False,False,PASS_SUBSET_GROSS_FLOWS
491224,2017-09-30,23221335.0,8494.0,3592.0,3203741.0,,3234659.0,0.09399369835849361,34413573.0,16299594.0,1927.0,2028.0,-101.0,3,,0,0,0,0,0,0.7019232098412946,4902.0,-5003.0,-6567.0,-1564.0,50.0,False,False,PASS_SUBSET_GROSS_FLOWS
491224,2017-12-31,23649353.0,10062.0,2922.0,3189709.0,,3203491.0,0.0932686269194947,34346930.0,16595251.0,4003.0,1219.0,2784.0,3,,0,0,0,0,0,0.7017211422232144,7140.0,-4356.0,-6059.0,-1703.0,50.0,False,False,PASS_SUBSET_GROSS_FLOWS
491224,2018-03-31,23660005.0,9734.0,3352.0,3314782.0,,3246836.0,0.09476248132636816,34262885.0,16695370.0,2623.0,1691.0,932.0,3,,0,0,0,0,0,0.7056367908628929,6382.0,-5450.0,-7111.0,-1661.0,50.0,False,False,PASS_SUBSET_GROSS_FLOWS
491224,2018-06-30,24598560.0,9753.0,3063.0,3344312.0,,3325975.0,0.09526844262394865,34911613.0,17923845.0,2747.0,1170.0,1577.0,3,,0,0,0,0,0,0.7286542382968759,6690.0,-5113.0,-7006.0,-1893.0,50.0,False,False,PASS_SUBSET_GROSS_FLOWS
491224,2018-09-30,24934319.0,9447.0,2940.0,3421586.0,,3397166.0,0.0975132858589021,34837981.0,18169651.0,2257.0,852.0,1405.0,3,,0,0,0,0,0,0.7287005111308634,6507.0,-5102.0,-7190.0,-2088.0,50.0,False,False,PASS_SUBSET_GROSS_FLOWS
491224,2018-12-31,25570303.0,10737.0,3667.0,3315742.0,,3314292.0,0.09397582408459053,35267496.0,18684471.0,3460.0,1886.0,1574.0,3,,0,0,0,0,0,0.7307098003492567,7070.0,-5496.0,-7277.0,-1781.0,50.0,False,False,PASS_SUBSET_GROSS_FLOWS
491224,2019-03-31,25518425.0,10154.0,3467.0,3371324.0,,3397689.0,0.09483132309089208,35828763.0,18795027.0,2314.0,1051.0,1263.0,3,,0,0,0,0,0,0.7365277049817925,6687.0,-5424.0,-7840.0,-2416.0,50.0,False,False,PASS_SUBSET_GROSS_FLOWS
491224,2019-06-30,26832997.0,10602.0,3212.0,3463780.0,,3581631.0,0.09534206304426042,37566116.0,20128309.0,3859.0,720.0,3139.0,3,,0,0,0,0,0,0.7501327190548264,7390.0,-4251.0,-6743.0,-2492.0,50.0,False,False,PASS_SUBSET_GROSS_FLOWS
491224,2019-09-30,27331205.0,9647.0,3123.0,3504389.0,,3619178.0,0.09608777386887832,37665333.0,20441824.0,3098.0,909.0,2189.0,3,,0,0,0,0,0,0.7479298479521851,6524.0,-4335.0,-6549.0,-2214.0,50.0,False,False,PASS_SUBSET_GROSS_FLOWS
491224,2019-12-31,29016345.0,12624.0,3213.0,3554974.0,,3763947.0,0.09460084941901342,39787666.0,21989272.0,5074.0,1327.0,3747.0,3,,0,0,0,0,0,0.7578236335417159,9411.0,-5664.0,-7550.0,-1886.0,50.0,False,False,PASS_SUBSET_GROSS_FLOWS
491224,2020-03-31,29420109.0,14261.0,6755.0,3904111.0,,4215574.0,0.10188214379952362,41376966.0,22511476.0,5439.0,3264.0,2175.0,3,,0,0,0,0,0,0.765173099800548,7506.0,-5331.0,-8822.0,-3491.0,50.0,False,False,PASS_SUBSET_GROSS_FLOWS
491224,2020-06-30,32628910.0,12064.0,4703.0,4015721.0,,4340696.0,0.09075519485476302,47828623.0,25887988.0,5233.0,1945.0,3288.0,3,,0,0,0,0,0,0.7934064607122947,7361.0,-4073.0,-6831.0,-2758.0,50.0,False,False,PASS_SUBSET_GROSS_FLOWS
491224,2020-09-30,33048319.0,8932.0,6376.0,4165911.0,,4485864.0,0.09224766291295447,48628484.0,26249287.0,3904.0,2720.0,1184.0,3,,0,0,0,0,0,0.7942699596914445,2556.0,-1372.0,-5028.0,-3656.0,50.0,False,False,PASS_SUBSET_GROSS_FLOWS
491224,2020-12-31,32965613.0,9848.0,4823.0,4276870.0,,4621675.0,0.09264971107174547,49883318.0,26218858.0,4986.0,1820.0,3166.0,3,,0,0,0,0,0,0.7953396164664069,5025.0,-1859.0,-4862.0,-3003.0,50.0,False,False,PASS_SUBSET_GROSS_FLOWS
491224,2021-03-31,33358187.0,8563.0,5874.0,4396983.0,,4695384.0,0.087241621020765,53820458.0,26803474.0,3948.0,2361.0,1587.0,3,,0,0,0,0,0,0.803505118548559,2689.0,-1102.0,-4615.0,-3513.0,50.0,False,False,PASS_SUBSET_GROSS_FLOWS
491224,2021-06-30,32865826.0,7528.0,5574.0,4468560.0,,4778033.0,0.08671733382592602,55098938.0,26688164.0,2962.0,2234.0,728.0,3,,0,0,0,0,0,0.8120338737264658,1954.0,-1226.0,-4566.0,-3340.0,50.0,False,False,PASS_SUBSET_GROSS_FLOWS
491224,2021-09-30,32683543.0,11073.0,6293.0,4581621.0,,4880045.0,0.08588563401959136,56820271.0,26350976.0,6447.0,3376.0,3071.0,3,,0,0,0,0,0,0.806246005826235,4780.0,-1709.0,-4626.0,-2917.0,50.0,False,False,PASS_SUBSET_GROSS_FLOWS
491224,2021-12-31,32513611.0,8258.0,8695.0,4651226.0,,4987350.0,0.08567013564854699,58215736.0,26280134.0,3765.0,5280.0,-1515.0,3,,0,0,0,0,0,0.8082809996096711,-437.0,-1078.0,-4493.0,-3415.0,50.0,False,False,PASS_SUBSET_GROSS_FLOWS
491224,2022-03-31,65646994.0,292141.0,18211.0,10640752.0,,10815904.0,0.09971223876632003,108471178.0,52729593.0,127893.0,2337.0,125556.0,2,,0,0,0,0,0,0.8032293603573074,273930.0,-148374.0,-164248.0,-15874.0,50.0,False,False,PASS_SUBSET_GROSS_FLOWS
491224,2022-06-30,67811654.0,41030.0,18891.0,10898563.0,,10920711.0,0.10154825150874884,107542088.0,54433806.0,212.0,3248.0,-3036.0,2,,0,0,0,0,0,0.8027205176266604,22139.0,-25175.0,-40818.0,-15643.0,50.0,False,False,PASS_SUBSET_GROSS_FLOWS
491224,2022-09-30,69810396.0,33357.0,15345.0,10327309.0,,10081473.0,0.09237805980979277,109132764.0,56543371.0,350.0,1815.0,-1465.0,2,,0,0,0,0,0,0.8099563136699582,18012.0,-19477.0,-33007.0,-13530.0,50.0,False,False,PASS_SUBSET_GROSS_FLOWS
491224,2022-12-31,70895821.0,38609.0,13870.0,10186073.0,,9934614.0,0.09099286821754275,109180139.0,57495495.0,502.0,2778.0,-2276.0,2,,0,0,0,0,0,0.8109856714967727,24739.0,-27015.0,-38107.0,-11092.0,50.0,False,False,PASS_SUBSET_GROSS_FLOWS
491224,2023-03-31,138440060.0,61766.0,11792.0,19495289.0,,19476985.0,0.09076010107766903,214598538.0,85879384.0,13426.0,1241.0,12185.0,2,,0,0,0,0,0,0.6203362234890681,49974.0,-37789.0,-48340.0,-10551.0,50.0,False,False,PASS_SUBSET_GROSS_FLOWS
491224,2023-06-30,133187295.0,176075.0,19402.0,20142297.0,,20006760.0,0.09554057454923667,209405900.0,86942490.0,17672.0,1215.0,16457.0,2,,0,0,0,0,0,0.6527836607838609,156673.0,-140216.0,-158403.0,-18187.0,50.0,False,False,PASS_SUBSET_GROSS_FLOWS
491224,2023-09-30,133303769.0,199196.0,23066.0,20673291.0,,20412185.0,0.09554349566751011,213642853.0,88989521.0,30941.0,2120.0,28821.0,2,,0,0,0,0,0,0.6675694293384908,176130.0,-147309.0,-168255.0,-20946.0,50.0,False,False,PASS_SUBSET_GROSS_FLOWS
491224,2023-12-31,133419120.0,201243.0,23950.0,21226906.0,,21324217.0,0.09982417660404266,213617760.0,90348224.0,27795.0,1664.0,26131.0,2,,0,0,1,0,1,0.6771759849712695,177293.0,-151162.0,-173448.0,-22286.0,50.0,False,False,PASS_SUBSET_GROSS_FLOWS
491224,2024-03-31,135498000.0,127000.0,25000.0,21726000.0,,21723000.0,0.09977310723668498,217724000.0,91435000.0,30000.0,1000.0,29000.0,2,,0,0,0,0,0,0.6748070082215236,102000.0,-73000.0,-97000.0,-24000.0,50.0,False,False,PASS_SUBSET_GROSS_FLOWS
491224,2024-06-30,139473000.0,160000.0,28000.0,22227000.0,,22165000.0,0.10089446252588934,219685000.0,92080000.0,17000.0,3000.0,14000.0,2,,0,0,0,0,0,0.6601994651294516,132000.0,-118000.0,-143000.0,-25000.0,50.0,False,False,PASS_SUBSET_GROSS_FLOWS
491224,2024-09-30,138805000.0,177000.0,34000.0,21606000.0,,21996000.0,0.09980806142034548,220383000.0,92537000.0,51000.0,2000.0,49000.0,2,,0,0,0,0,0,0.6666690681171428,143000.0,-94000.0,-126000.0,-32000.0,50.0,False,False,PASS_SUBSET_GROSS_FLOWS
491224,2024-12-31,140347000.0,194000.0,32000.0,21851000.0,,21932000.0,0.09811087799662704,223543000.0,91863000.0,33000.0,3000.0,30000.0,2,,0,0,0,0,0,0.6545419567215545,162000.0,-132000.0,-161000.0,-29000.0,50.0,False,False,PASS_SUBSET_GROSS_FLOWS
491224,2025-03-31,141585000.0,167000.0,23000.0,21681000.0,,21996000.0,0.09620700514363693,228632000.0,92162000.0,40000.0,0.0,40000.0,2,,0,0,0,0,0,0.6509305364268814,144000.0,-104000.0,-127000.0,-23000.0,50.0,False,False,PASS_SUBSET_GROSS_FLOWS
491224,2025-06-30,141436000.0,143000.0,24000.0,22289000.0,,22677000.0,0.09884836015552805,229412000.0,91595000.0,20000.0,2000.0,18000.0,2,,0,0,0,0,0,0.647607398399276,119000.0,-101000.0,-123000.0,-22000.0,50.0,False,False,PASS_SUBSET_GROSS_FLOWS
491224,2025-09-30,144867000.0,257000.0,23000.0,21876000.0,,22326000.0,0.09575111400841457,233167000.0,91877000.0,31000.0,1000.0,30000.0,2,,0,0,0,0,0,0.6342162121117991,234000.0,-204000.0,-226000.0,-22000.0,50.0,False,False,PASS_SUBSET_GROSS_FLOWS
491224,2025-12-31,148729000.0,174000.0,30000.0,22796000.0,,23371000.0,0.10190902272687632,229332000.0,91368000.0,42000.0,3000.0,39000.0,2,,0,0,0,0,0,0.6143253837516557,144000.0,-105000.0,-132000.0,-27000.0,50.0,False,False,PASS_SUBSET_GROSS_FLOWS
501105,2005-03-31,38811365.0,26783.0,7900.0,3203300.0,0.0695,6217538.0,0.11648397295242754,53376768.0,17102887.0,6916.0,2267.0,4649.0,3,,0,0,0,0,0,0.44066697989107056,18883.0,-14234.0,-19867.0,-5633.0,50.0,False,False,PASS_SUBSET_GROSS_FLOWS
501105,2005-06-30,39655591.0,21726.0,8114.0,3266310.0,0.0701,6301101.0,0.11678301659281956,53955628.0,17889734.0,4286.0,1697.0,2589.0,3,,0,0,0,0,0,0.4511276606620237,13612.0,-11023.0,-17440.0,-6417.0,50.0,False,False,PASS_SUBSET_GROSS_FLOWS
501105,2005-09-30,40090227.0,28968.0,7527.0,3364635.0,0.0723,6352042.0,0.11694456220034305,54316694.0,18491777.0,4916.0,2210.0,2706.0,3,,0,0,0,0,0,0.46125398591532046,21441.0,-18735.0,-24052.0,-5317.0,50.0,False,False,PASS_SUBSET_GROSS_FLOWS
501105,2005-12-31,40096328.0,30004.0,7171.0,3313343.0,0.0702,6271596.0,0.11530503824284982,54391344.0,18638463.0,7448.0,2104.0,5344.0,3,,0,0,0,0,0,0.4648421421532665,22833.0,-17489.0,-22556.0,-5067.0,50.0,False,False,PASS_SUBSET_GROSS_FLOWS
501105,2006-03-31,40632931.0,25782.0,8965.0,3413440.0,0.0717,6354563.0,0.11620415542817794,54684473.0,19724246.0,6304.0,1433.0,4871.0,3,,0,0,0,0,0,0.4854251346032606,16817.0,-11946.0,-19478.0,-7532.0,50.0,False,False,PASS_SUBSET_GROSS_FLOWS
501105,2006-06-30,41380662.0,17756.0,7773.0,3398608.0,0.0698,6498531.0,0.11648280360125075,55789617.0,20287075.0,4223.0,2566.0,1657.0,3,,0,0,0,0,0,0.49025496498823534,9983.0,-8326.0,-13533.0,-5207.0,50.0,False,False,PASS_SUBSET_GROSS_FLOWS
501105,2006-09-30,41889273.0,22097.0,5598.0,3473157.0,0.0713,6610518.0,0.1187376073965757,55673330.0,20697353.0,6224.0,1460.0,4764.0,3,,0,0,0,0,0,0.4940967345028881,16499.0,-11735.0,-15873.0,-4138.0,50.0,False,False,PASS_SUBSET_GROSS_FLOWS
501105,2006-12-31,42746817.0,29857.0,5550.0,3355935.0,0.0681,6474440.0,0.11483089364714386,56382388.0,21857880.0,9296.0,1267.0,8029.0,3,,0,0,0,0,0,0.5113335105161163,24307.0,-16278.0,-20561.0,-4283.0,50.0,False,False,PASS_SUBSET_GROSS_FLOWS
501105,2007-03-31,43314684.0,24484.0,7304.0,3322456.0,0.0669,6440290.0,0.11308444135438929,56951159.0,21956198.0,7255.0,1050.0,6205.0,3,,0,0,0,0,0,0.5068996463185557,17180.0,-10975.0,-17229.0,-6254.0,50.0,False,False,PASS_SUBSET_GROSS_FLOWS
501105,2007-06-30,43558656.0,28408.0,6881.0,3445746.0,0.0683,6515716.0,0.1142988196781748,57005978.0,22279137.0,11175.0,986.0,10189.0,3,,0,0,0,0,0,0.5114743898434332,21527.0,-11338.0,-17233.0,-5895.0,50.0,False,False,PASS_SUBSET_GROSS_FLOWS
501105,2007-09-30,44599498.0,28987.0,7751.0,3475797.0,0.0674,6510778.0,0.11002220171986905,59176947.0,22440455.0,9300.0,3343.0,5957.0,3,,0,0,0,0,0,0.5031548785593954,21236.0,-15279.0,-19687.0,-4408.0,50.0,False,False,PASS_SUBSET_GROSS_FLOWS
501105,2007-12-31,47847823.0,62962.0,10531.0,3460525.0,0.0625,6832201.0,0.10663226961513282,64072546.0,23711088.0,38122.0,4392.0,33730.0,3,,0,0,0,0,0,0.4955520755876396,52431.0,-18701.0,-24840.0,-6139.0,50.0,False,False,PASS_SUBSET_GROSS_FLOWS
501105,2008-03-31,49110139.0,55598.0,9971.0,3708766.0,0.0657,6932419.0,0.10622237324132691,65263266.0,20181671.0,19859.0,618.0,19241.0,2,,0,0,0,0,0,0.410947136598412,45627.0,-26386.0,-35739.0,-9353.0,50.0,False,False,PASS_SUBSET_GROSS_FLOWS
501105,2008-06-30,48949869.0,109070.0,10351.0,3922777.0,0.0689,7060191.0,0.10848539842174611,65079643.0,19639154.0,19316.0,1184.0,18132.0,2,,0,0,0,0,0,0.4012095313268356,98719.0,-80587.0,-89754.0,-9167.0,50.0,False,False,PASS_SUBSET_GROSS_FLOWS
501105,2008-09-30,48279807.0,101986.0,8309.0,4097122.0,0.0721,7072858.0,0.11011780802467137,64229920.0,18646781.0,28751.0,2477.0,26274.0,3,,0,0,0,0,0,0.3862231885061181,93677.0,-67403.0,-73235.0,-5832.0,50.0,False,False,PASS_SUBSET_GROSS_FLOWS
501105,2008-12-31,48575013.0,152179.0,8957.0,4245071.0,0.0732,6957657.0,0.10733109359516788,64824244.0,18661747.0,83296.0,2863.0,80433.0,3,,0,0,0,0,0,0.38418408657965775,143222.0,-62789.0,-68883.0,-6094.0,50.0,False,False,PASS_SUBSET_GROSS_FLOWS
501105,2009-03-31,48088152.0,109631.0,10642.0,4366873.0,0.0752,7188948.0,0.11310775067775067,63558403.0,32605161.0,43639.0,2371.0,41268.0,3,,0,0,0,0,0,0.678028987264888,98989.0,-57721.0,-65992.0,-8271.0,50.0,False,False,PASS_SUBSET_GROSS_FLOWS
501105,2009-06-30,51901815.0,147953.0,10787.0,4583106.0,0.0719,7853916.0,0.11437546143324938,68667841.0,34110461.0,38980.0,2903.0,36077.0,3,,0,0,0,0,0,0.6572113325901994,137166.0,-101089.0,-108973.0,-7884.0,50.0,False,False,PASS_SUBSET_GROSS_FLOWS
501105,2009-09-30,51403350.0,149357.0,8596.0,4804951.0,0.0762,8165831.0,0.12042648611660049,67807600.0,33781666.0,92348.0,2446.0,89902.0,3,,0,0,0,0,0,0.6571880237377525,140761.0,-50859.0,-57009.0,-6150.0,50.0,False,False,PASS_SUBSET_GROSS_FLOWS
501105,2009-12-31,51152015.0,146500.0,12322.0,4988224.0,0.0796,8413819.0,0.12398730409890303,67860327.0,34186400.0,70474.0,4145.0,66329.0,3,,0,0,0,0,0,0.6683294880954348,134178.0,-67849.0,-76026.0,-8177.0,50.0,False,False,PASS_SUBSET_GROSS_FLOWS
501105,2010-03-31,50675210.0,105265.0,11513.0,5094594.0,0.0824,8576064.0,0.12713006306039892,67458977.0,34161199.0,58888.0,5016.0,53872.0,3,,0,0,0,0,0,0.6741205216515136,93752.0,-39880.0,-46377.0,-6497.0,50.0,False,False,PASS_SUBSET_GROSS_FLOWS
501105,2010-06-30,50309238.0,104675.0,23727.0,5221093.0,0.0849,8749506.0,0.13010243148705378,67250903.0,34011720.0,56461.0,13195.0,43266.0,3,,0,0,0,0,0,0.6760531733754346,80948.0,-37682.0,-48214.0,-10532.0,50.0,False,False,PASS_SUBSET_GROSS_FLOWS
501105,2010-09-30,50057115.0,99522.0,8805.0,5310511.0,0.087,8819729.0,0.1311361699910038,67256265.0,34089461.0,57906.0,3569.0,54337.0,3,,0,0,0,0,0,0.6810113007911063,90717.0,-36380.0,-41616.0,-5236.0,50.0,False,False,PASS_SUBSET_GROSS_FLOWS
501105,2010-12-31,51277332.0,98336.0,22328.0,5406330.0,0.0862,8886488.0,0.13252627879680323,67054535.0,35378767.0,59992.0,4471.0,55521.0,3,,0,0,0,0,0,0.6899494497880662,76008.0,-20487.0,-38344.0,-17857.0,50.0,False,False,PASS_SUBSET_GROSS_FLOWS
501105,2011-03-31,51424048.0,82228.0,8820.0,5506418.0,0.0881,8979855.0,0.13405640865292856,66985645.0,36081081.0,30737.0,1797.0,28940.0,2,,0,0,0,0,0,0.7016382879854188,73408.0,-44468.0,-51491.0,-7023.0,50.0,False,False,PASS_SUBSET_GROSS_FLOWS
501105,2011-06-30,57861534.0,70957.0,12287.0,5653075.0,0.0812,9234158.0,0.12076287035013362,76465208.0,40577097.0,32416.0,5100.0,27316.0,2,,0,0,0,0,0,0.7012793162379691,58670.0,-31354.0,-38541.0,-7187.0,50.0,False,False,PASS_SUBSET_GROSS_FLOWS
501105,2011-09-30,57736545.0,65709.0,9381.0,6229281.0,0.09,9855222.0,0.12845720841362596,76719883.0,41084883.0,24647.0,2498.0,22149.0,2,,0,0,0,0,0,0.7115923372276606,56328.0,-34179.0,-41062.0,-6883.0,50.0,False,False,PASS_SUBSET_GROSS_FLOWS
501105,2011-12-31,59452765.0,87405.0,13982.0,6283825.0,0.0887,9730230.0,0.12655220808093615,76887082.0,43154306.0,41279.0,6783.0,34496.0,2,,0,0,0,0,0,0.7258586879853275,73423.0,-38927.0,-46126.0,-7199.0,50.0,False,False,PASS_SUBSET_GROSS_FLOWS
501105,2012-03-31,60298140.0,59850.0,11796.0,6339521.0,0.0891,9793977.0,0.1252078369960419,78221757.0,44686484.0,23189.0,2312.0,20877.0,2,,0,0,0,0,0,0.7410922459631425,48054.0,-27177.0,-36661.0,-9484.0,50.0,False,False,PASS_SUBSET_GROSS_FLOWS
501105,2012-06-30,62246088.0,63798.0,12133.0,6412257.0,0.0886,9902779.0,0.12402299497507173,79846314.0,46557630.0,25434.0,3061.0,22373.0,2,,0,0,0,0,0,0.7479607393158587,51665.0,-29292.0,-38364.0,-9072.0,50.0,False,False,PASS_SUBSET_GROSS_FLOWS
501105,2012-09-30,63513851.0,49866.0,8252.0,6586916.0,0.0901,10111701.0,0.12617834618721738,80138164.0,47845477.0,17157.0,2104.0,15053.0,2,,0,0,0,0,0,0.7533077627429645,41614.0,-26561.0,-32709.0,-6148.0,50.0,False,False,PASS_SUBSET_GROSS_FLOWS
501105,2012-12-31,65982527.0,55725.0,11791.0,6767774.0,0.0892,10267607.0,0.12508350234201265,82086021.0,50056137.0,23441.0,3105.0,20336.0,2,,0,0,0,0,0,0.7586271589749813,43934.0,-23598.0,-32284.0,-8686.0,50.0,False,False,PASS_SUBSET_GROSS_FLOWS
501105,2013-03-31,65355232.0,48733.0,12166.0,6880284.0,0.0917,10392118.0,0.12690537550754552,81888714.0,49464599.0,18672.0,4997.0,13675.0,2,,0,0,0,0,0,0.7568575228988553,36567.0,-22892.0,-30061.0,-7169.0,50.0,False,False,PASS_SUBSET_GROSS_FLOWS
501105,2013-06-30,65430071.0,76476.0,19299.0,7069920.0,0.0965,10551331.0,0.12808705645451413,82376247.0,49637264.0,10456.0,12040.0,-1584.0,2,,0,0,0,0,0,0.7586307525174472,57177.0,-58761.0,-66020.0,-7259.0,50.0,False,False,PASS_SUBSET_GROSS_FLOWS
501105,2013-09-30,63135078.0,63958.0,16492.0,7241552.0,0.1004,10740251.0,0.12844795466720763,83615586.0,48080254.0,13652.0,4536.0,9116.0,2,,0,0,0,0,0,0.7615458081797254,47466.0,-38350.0,-50306.0,-11956.0,50.0,False,False,PASS_SUBSET_GROSS_FLOWS
501105,2013-12-31,63564549.0,63033.0,22018.0,7341506.0,0.1008,10961375.0,0.12993209896174873,84362333.0,48121478.0,18656.0,7163.0,11493.0,2,,0,0,0,0,0,0.7570489959741553,41015.0,-29522.0,-44377.0,-14855.0,50.0,False,False,PASS_SUBSET_GROSS_FLOWS
501105,2014-03-31,63644201.0,47259.0,15335.0,,,11117146.0,0.12668518454513922,87754113.0,48341645.0,11430.0,4873.0,6557.0,2,,0,0,0,0,0,0.7595608749962939,31924.0,-25367.0,-35829.0,-10462.0,50.0,False,False,PASS_SUBSET_GROSS_FLOWS
501105,2014-06-30,64267338.0,40972.0,12724.0,,,11338612.0,0.12589787610709868,90061980.0,48611381.0,8619.0,3772.0,4847.0,2,,0,0,0,0,0,0.7563932553111193,28248.0,-23401.0,-32353.0,-8952.0,50.0,False,False,PASS_SUBSET_GROSS_FLOWS
501105,2014-09-30,65110652.0,42598.0,14805.0,,,11506135.0,0.11927224096176374,96469513.0,48817619.0,7119.0,3314.0,3805.0,2,,0,0,0,0,0,0.7497639403150195,27793.0,-23988.0,-35479.0,-11491.0,50.0,False,False,PASS_SUBSET_GROSS_FLOWS
501105,2014-12-31,66222118.0,46249.0,14286.0,,,11514726.0,0.1200443942343792,95920564.0,49436366.0,11672.0,7345.0,4327.0,2,,0,0,0,0,0,0.7465234802668196,31963.0,-27636.0,-34577.0,-6941.0,50.0,False,False,PASS_SUBSET_GROSS_FLOWS
501105,2015-03-31,66674612.0,47415.0,11258.0,8240649.0,,11667406.0,0.11946629799655427,97662740.0,49691912.0,11261.0,2233.0,9028.0,2,,0,0,0,0,0,0.7452898563549196,36157.0,-27129.0,-36154.0,-9025.0,50.0,False,False,PASS_SUBSET_GROSS_FLOWS
501105,2015-06-30,67726141.0,32742.0,11551.0,8383857.0,,11731836.0,0.1216853957477641,96411208.0,50168154.0,7388.0,3087.0,4301.0,2,,0,0,0,0,0,0.7407502222812311,21191.0,-16890.0,-25354.0,-8464.0,50.0,False,False,PASS_SUBSET_GROSS_FLOWS
501105,2015-09-30,68155085.0,52959.0,12813.0,8580698.0,,11983235.0,0.12340238342039983,97106998.0,50827745.0,5615.0,2669.0,2946.0,2,,0,0,0,0,0,0.7457659982376957,40146.0,-37200.0,-47344.0,-10144.0,50.0,False,False,PASS_SUBSET_GROSS_FLOWS
501105,2015-12-31,87126745.0,64640.0,28892.0,10680827.0,,15106212.0,0.12372031715363857,122099687.0,69415492.0,7496.0,5289.0,2207.0,2,,0,0,0,0,0,0.7967185277035197,35748.0,-33541.0,-57144.0,-23603.0,50.0,False,False,PASS_SUBSET_GROSS_FLOWS
501105,2016-03-31,87517373.0,58422.0,16387.0,10772641.0,,15314581.0,0.12355210059525021,123952413.0,69297883.0,8388.0,3408.0,4980.0,2,,0,0,0,0,0,0.7918185912641597,42035.0,-37055.0,-50034.0,-12979.0,50.0,False,False,PASS_SUBSET_GROSS_FLOWS
501105,2016-06-30,88191859.0,46274.0,22524.0,10807983.0,,15397681.0,0.12505191857478207,123130306.0,68556992.0,6149.0,2988.0,3161.0,2,,0,0,0,0,0,0.7773619104684028,23750.0,-20589.0,-40125.0,-19536.0,50.0,False,False,PASS_SUBSET_GROSS_FLOWS
501105,2016-09-30,89339721.0,58790.0,17719.0,10472869.0,,15046590.0,0.1191911570822005,126239147.0,68823869.0,9140.0,2562.0,6578.0,2,,0,0,0,0,0,0.7703613603181053,41071.0,-34493.0,-49650.0,-15157.0,50.0,False,False,PASS_SUBSET_GROSS_FLOWS
501105,2016-12-31,90566221.0,66044.0,17109.0,10115688.0,,14507639.0,0.1183025506780398,122631667.0,68998642.0,8636.0,2718.0,5918.0,2,,0,0,0,0,0,0.7618584637643211,48935.0,-43017.0,-57408.0,-14391.0,50.0,False,False,PASS_SUBSET_GROSS_FLOWS
501105,2017-03-31,89042546.0,62313.0,19493.0,10160144.0,,14568260.0,0.11874765971108088,122682502.0,68077821.0,11709.0,3360.0,8349.0,2,,0,0,0,0,0,0.7645538459783034,42820.0,-34471.0,-50604.0,-16133.0,50.0,False,False,PASS_SUBSET_GROSS_FLOWS
501105,2017-06-30,88823560.0,61405.0,16398.0,10231846.0,,14656837.0,0.1217773286793609,120357682.0,67145295.0,8409.0,3511.0,4898.0,2,,0,0,0,0,0,0.755940146961009,45007.0,-40109.0,-52996.0,-12887.0,50.0,False,False,PASS_SUBSET_GROSS_FLOWS
501105,2017-09-30,87681848.0,46937.0,22080.0,10335061.0,,14778184.0,0.12327940900964222,119875526.0,65664550.0,4530.0,4697.0,-167.0,2,,0,0,0,0,0,0.7488955980946022,24857.0,-25024.0,-42407.0,-17383.0,50.0,False,False,PASS_SUBSET_GROSS_FLOWS
501105,2017-12-31,87766975.0,53143.0,26091.0,9978163.0,,14312146.0,0.12121523025035127,118072176.0,64826923.0,5039.0,3107.0,1932.0,2,,0,0,0,0,0,0.7386254681786629,27052.0,-25120.0,-48104.0,-22984.0,50.0,False,False,PASS_SUBSET_GROSS_FLOWS
501105,2018-03-31,87498602.0,56643.0,16198.0,10458387.0,,14684128.0,0.12434801274063172,118088964.0,64180212.0,5726.0,1882.0,3844.0,2,,0,0,0,0,0,0.7334998563748482,40445.0,-36601.0,-50917.0,-14316.0,50.0,False,False,PASS_SUBSET_GROSS_FLOWS
501105,2018-06-30,87609028.0,57142.0,21882.0,10540127.0,,14715113.0,0.12479564816534293,117913671.0,64161093.0,8558.0,2309.0,6249.0,2,,0,0,0,0,0,0.7323570922393979,35260.0,-29011.0,-48584.0,-19573.0,50.0,False,False,PASS_SUBSET_GROSS_FLOWS
501105,2018-09-30,86504773.0,51908.0,36209.0,10597699.0,,14745515.0,0.1267093575927606,116372739.0,62717519.0,5241.0,16114.0,-10873.0,2,,0,0,0,0,0,0.7250180172139172,15699.0,-26572.0,-46667.0,-20095.0,50.0,False,False,PASS_SUBSET_GROSS_FLOWS
501105,2018-12-31,88297254.0,64897.0,26890.0,10636136.0,,14905988.0,0.12459435023429834,119636147.0,64233809.0,8074.0,6598.0,1476.0,2,,0,0,0,0,0,0.7274723288676679,38007.0,-36531.0,-56823.0,-20292.0,50.0,False,False,PASS_SUBSET_GROSS_FLOWS
501105,2019-03-31,88486148.0,45001.0,22948.0,10613934.0,,15014160.0,0.12555491226143295,119582418.0,64303665.0,3531.0,2805.0,726.0,2,,0,0,0,0,0,0.7267088290474573,22053.0,-21327.0,-41470.0,-20143.0,50.0,False,False,PASS_SUBSET_GROSS_FLOWS
501105,2019-06-30,89726666.0,69299.0,24896.0,10629191.0,,15203947.0,0.12553359808982179,121114564.0,64897991.0,13441.0,2483.0,10958.0,2,,0,0,0,0,0,0.7232854389128869,44403.0,-33445.0,-55858.0,-22413.0,50.0,False,False,PASS_SUBSET_GROSS_FLOWS
501105,2019-09-30,89681356.0,60098.0,23744.0,10619915.0,,15225738.0,0.12176636013101473,125040594.0,64117144.0,4065.0,3348.0,717.0,2,,0,0,0,0,0,0.714943962265691,36354.0,-35637.0,-56033.0,-20396.0,50.0,False,False,PASS_SUBSET_GROSS_FLOWS
501105,2019-12-31,90792145.0,62787.0,21536.0,10649953.0,,15125012.0,0.12664109035003612,119432105.0,65053956.0,4665.0,3941.0,724.0,2,,0,0,0,0,0,0.7165152447934785,41251.0,-40527.0,-58122.0,-17595.0,50.0,False,False,PASS_SUBSET_GROSS_FLOWS
501105,2020-03-31,94011188.0,67588.0,18406.0,10545442.0,,15299612.0,0.12323748011980018,124147394.0,67475888.0,6393.0,2049.0,4344.0,2,,0,0,0,0,0,0.7177431690364343,49182.0,-44838.0,-61195.0,-16357.0,50.0,False,False,PASS_SUBSET_GROSS_FLOWS
501105,2020-06-30,97641219.0,91366.0,20240.0,10866416.0,,15589185.0,0.11202880603057222,139153362.0,70099157.0,18355.0,2955.0,15400.0,2,,0,0,0,0,0,0.7179258689918651,71126.0,-55726.0,-73011.0,-17285.0,50.0,False,False,PASS_SUBSET_GROSS_FLOWS
501105,2020-09-30,98338022.0,52185.0,22412.0,11279071.0,,15898684.0,0.11500267696311786,138246208.0,70115348.0,6026.0,3560.0,2466.0,2,,0,0,0,0,0,0.7130034403173169,29773.0,-27307.0,-46159.0,-18852.0,50.0,False,False,PASS_SUBSET_GROSS_FLOWS
501105,2020-12-31,98433612.0,122148.0,24987.0,11550462.0,,15923968.0,0.11196739826816096,142219684.0,70089106.0,14706.0,3152.0,11554.0,2,,0,0,0,0,0,0.7120444386415485,97161.0,-85607.0,-107442.0,-21835.0,50.0,False,False,PASS_SUBSET_GROSS_FLOWS
501105,2021-03-31,99203907.0,122836.0,47685.0,11818577.0,,16143355.0,0.1075537810545386,150095653.0,70983913.0,63084.0,7643.0,55441.0,2,,0,0,0,0,0,0.7155354576911976,75151.0,-19710.0,-59752.0,-40042.0,50.0,False,False,PASS_SUBSET_GROSS_FLOWS
501105,2021-06-30,97024422.0,80291.0,34234.0,12020817.0,,16321054.0,0.10866589647140477,150194813.0,67412425.0,14762.0,3703.0,11059.0,2,,0,0,0,0,0,0.6947985219638825,46057.0,-34998.0,-65529.0,-30531.0,50.0,False,False,PASS_SUBSET_GROSS_FLOWS
501105,2021-09-30,93500407.0,64219.0,23915.0,12192973.0,,16475063.0,0.10876588192839567,151472711.0,63874123.0,16172.0,4359.0,11813.0,2,,0,0,0,0,0,0.6831427268546543,40304.0,-28491.0,-48047.0,-19556.0,50.0,False,False,PASS_SUBSET_GROSS_FLOWS
501105,2021-12-31,92834177.0,70563.0,39694.0,12378354.0,,16754523.0,0.10836112574058498,154617469.0,63209516.0,18210.0,23311.0,-5101.0,2,,0,0,0,0,0,0.6808862645488848,30869.0,-35970.0,-52353.0,-16383.0,50.0,False,False,PASS_SUBSET_GROSS_FLOWS
501105,2022-03-31,91733973.0,51009.0,44040.0,12322829.0,,16494332.0,0.11039081893474575,149417607.0,62725601.0,5825.0,18200.0,-12375.0,2,,0,0,0,0,0,0.6837772195912631,6969.0,-19344.0,-45184.0,-25840.0,50.0,False,False,PASS_SUBSET_GROSS_FLOWS
501105,2022-06-30,128416978.0,75547.0,25954.0,16529341.0,,24700807.0,0.12128675246008268,203656265.0,94226706.0,11608.0,4380.0,7228.0,2,,0,0,0,0,0,0.7337558278314258,49593.0,-42365.0,-63939.0,-21574.0,50.0,False,False,PASS_SUBSET_GROSS_FLOWS
501105,2022-09-30,128203756.0,101226.0,38033.0,16458807.0,,24178848.0,0.12231388837683457,197678680.0,93329182.0,37785.0,2664.0,35121.0,2,,0,0,0,0,0,0.7279754112664218,63193.0,-28072.0,-63441.0,-35369.0,50.0,False,False,PASS_SUBSET_GROSS_FLOWS
501105,2022-12-31,131580774.0,75009.0,34759.0,16673578.0,,24419791.0,0.12193862460912581,200262969.0,95194714.0,18303.0,9649.0,8654.0,2,,0,0,0,0,0,0.7234697829030858,40250.0,-31596.0,-56706.0,-25110.0,50.0,False,False,PASS_SUBSET_GROSS_FLOWS
501105,2023-03-31,132976591.0,94816.0,24683.0,17414722.0,,25332289.0,0.12518254405771662,202362791.0,97167272.0,32086.0,2672.0,29414.0,2,,0,0,0,0,0,0.7307096028653645,70133.0,-40719.0,-62730.0,-22011.0,50.0,False,False,PASS_SUBSET_GROSS_FLOWS
501105,2023-06-30,133392702.0,162185.0,35435.0,17397657.0,,25057146.0,0.12099154350958657,207098325.0,96984167.0,102661.0,4841.0,97820.0,2,,0,0,0,0,0,0.7270575192336984,126750.0,-28930.0,-59524.0,-30594.0,50.0,False,False,PASS_SUBSET_GROSS_FLOWS
501105,2023-09-30,132393633.0,122087.0,25829.0,17629893.0,,25202849.0,0.12081529176502113,208606449.0,95883664.0,52906.0,5246.0,47660.0,2,,0,0,0,0,0,0.7242316856732831,96258.0,-48598.0,-69181.0,-20583.0,50.0,False,False,PASS_SUBSET_GROSS_FLOWS
501105,2023-12-31,134134345.0,191289.0,42698.0,17667114.0,,25707178.0,0.1237284537187964,207770947.0,94266550.0,81884.0,7014.0,74870.0,2,,0,0,0,0,0,0.7027771298991321,148591.0,-73721.0,-109405.0,-35684.0,50.0,False,False,PASS_SUBSET_GROSS_FLOWS
501105,2024-03-31,135006324.0,163100.0,24795.0,18043672.0,,25983939.0,0.12104226466770375,214668315.0,94369373.0,28692.0,7810.0,20882.0,2,,0,0,0,0,0,0.6989996483423991,138305.0,-117423.0,-134408.0,-16985.0,50.0,False,False,PASS_SUBSET_GROSS_FLOWS
501105,2024-06-30,135028052.0,179834.0,43224.0,18743221.0,,26711787.0,0.12818926118630106,208377728.0,93199265.0,48220.0,18764.0,29456.0,2,,0,0,0,0,0,0.6902215030103522,136610.0,-107154.0,-131614.0,-24460.0,50.0,False,False,PASS_SUBSET_GROSS_FLOWS
501105,2024-09-30,135980977.0,153465.0,33870.0,19507548.0,,27985307.0,0.13242333921436036,211332135.0,93639495.0,25681.0,4927.0,20754.0,2,,0,0,0,0,0,0.6886220195343942,119595.0,-98841.0,-127784.0,-28943.0,50.0,False,False,PASS_SUBSET_GROSS_FLOWS
501105,2024-12-31,135637042.0,216783.0,56379.0,19232962.0,,27567934.0,0.13282149910359486,207556263.0,90220061.0,43995.0,33213.0,10782.0,2,,0,0,0,0,0,0.6651579809592132,160404.0,-149622.0,-172788.0,-23166.0,50.0,False,False,PASS_SUBSET_GROSS_FLOWS
501105,2025-03-31,134627225.0,159720.0,45704.0,19373551.0,,28002760.0,0.13347268541947196,209801428.0,89063588.0,23273.0,8832.0,14441.0,2,,0,0,0,0,0,0.6615570364760917,114016.0,-99575.0,-136447.0,-36872.0,50.0,False,False,PASS_SUBSET_GROSS_FLOWS
501105,2025-06-30,136167926.0,156329.0,47995.0,19639327.0,,28382086.0,0.1344854780171188,211042013.0,91092493.0,26529.0,5203.0,21326.0,2,,0,0,0,0,0,0.6689717298036837,108334.0,-87008.0,-129800.0,-42792.0,50.0,False,False,PASS_SUBSET_GROSS_FLOWS
501105,2025-09-30,137032766.0,189105.0,43955.0,19463733.0,,28262985.0,0.13411181686736268,210741944.0,91070488.0,24381.0,2779.0,21602.0,2,,0,0,0,0,0,0.6645891392136097,145150.0,-123548.0,-164724.0,-41176.0,50.0,False,False,PASS_SUBSET_GROSS_FLOWS
501105,2025-12-31,138782842.0,240914.0,55076.0,19541812.0,,28333192.0,0.13309018918412255,212887157.0,92473849.0,47065.0,17381.0,29684.0,2,,0,0,0,0,0,0.666320473535194,185838.0,-156154.0,-193849.0,-37695.0,50.0,False,False,PASS_SUBSET_GROSS_FLOWS
60143,2005-03-31,41833807.0,46617.0,8370.0,5374237.0,0.088,5515423.0,0.10234642213679637,53889749.0,25694520.0,40157.0,7385.0,32772.0,3,,0,0,0,0,0,0.6142046790051883,38247.0,-5475.0,-6460.0,-985.0,50.0,False,False,PASS_SUBSET_GROSS_FLOWS
60143,2005-06-30,43142811.0,42893.0,13922.0,5425947.0,0.0865,5622467.0,0.10248427160232114,54861755.0,26461825.0,37006.0,12393.0,24613.0,3,,0,0,0,0,0,0.6133542156073233,28971.0,-4358.0,-5887.0,-1529.0,50.0,False,False,PASS_SUBSET_GROSS_FLOWS
60143,2005-09-30,42323620.0,45891.0,25337.0,5440185.0,0.087285,5577977.0,0.10230519235656378,54522912.0,25865013.0,29488.0,24265.0,5223.0,3,,0,0,0,0,0,0.611124780914298,20554.0,-15331.0,-16403.0,-1072.0,50.0,False,False,PASS_SUBSET_GROSS_FLOWS
60143,2005-12-31,43397721.0,38127.0,15903.0,5481232.0,0.085194,5572155.0,0.10400355901776485,53576580.0,24923902.0,16960.0,14416.0,2544.0,3,,0,0,0,0,0,0.5743136143024653,22224.0,-19680.0,-21167.0,-1487.0,50.0,False,False,PASS_SUBSET_GROSS_FLOWS
60143,2006-03-31,44862945.0,25323.0,8533.0,5537033.0,0.083543,5574519.0,0.09768678755872884,57065230.0,26221342.0,16137.0,7657.0,8480.0,3,,0,0,0,0,0,0.5844766098168545,16790.0,-8310.0,-9186.0,-876.0,50.0,False,False,PASS_SUBSET_GROSS_FLOWS
60143,2006-06-30,46540519.0,24955.0,6873.0,5581716.0,0.082422,5585987.0,0.09689129472187173,57652104.0,27704941.0,19826.0,6235.0,13591.0,3,,0,0,0,0,0,0.5952864642527944,18082.0,-4491.0,-5129.0,-638.0,50.0,False,False,PASS_SUBSET_GROSS_FLOWS
60143,2006-09-30,46609152.0,16929.0,13991.0,5600808.0,0.081612,5695503.0,0.09682516478502147,58822549.0,27730683.0,15129.0,13463.0,1666.0,3,,0,0,0,0,0,0.5949621868254543,2938.0,-1272.0,-1800.0,-528.0,50.0,False,False,PASS_SUBSET_GROSS_FLOWS
60143,2006-12-31,47578220.0,31076.0,9072.0,5693248.0,0.080935,5567612.0,0.09510245287480007,58543306.0,28598637.0,16165.0,8658.0,7507.0,3,,0,0,0,0,0,0.6010867367463516,22004.0,-14497.0,-14911.0,-414.0,50.0,False,False,PASS_SUBSET_GROSS_FLOWS
60143,2007-03-31,48083296.0,34376.0,18146.0,5670427.0,0.081434,5583093.0,0.09691665905042525,57607155.0,29217775.0,31865.0,12987.0,18878.0,3,,0,0,0,0,0,0.6076491719702409,16230.0,2648.0,-2511.0,-5159.0,50.0,False,False,PASS_SUBSET_GROSS_FLOWS
60143,2007-06-30,48867326.0,42734.0,12791.0,5702836.0,0.079397,5590460.0,0.09529002439343218,58667841.0,30586120.0,40935.0,11935.0,29000.0,3,,0,0,0,0,0,0.6259012412506467,29943.0,-943.0,-1799.0,-856.0,50.0,False,False,PASS_SUBSET_GROSS_FLOWS
60143,2007-09-30,49695515.0,47266.0,7178.0,5748556.0,0.078188,5706521.0,0.09499631693984104,60070971.0,31466706.0,42167.0,5907.0,36260.0,3,,0,0,1,0,1,0.6331900574931159,40088.0,-3828.0,-5099.0,-1271.0,50.0,False,False,PASS_SUBSET_GROSS_FLOWS
60143,2007-12-31,50960854.0,71775.0,8587.0,5728275.0,0.07646,5746387.0,0.09188477357253362,62539056.0,32371661.0,69202.0,7405.0,61797.0,3,,0,0,0,0,0,0.6352260305527847,63188.0,-1391.0,-2573.0,-1182.0,50.0,False,False,PASS_SUBSET_GROSS_FLOWS
60143,2008-03-31,52566267.0,115657.0,5595.0,5739330.0,0.075058,5867111.0,0.08761167346494209,66967229.0,28914345.0,4025.0,88.0,3937.0,2,,0,0,0,0,0,0.5500551332663588,110062.0,-106125.0,-111632.0,-5507.0,50.0,False,False,PASS_SUBSET_GROSS_FLOWS
60143,2008-06-30,51850248.0,118926.0,6447.0,5737775.0,0.07601,5724869.0,0.086791267516243,65961348.0,27234076.0,2354.0,344.0,2010.0,2,,0,0,0,0,0,0.525244855145148,112479.0,-110469.0,-116572.0,-6103.0,50.0,False,False,PASS_SUBSET_GROSS_FLOWS
60143,2008-09-30,51629088.0,121613.0,5899.0,5686966.0,0.074865,5751274.0,0.08780280907971223,65502164.0,26843494.0,37163.0,3379.0,33784.0,3,,0,0,0,0,0,0.5199296567082494,115714.0,-81930.0,-84450.0,-2520.0,50.0,False,False,PASS_SUBSET_GROSS_FLOWS
60143,2008-12-31,50539921.0,143498.0,10591.0,5706736.0,0.078272,5591091.0,0.08271144197647867,67597552.0,26192294.0,52720.0,6207.0,46513.0,3,,0,0,0,0,0,0.5182496031206697,132907.0,-86394.0,-90778.0,-4384.0,50.0,False,False,PASS_SUBSET_GROSS_FLOWS
60143,2009-03-31,48660019.0,160426.0,3827.0,5717851.0,0.081855,5671622.0,0.08407088264390071,67462382.0,38267208.0,59329.0,2240.0,57089.0,3,,0,0,0,0,0,0.7864199148791947,156599.0,-99510.0,-101097.0,-1587.0,50.0,False,False,PASS_SUBSET_GROSS_FLOWS
60143,2009-06-30,46589042.0,257068.0,8973.0,5744105.0,0.085946,5593803.0,0.088006082293462,63561550.0,36555425.0,89604.0,7164.0,82440.0,3,,0,0,0,0,0,0.784635687507805,248095.0,-165655.0,-167464.0,-1809.0,50.0,False,False,PASS_SUBSET_GROSS_FLOWS
60143,2009-09-30,43599689.0,245061.0,5716.0,5773972.0,0.091566,5603409.0,0.09425584278808719,59448930.0,34203256.0,200623.0,4632.0,195991.0,3,,0,0,0,0,0,0.7844839443694197,239345.0,-43354.0,-44438.0,-1084.0,50.0,False,False,PASS_SUBSET_GROSS_FLOWS
60143,2009-12-31,42189723.0,232651.0,8906.0,5763297.0,0.093612,5640515.0,0.095369952851811,59143523.0,33272864.0,186696.0,7733.0,178963.0,3,,0,0,0,0,0,0.7886485531085379,223745.0,-44782.0,-45955.0,-1173.0,50.0,False,False,PASS_SUBSET_GROSS_FLOWS
60143,2010-03-31,40874314.0,183855.0,10549.0,5836051.0,0.096403,5745619.0,0.10086141288157625,56965482.0,32138341.0,155085.0,9235.0,145850.0,3,,0,0,0,0,0,0.7862723029431148,173306.0,-27456.0,-28770.0,-1314.0,50.0,False,False,PASS_SUBSET_GROSS_FLOWS
60143,2010-06-30,40631298.0,158483.0,12526.0,5916347.0,0.099162,5889479.0,0.10558636227017136,55778785.0,31758939.0,132532.0,10862.0,121670.0,3,,0,0,0,0,0,0.7816373230311274,145957.0,-24287.0,-25951.0,-1664.0,50.0,False,False,PASS_SUBSET_GROSS_FLOWS
60143,2010-09-30,40299123.0,145457.0,13326.0,5990562.0,0.100897,5965045.0,0.10858627327312584,54933693.0,31642264.0,126607.0,11320.0,115287.0,3,,0,0,0,0,0,0.7851849282179169,132131.0,-16844.0,-18850.0,-2006.0,50.0,False,False,PASS_SUBSET_GROSS_FLOWS
60143,2010-12-31,40258275.0,139192.0,26666.0,6072863.0,0.102447,5896234.0,0.10960078327991157,53797371.0,32176175.0,112204.0,17964.0,94240.0,3,,0,0,0,0,0,0.79924375796032,112526.0,-18286.0,-26988.0,-8702.0,50.0,False,False,PASS_SUBSET_GROSS_FLOWS
60143,2011-03-31,39200540.0,123897.0,22242.0,6143728.0,0.104538,5973558.0,0.10850627535640882,55052650.0,32848234.0,45630.0,10062.0,35568.0,2,,0,0,0,0,0,0.8379536098227218,101655.0,-66087.0,-78267.0,-12180.0,50.0,False,False,PASS_SUBSET_GROSS_FLOWS
60143,2011-06-30,39212295.0,124720.0,34903.0,6169160.0,0.105312,6073397.0,0.11232185236643233,54071375.0,32832193.0,51705.0,6434.0,45271.0,2,,0,0,0,0,0,0.8372933285338183,89817.0,-44546.0,-73015.0,-28469.0,50.0,False,False,PASS_SUBSET_GROSS_FLOWS
60143,2011-09-30,41258216.0,89656.0,12381.0,6547995.0,0.106711,7047290.0,0.11589875730134591,60805570.0,34430926.0,43796.0,5703.0,38093.0,2,,0,0,0,0,0,0.8345228984210078,77275.0,-39182.0,-45860.0,-6678.0,50.0,False,False,PASS_SUBSET_GROSS_FLOWS
60143,2011-12-31,42713012.0,84999.0,25487.0,6596142.0,0.104652,6965845.0,0.11424938150854429,60970527.0,35749270.0,44898.0,11830.0,33068.0,2,,0,0,0,0,0,0.8369643892123553,59512.0,-26444.0,-40101.0,-13657.0,50.0,False,False,PASS_SUBSET_GROSS_FLOWS
60143,2012-03-31,43043755.0,62690.0,17440.0,6677310.0,0.103502,7075118.0,0.11319594928771656,62503279.0,36387019.0,32004.0,5537.0,26467.0,2,,0,0,0,0,0,0.8453495518687902,45250.0,-18783.0,-30686.0,-11903.0,50.0,False,False,PASS_SUBSET_GROSS_FLOWS
60143,2012-06-30,44023555.0,64226.0,19034.0,6670040.0,0.103755,7081755.0,0.1131102799814264,62609296.0,36987590.0,31822.0,4693.0,27129.0,2,,0,0,0,0,0,0.8401772641941343,45192.0,-18063.0,-32404.0,-14341.0,50.0,False,False,PASS_SUBSET_GROSS_FLOWS
60143,2012-09-30,44238369.0,58631.0,15833.0,6691524.0,0.103938,7149790.0,0.1129370951915501,63307720.0,36944924.0,35297.0,7223.0,28074.0,2,,0,0,0,0,0,0.8351330493219585,42798.0,-14724.0,-23334.0,-8610.0,50.0,False,False,PASS_SUBSET_GROSS_FLOWS
60143,2012-12-31,46067699.0,59485.0,22276.0,6699502.0,0.101515,6996568.0,0.10722356110528831,65252151.0,37893360.0,21122.0,7853.0,13269.0,2,,0,0,0,0,0,0.8225581225578469,37209.0,-23940.0,-38363.0,-14423.0,50.0,False,False,PASS_SUBSET_GROSS_FLOWS
60143,2013-03-31,45078143.0,37677.0,14003.0,6709521.0,0.103371,7009367.0,0.10811867999078517,64830305.0,37716522.0,14445.0,4964.0,9481.0,2,,0,0,0,0,0,0.836692008364231,23674.0,-14193.0,-23232.0,-9039.0,50.0,False,False,PASS_SUBSET_GROSS_FLOWS
60143,2013-06-30,45468631.0,34861.0,18214.0,6759648.0,0.103954,6930687.0,0.1102456071599667,62865879.0,37615167.0,13456.0,5142.0,8314.0,2,,0,0,0,0,0,0.8272773156508715,16647.0,-8333.0,-21405.0,-13072.0,50.0,False,False,PASS_SUBSET_GROSS_FLOWS
60143,2013-09-30,44158425.0,39257.0,19834.0,6790202.0,0.106334,6956678.0,0.10770431278742994,64590524.0,37180056.0,10936.0,4945.0,5991.0,2,,0,0,0,0,0,0.8419697034031445,19423.0,-13432.0,-28321.0,-14889.0,50.0,False,False,PASS_SUBSET_GROSS_FLOWS
60143,2013-12-31,45473836.0,40566.0,27779.0,6803331.0,0.105268,7119764.0,0.10919567237071418,65201888.0,38357297.0,7200.0,9817.0,-2617.0,2,,0,0,0,0,0,0.8435025582622939,12787.0,-15404.0,-33366.0,-17962.0,50.0,False,False,PASS_SUBSET_GROSS_FLOWS
60143,2014-03-31,46491200.0,29944.0,18461.0,,,7220670.0,0.10992581381132314,65686755.0,39245960.0,7849.0,3687.0,4162.0,2,,0,0,0,0,0,0.8441588945865024,11483.0,-7321.0,-22095.0,-14774.0,50.0,False,False,PASS_SUBSET_GROSS_FLOWS
60143,2014-06-30,47886787.0,28479.0,19074.0,,,7309165.0,0.11203041211393412,65242686.0,39836738.0,7576.0,7865.0,-289.0,2,,0,0,0,0,0,0.8318941506766783,9405.0,-9694.0,-20903.0,-11209.0,50.0,False,False,PASS_SUBSET_GROSS_FLOWS
60143,2014-09-30,47711812.0,23025.0,20039.0,,,7371942.0,0.10714541256984,68803151.0,39653256.0,6776.0,12550.0,-5774.0,2,,0,0,0,0,0,0.8310993512466054,2986.0,-8760.0,-16249.0,-7489.0,50.0,False,False,PASS_SUBSET_GROSS_FLOWS
60143,2014-12-31,48597552.0,20320.0,18880.0,,,7343062.0,0.10594482209983115,69310249.0,40331681.0,3171.0,9999.0,-6828.0,2,,0,0,0,0,0,0.8299117823877219,1440.0,-8268.0,-17149.0,-8881.0,50.0,False,False,PASS_SUBSET_GROSS_FLOWS
60143,2015-03-31,49077953.0,23194.0,14640.0,6975240.0,,7418090.0,0.10707672117101076,69278270.0,40270339.0,1436.0,3936.0,-2500.0,2,,0,0,0,0,0,0.8205382771363753,8554.0,-11054.0,-21758.0,-10704.0,50.0,False,False,PASS_SUBSET_GROSS_FLOWS
60143,2015-06-30,49765322.0,35679.0,17465.0,7017720.0,,7435545.0,0.10633362907693973,69926561.0,40619463.0,2467.0,6263.0,-3796.0,2,,0,0,0,0,0,0.8162202386633809,18214.0,-22010.0,-33212.0,-11202.0,50.0,False,False,PASS_SUBSET_GROSS_FLOWS
60143,2015-09-30,48956827.0,33074.0,10415.0,7060875.0,,7530166.0,0.10591505673117192,71096275.0,39908258.0,1152.0,2048.0,-896.0,2,,0,0,0,0,0,0.8151724783961183,22659.0,-23555.0,-31922.0,-8367.0,50.0,False,False,PASS_SUBSET_GROSS_FLOWS
60143,2015-12-31,49104215.0,76054.0,25507.0,7081038.0,,7462372.0,0.10384421961570732,71861217.0,39493643.0,1475.0,10833.0,-9358.0,2,,0,0,0,0,0,0.804282137490641,50547.0,-59905.0,-74579.0,-14674.0,50.0,False,False,PASS_SUBSET_GROSS_FLOWS
60143,2016-03-31,49384282.0,76978.0,24883.0,7066346.0,,7549904.0,0.10941706383271226,69001157.0,39808192.0,975.0,12268.0,-11293.0,2,,0,0,0,0,0,0.8060903264727024,52095.0,-63388.0,-76003.0,-12615.0,50.0,False,False,PASS_SUBSET_GROSS_FLOWS
60143,2016-06-30,50389832.0,54557.0,12251.0,7082127.0,,7599643.0,0.1065662804411064,71313768.0,40078235.0,863.0,2705.0,-1842.0,2,,0,0,0,0,0,0.7953635368341772,42306.0,-44148.0,-53694.0,-9546.0,50.0,False,False,PASS_SUBSET_GROSS_FLOWS
60143,2016-09-30,49277184.0,34541.0,18745.0,7145170.0,,7615187.0,0.10252338522531725,74277561.0,38668422.0,2006.0,3107.0,-1101.0,2,,0,0,0,0,0,0.7847124949347755,15796.0,-16897.0,-32535.0,-15638.0,50.0,False,False,PASS_SUBSET_GROSS_FLOWS
60143,2016-12-31,49091118.0,47454.0,11881.0,7120339.0,,7498079.0,0.10268778121405862,73018220.0,38693876.0,1485.0,2881.0,-1396.0,2,,0,0,0,0,0,0.7882052309340357,35573.0,-36969.0,-45969.0,-9000.0,50.0,False,False,PASS_SUBSET_GROSS_FLOWS
60143,2017-03-31,48304560.0,44061.0,10664.0,7179408.0,,7564378.0,0.10355023486412558,73050322.0,38391317.0,1395.0,2579.0,-1184.0,2,,0,0,0,0,0,0.7947762488676018,33397.0,-34581.0,-42666.0,-8085.0,50.0,False,False,PASS_SUBSET_GROSS_FLOWS
60143,2017-06-30,49408624.0,39359.0,21367.0,7170644.0,,7573411.0,0.10584475350174365,71552068.0,39018531.0,1600.0,1947.0,-347.0,2,,0,0,0,0,0,0.7897109419602537,17992.0,-18339.0,-37759.0,-19420.0,50.0,False,False,PASS_SUBSET_GROSS_FLOWS
60143,2017-09-30,49211502.0,36724.0,11513.0,7186107.0,,7567047.0,0.10481861201294451,72191826.0,38482621.0,1142.0,3186.0,-2044.0,2,,0,0,0,0,0,0.7819842808293069,25211.0,-27255.0,-35582.0,-8327.0,50.0,False,False,PASS_SUBSET_GROSS_FLOWS
60143,2017-12-31,49175788.0,29781.0,13644.0,7120520.0,,7408789.0,0.10346157170828452,71609090.0,38880286.0,1523.0,3094.0,-1571.0,2,,0,0,0,0,0,0.7906387997280288,16137.0,-17708.0,-28258.0,-10550.0,50.0,False,False,PASS_SUBSET_GROSS_FLOWS
60143,2018-03-31,49241202.0,37229.0,9665.0,7303473.0,,7493468.0,0.10358329653151298,72342436.0,38066804.0,899.0,1183.0,-284.0,2,,0,0,0,0,0,0.7730681310338444,27564.0,-27848.0,-36330.0,-8482.0,50.0,False,False,PASS_SUBSET_GROSS_FLOWS
60143,2018-06-30,49794516.0,19434.0,22055.0,7280899.0,,7435783.0,0.1030667494218682,72145314.0,37593588.0,495.0,1195.0,-700.0,2,,0,0,0,0,0,0.7549744634529634,-2621.0,1921.0,-18939.0,-20860.0,50.0,False,False,PASS_SUBSET_GROSS_FLOWS
60143,2018-09-30,49011903.0,25122.0,9882.0,7259882.0,,7400224.0,0.103457584834539,71529062.0,37031500.0,1382.0,1340.0,42.0,2,,0,0,0,1,1,0.7555613582276126,15240.0,-15198.0,-23740.0,-8542.0,50.0,False,False,PASS_SUBSET_GROSS_FLOWS
60143,2018-12-31,50165673.0,21570.0,10416.0,7228934.0,,7371001.0,0.104202499966213,70737276.0,38286783.0,1744.0,1358.0,386.0,2,,0,0,0,0,0,0.7632068047806315,11154.0,-10768.0,-19826.0,-9058.0,50.0,False,False,PASS_SUBSET_GROSS_FLOWS
60143,2019-03-31,50304000.0,20000.0,9000.0,7239000.0,,7478000.0,0.1059221802008527,70599000.0,38623000.0,0.0,0.0,0.0,2,,0,0,0,0,0,0.7677918256997456,11000.0,-11000.0,-20000.0,-9000.0,50.0,False,False,PASS_SUBSET_GROSS_FLOWS
60143,2019-06-30,51805000.0,44000.0,11000.0,7199000.0,,7571000.0,0.10456315774935779,72406000.0,39118000.0,2000.0,4000.0,-2000.0,2,,0,0,0,0,0,0.755100858990445,33000.0,-35000.0,-42000.0,-7000.0,50.0,False,False,PASS_SUBSET_GROSS_FLOWS
60143,2019-09-30,51495000.0,61000.0,19000.0,7192000.0,,7613000.0,0.10443789011592015,72895000.0,38702000.0,1000.0,0.0,1000.0,2,,0,0,0,0,0,0.7515681134090688,42000.0,-41000.0,-60000.0,-19000.0,50.0,False,False,PASS_SUBSET_GROSS_FLOWS
60143,2019-12-31,50375000.0,27000.0,6000.0,7199000.0,,7723000.0,0.10530980691611214,73336000.0,38124000.0,1000.0,1000.0,0.0,2,,0,0,0,0,0,0.756803970223325,21000.0,-21000.0,-26000.0,-5000.0,50.0,False,False,PASS_SUBSET_GROSS_FLOWS
60143,2020-03-31,53463000.0,89000.0,5000.0,7225000.0,,8076000.0,0.10589808816973066,76262000.0,39987000.0,0.0,2000.0,-2000.0,2,,0,0,0,0,0,0.7479378261601481,84000.0,-86000.0,-89000.0,-3000.0,50.0,False,False,PASS_SUBSET_GROSS_FLOWS
60143,2020-06-30,53457000.0,57000.0,7000.0,7362000.0,,8177000.0,0.09683455111732174,84443000.0,39710000.0,0.0,1000.0,-1000.0,2,,0,0,0,0,0,0.7428400396580429,50000.0,-51000.0,-57000.0,-6000.0,50.0,False,False,PASS_SUBSET_GROSS_FLOWS
60143,2020-09-30,52376000.0,53000.0,20000.0,7314000.0,,8094000.0,0.09680891780690842,83608000.0,37963000.0,1000.0,1000.0,0.0,2,,0,0,0,0,0,0.7248167099434856,33000.0,-33000.0,-52000.0,-19000.0,50.0,False,False,PASS_SUBSET_GROSS_FLOWS
60143,2020-12-31,52296000.0,39000.0,10000.0,7278000.0,,8118000.0,0.09212437585111212,88120000.0,37566000.0,1000.0,1000.0,0.0,2,,0,0,0,0,0,0.7183340982101881,29000.0,-29000.0,-38000.0,-9000.0,50.0,False,False,PASS_SUBSET_GROSS_FLOWS
60143,2021-03-31,50596000.0,16000.0,13000.0,7686000.0,,8300000.0,0.09622407456786115,86257000.0,36664000.0,1000.0,0.0,1000.0,2,,0,0,0,0,0,0.7246422642106095,3000.0,-2000.0,-15000.0,-13000.0,50.0,False,False,PASS_SUBSET_GROSS_FLOWS
60143,2021-06-30,50236000.0,8000.0,19000.0,7983000.0,,8609000.0,0.09746295185155834,88331000.0,37527000.0,0.0,0.0,0.0,2,,0,0,0,0,0,0.7470140934787801,-11000.0,11000.0,-8000.0,-19000.0,50.0,False,False,PASS_SUBSET_GROSS_FLOWS
60143,2021-09-30,48202000.0,26000.0,24000.0,8045000.0,,8584000.0,0.09081099380064744,94526000.0,35850000.0,0.0,2000.0,-2000.0,2,,0,0,0,0,0,0.7437450728185553,2000.0,-4000.0,-26000.0,-22000.0,50.0,False,False,PASS_SUBSET_GROSS_FLOWS
60143,2021-12-31,49291000.0,20000.0,24000.0,7634000.0,,8168000.0,0.08616215531973248,94798000.0,36416000.0,2000.0,2000.0,0.0,2,,0,0,0,0,0,0.7387961291107911,-4000.0,4000.0,-18000.0,-22000.0,50.0,False,False,PASS_SUBSET_GROSS_FLOWS
60143,2022-03-31,49569000.0,18000.0,10000.0,7613000.0,,7184000.0,0.0805905184985753,89142000.0,37944000.0,2000.0,2000.0,0.0,2,,0,0,0,0,0,0.7654784240150094,8000.0,-8000.0,-16000.0,-8000.0,50.0,False,False,PASS_SUBSET_GROSS_FLOWS
60143,2022-06-30,51458000.0,13000.0,13000.0,7648000.0,,6440000.0,0.074002574002574,87024000.0,39532000.0,0.0,0.0,0.0,2,,0,0,0,0,0,0.768238174822185,0.0,0.0,-13000.0,-13000.0,50.0,False,False,PASS_SUBSET_GROSS_FLOWS
60143,2022-09-30,51715000.0,26000.0,13000.0,7598000.0,,4758000.0,0.05648148148148148,84240000.0,40193000.0,0.0,1000.0,-1000.0,2,,0,0,0,0,0,0.7772019723484482,13000.0,-14000.0,-26000.0,-12000.0,50.0,False,False,PASS_SUBSET_GROSS_FLOWS
60143,2022-12-31,53403000.0,11000.0,15000.0,7801000.0,,4808000.0,0.0562135366124563,85531000.0,41389000.0,0.0,2000.0,-2000.0,2,,0,0,0,0,0,0.7750313652791042,-4000.0,2000.0,-11000.0,-13000.0,50.0,False,False,PASS_SUBSET_GROSS_FLOWS
60143,2023-03-31,55111000.0,12000.0,14000.0,8037000.0,,5605000.0,0.061418599809333875,91259000.0,42294000.0,0.0,0.0,0.0,2,,0,0,0,0,0,0.7674329988568526,-2000.0,2000.0,-12000.0,-14000.0,50.0,False,False,PASS_SUBSET_GROSS_FLOWS
60143,2023-06-30,55985000.0,11000.0,13000.0,8185000.0,,5170000.0,0.05689822151787286,90864000.0,43365000.0,0.0,0.0,0.0,2,,0,0,0,0,0,0.7745824774493167,-2000.0,2000.0,-11000.0,-13000.0,50.0,False,False,PASS_SUBSET_GROSS_FLOWS
60143,2023-09-30,53635000.0,14000.0,8000.0,7983000.0,,4185000.0,0.048771676300578035,85808000.0,41658000.0,4000.0,2000.0,2000.0,2,,0,0,0,0,0,0.7766943227370188,6000.0,-4000.0,-10000.0,-6000.0,50.0,False,False,PASS_SUBSET_GROSS_FLOWS
60143,2023-12-31,52345000.0,25000.0,5000.0,8007000.0,,5703000.0,0.06638960676119299,85902000.0,40976000.0,1000.0,2000.0,-1000.0,2,,0,0,1,0,1,0.7828063807431465,20000.0,-21000.0,-24000.0,-3000.0,50.0,False,False,PASS_SUBSET_GROSS_FLOWS
60143,2024-03-31,51011000.0,21000.0,7000.0,8157000.0,,5444000.0,0.06846679159382743,79513000.0,40951000.0,0.0,1000.0,-1000.0,2,,0,0,0,0,0,0.8027876340397169,14000.0,-15000.0,-21000.0,-6000.0,50.0,False,False,PASS_SUBSET_GROSS_FLOWS
60143,2024-06-30,52069000.0,28000.0,17000.0,8369000.0,,5652000.0,0.07099521422918943,79611000.0,41525000.0,6000.0,0.0,6000.0,2,,0,0,0,0,0,0.7974994718546544,11000.0,-5000.0,-22000.0,-17000.0,50.0,False,False,PASS_SUBSET_GROSS_FLOWS
60143,2024-09-30,50722000.0,23000.0,12000.0,8562000.0,,6954000.0,0.08719421212995122,79753000.0,41120000.0,10000.0,2000.0,8000.0,2,,0,0,0,0,0,0.8106935846378297,11000.0,-3000.0,-13000.0,-10000.0,50.0,False,False,PASS_SUBSET_GROSS_FLOWS
60143,2024-12-31,50758000.0,23000.0,7000.0,8547000.0,,6133000.0,0.07730802198356275,79332000.0,41188000.0,1000.0,0.0,1000.0,2,,0,0,0,0,0,0.8114582922889003,16000.0,-15000.0,-22000.0,-7000.0,50.0,False,False,PASS_SUBSET_GROSS_FLOWS
60143,2025-03-31,50138000.0,32000.0,6000.0,8527000.0,,6579000.0,0.08467399418260445,77698000.0,41270000.0,14000.0,1000.0,13000.0,2,,0,0,0,0,0,0.8231281662611193,26000.0,-13000.0,-18000.0,-5000.0,50.0,False,False,PASS_SUBSET_GROSS_FLOWS
60143,2025-06-30,51359000.0,31000.0,3000.0,8460000.0,,6706000.0,0.08593139327772012,78039000.0,42183000.0,3000.0,0.0,3000.0,2,,0,0,0,0,0,0.8213360852041511,28000.0,-25000.0,-28000.0,-3000.0,50.0,False,False,PASS_SUBSET_GROSS_FLOWS
60143,2025-09-30,51057000.0,45000.0,13000.0,8366000.0,,6852000.0,0.08856603676033399,77366000.0,42032000.0,0.0,1000.0,-1000.0,2,,0,0,0,0,0,0.8232367745852675,32000.0,-33000.0,-45000.0,-12000.0,50.0,False,False,PASS_SUBSET_GROSS_FLOWS
60143,2025-12-31,50924000.0,21000.0,18000.0,8571000.0,,7238000.0,0.09041622945085695,80052000.0,42053000.0,1000.0,0.0,1000.0,2,,0,0,0,0,0,0.825799230225434,3000.0,-2000.0,-20000.0,-18000.0,50.0,False,False,PASS_SUBSET_GROSS_FLOWS
606046,2005-03-31,6952922.0,5285.0,1531.0,883783.0,0.1214,1008915.0,0.09324753344578202,10819750.0,3718367.0,2665.0,944.0,1721.0,3,,0,0,0,0,0,0.5347919910506691,3754.0,-2033.0,-2620.0,-587.0,50.0,False,False,PASS_SUBSET_GROSS_FLOWS
606046,2005-06-30,7105612.0,5908.0,1298.0,910537.0,0.1233,1040969.0,0.0961601845443719,10825364.0,3790197.0,3904.0,620.0,3284.0,3,,0,0,0,0,0,0.533408944929726,4610.0,-1326.0,-2004.0,-678.0,50.0,False,False,PASS_SUBSET_GROSS_FLOWS
606046,2005-09-30,7171107.0,5557.0,823.0,920380.0,0.119967,1048565.0,0.09484118545851401,11056009.0,3799403.0,3655.0,206.0,3449.0,3,,0,0,0,0,0,0.5298209885865599,4734.0,-1285.0,-1902.0,-617.0,50.0,False,False,PASS_SUBSET_GROSS_FLOWS
606046,2005-12-31,7440561.0,3683.0,905.0,944565.0,0.126075,1098578.0,0.09330809734473437,11773662.0,3978156.0,1847.0,349.0,1498.0,3,,0,0,0,0,0,0.5346580721534304,2778.0,-1280.0,-1836.0,-556.0,50.0,False,False,PASS_SUBSET_GROSS_FLOWS
606046,2006-03-31,7434110.0,2538.0,915.0,950982.0,0.120698,1104115.0,0.09297776075608646,11875044.0,4009552.0,1425.0,190.0,1235.0,3,,0,0,0,0,0,0.5393452612350369,1623.0,-388.0,-1113.0,-725.0,50.0,False,False,PASS_SUBSET_GROSS_FLOWS
606046,2006-06-30,7618417.0,4296.0,957.0,965090.0,0.12072,1116627.0,0.0945069721962742,11815287.0,4096043.0,2703.0,351.0,2352.0,3,,0,0,0,0,0,0.5376501443803877,3339.0,-987.0,-1593.0,-606.0,50.0,False,False,PASS_SUBSET_GROSS_FLOWS
606046,2006-09-30,7859191.0,3454.0,2055.0,969553.0,0.118321,1127785.0,0.09504433045190733,11865884.0,4261370.0,1813.0,1498.0,315.0,3,,0,0,0,0,0,0.5422148411967593,1399.0,-1084.0,-1641.0,-557.0,50.0,False,False,PASS_SUBSET_GROSS_FLOWS
606046,2006-12-31,7971266.0,5815.0,933.0,991459.0,0.119849,1136405.0,0.09434599023003583,12045080.0,4312355.0,3750.0,355.0,3395.0,3,,0,0,0,0,0,0.5409874667336405,4882.0,-1487.0,-2065.0,-578.0,50.0,False,False,PASS_SUBSET_GROSS_FLOWS
606046,2007-03-31,8020032.0,2699.0,959.0,919984.0,0.107793,1065414.0,0.0880017246591568,12106740.0,4413952.0,1217.0,392.0,825.0,3,,0,0,0,0,0,0.5503658838268974,1740.0,-915.0,-1482.0,-567.0,50.0,False,False,PASS_SUBSET_GROSS_FLOWS
606046,2007-06-30,8225609.0,3983.0,866.0,926888.0,0.105968,1068417.0,0.08633496220238891,12375253.0,4511045.0,2271.0,359.0,1912.0,3,,0,0,0,0,0,0.5484147131233688,3117.0,-1205.0,-1712.0,-507.0,50.0,False,False,PASS_SUBSET_GROSS_FLOWS
606046,2007-09-30,9163622.0,4375.0,1454.0,1025050.0,0.104878,1293050.0,0.09845825512372404,13132977.0,5098228.0,2537.0,836.0,1701.0,3,,0,0,0,0,0,0.5563551180963161,2921.0,-1220.0,-1838.0,-618.0,50.0,False,False,PASS_SUBSET_GROSS_FLOWS
606046,2007-12-31,9315168.0,5784.0,1076.0,1040938.0,0.106255,1318410.0,0.09993769102022995,13192320.0,5186646.0,3718.0,576.0,3142.0,3,,0,0,0,0,0,0.5567957550524049,4708.0,-1566.0,-2066.0,-500.0,50.0,False,False,PASS_SUBSET_GROSS_FLOWS
606046,2008-03-31,9395668.0,7714.0,1007.0,1042803.0,0.103941,1349915.0,0.10264312812691564,13151538.0,3485535.0,4843.0,248.0,4595.0,3,,0,0,0,0,0,0.37097255884307534,6707.0,-2112.0,-2871.0,-759.0,50.0,False,False,PASS_SUBSET_GROSS_FLOWS
606046,2008-06-30,9653894.0,8222.0,1162.0,1065157.0,0.102742,1361641.0,0.10165532833771965,13394684.0,3578920.0,3656.0,747.0,2909.0,3,,0,0,0,0,0,0.3707229435085987,7060.0,-4151.0,-4566.0,-415.0,50.0,False,False,PASS_SUBSET_GROSS_FLOWS
606046,2008-09-30,9788782.0,11364.0,727.0,1053984.0,0.101255,1349779.0,0.10153517739369633,13293708.0,3527805.0,2076.0,172.0,1904.0,3,,0,0,0,0,0,0.3603926412908164,10637.0,-8733.0,-9288.0,-555.0,50.0,False,False,PASS_SUBSET_GROSS_FLOWS
606046,2008-12-31,9881339.0,14767.0,1017.0,1076473.0,0.10354,1349205.0,0.1000235749918266,13488870.0,3574137.0,4384.0,470.0,3914.0,3,,0,0,0,0,0,0.3617057364391607,13750.0,-9836.0,-10383.0,-547.0,50.0,False,False,PASS_SUBSET_GROSS_FLOWS
606046,2009-03-31,9883645.0,14151.0,1045.0,1110498.0,0.106831,1385318.0,0.10296930234577123,13453699.0,6421255.0,4854.0,391.0,4463.0,3,,0,0,0,0,0,0.6496849087558284,13106.0,-8643.0,-9297.0,-654.0,50.0,False,False,PASS_SUBSET_GROSS_FLOWS
606046,2009-06-30,9857575.0,14466.0,987.0,1130137.0,0.11097,1403966.0,0.10565863082213663,13287755.0,6499232.0,5631.0,330.0,5301.0,3,,0,0,0,0,0,0.6593134721267655,13479.0,-8178.0,-8835.0,-657.0,50.0,False,False,PASS_SUBSET_GROSS_FLOWS
606046,2009-09-30,9839106.0,17499.0,1029.0,1138812.0,0.111688,1417911.0,0.10685382180501903,13269633.0,6571442.0,12760.0,533.0,12227.0,3,,0,0,0,0,0,0.6678901518085079,16470.0,-4243.0,-4739.0,-496.0,50.0,False,False,PASS_SUBSET_GROSS_FLOWS
606046,2009-12-31,9857446.0,32097.0,1078.0,1119612.0,0.109488,1408389.0,0.10699231866031565,13163459.0,6633255.0,25621.0,384.0,25237.0,3,,0,0,0,0,0,0.6729182183701539,31019.0,-5782.0,-6476.0,-694.0,50.0,False,False,PASS_SUBSET_GROSS_FLOWS
606046,2010-03-31,9798588.0,31379.0,701.0,1111047.0,0.109018,1396652.0,0.10554635017140253,13232594.0,6629323.0,25615.0,176.0,25439.0,3,,0,0,0,0,0,0.6765590103390406,30678.0,-5239.0,-5764.0,-525.0,50.0,False,False,PASS_SUBSET_GROSS_FLOWS
606046,2010-06-30,9748996.0,52363.0,1869.0,1050629.0,0.10258,1366381.0,0.10182184193832017,13419331.0,6604123.0,44082.0,1153.0,42929.0,3,,0,0,0,0,0,0.6774157051659473,50494.0,-7565.0,-8281.0,-716.0,50.0,False,False,PASS_SUBSET_GROSS_FLOWS
606046,2010-09-30,9647864.0,52524.0,2011.0,1046429.0,0.102966,1362880.0,0.10036669102534522,13579007.0,6552202.0,46665.0,693.0,45972.0,3,,0,0,0,0,0,0.6791349878066275,50513.0,-4541.0,-5859.0,-1318.0,50.0,False,False,PASS_SUBSET_GROSS_FLOWS
606046,2010-12-31,9434681.0,54756.0,3295.0,1040714.0,0.103216,1347714.0,0.09894420719143725,13620949.0,6540752.0,47195.0,2364.0,44831.0,3,,0,0,0,0,0,0.6932668947683551,51461.0,-6630.0,-7561.0,-931.0,50.0,False,False,PASS_SUBSET_GROSS_FLOWS
606046,2011-03-31,9276010.0,53750.0,1691.0,1029850.0,0.103495,1335121.0,0.09858798615994425,13542431.0,6519216.0,41146.0,695.0,40451.0,2,,0,0,0,0,0,0.7028038995214537,52059.0,-11608.0,-12604.0,-996.0,50.0,False,False,PASS_SUBSET_GROSS_FLOWS
606046,2011-06-30,9289922.0,36253.0,3307.0,1073693.0,0.108171,1373474.0,0.10278734471127585,13362287.0,6516316.0,21067.0,2062.0,19005.0,2,,0,0,0,0,0,0.7014392585858095,32946.0,-13941.0,-15186.0,-1245.0,50.0,False,False,PASS_SUBSET_GROSS_FLOWS
606046,2011-09-30,9161826.0,25612.0,2559.0,1091937.0,0.111228,1398172.0,0.1059302826588988,13198983.0,6490111.0,17834.0,1504.0,16330.0,2,,0,0,0,0,0,0.7083861885174418,23053.0,-6723.0,-7778.0,-1055.0,50.0,False,False,PASS_SUBSET_GROSS_FLOWS
606046,2011-12-31,8957906.0,26440.0,2622.0,1099369.0,0.114638,1388035.0,0.10685128070116691,12990345.0,6398509.0,20883.0,1364.0,19519.0,2,,0,0,0,0,0,0.7142862405566658,23818.0,-4299.0,-5557.0,-1258.0,50.0,False,False,PASS_SUBSET_GROSS_FLOWS
606046,2012-03-31,8853446.0,28826.0,5485.0,1125513.0,0.11731,1412091.0,0.106150817962628,13302686.0,6377770.0,24997.0,4565.0,20432.0,3,,0,0,0,0,0,0.7203714802123377,23341.0,-2909.0,-3829.0,-920.0,50.0,False,False,PASS_SUBSET_GROSS_FLOWS
606046,2012-06-30,8846410.0,21900.0,9970.0,1150487.0,0.120355,1441645.0,0.10970668380196674,13140904.0,6372346.0,19564.0,9240.0,10324.0,3,,0,0,0,0,0,0.7203312982328425,11930.0,-1606.0,-2336.0,-730.0,50.0,False,False,PASS_SUBSET_GROSS_FLOWS
606046,2012-09-30,8814385.0,18948.0,6120.0,1170912.0,0.122215,1473425.0,0.11141557766605491,13224587.0,6352117.0,16224.0,5363.0,10861.0,3,,0,0,0,0,0,0.720653454551849,12828.0,-1967.0,-2724.0,-757.0,50.0,False,False,PASS_SUBSET_GROSS_FLOWS
606046,2012-12-31,8771610.0,19725.0,9172.0,1191567.0,0.124758,1479213.0,0.11046737925167223,13390496.0,6407562.0,15855.0,8228.0,7627.0,3,,0,0,0,0,0,0.730488701618061,10553.0,-2926.0,-3870.0,-944.0,50.0,False,False,PASS_SUBSET_GROSS_FLOWS
606046,2013-03-31,8691697.0,9738.0,3874.0,1216633.0,0.12799,1499420.0,0.11203090858215994,13383985.0,6389406.0,7739.0,2844.0,4895.0,3,,0,0,0,0,0,0.7351160538615187,5864.0,-969.0,-1999.0,-1030.0,50.0,False,False,PASS_SUBSET_GROSS_FLOWS
606046,2013-06-30,8799452.0,12254.0,7699.0,1215562.0,0.128725,1472166.0,0.11146056383903215,13207954.0,6526749.0,10621.0,6541.0,4080.0,3,,0,0,0,0,0,0.7417222117922798,4555.0,-475.0,-1633.0,-1158.0,50.0,False,False,PASS_SUBSET_GROSS_FLOWS
606046,2013-09-30,8851501.0,11872.0,4299.0,1242448.0,0.131209,1498514.0,0.1159438253739047,12924483.0,6562460.0,9392.0,3481.0,5911.0,3,,0,0,0,0,0,0.7413951599847303,7573.0,-1662.0,-2480.0,-818.0,50.0,False,False,PASS_SUBSET_GROSS_FLOWS
606046,2013-12-31,9029234.0,8327.0,7589.0,1237716.0,0.128294,1526102.0,0.11709973022823407,13032498.0,6734370.0,6025.0,7030.0,-1005.0,3,,0,0,0,0,0,0.7458406770718313,738.0,-1743.0,-2302.0,-559.0,50.0,False,False,PASS_SUBSET_GROSS_FLOWS
606046,2014-03-31,9133695.0,8075.0,4543.0,,,1549964.0,0.1179894645901967,13136461.0,6888829.0,5778.0,3459.0,2319.0,3,,0,0,0,0,0,0.7542214842952387,3532.0,-1213.0,-2297.0,-1084.0,50.0,False,False,PASS_SUBSET_GROSS_FLOWS
606046,2014-06-30,9420966.0,5616.0,3043.0,,,1574546.0,0.12131972588784067,12978483.0,7129692.0,3853.0,2381.0,1472.0,3,,0,0,0,0,0,0.7567899088055301,2573.0,-1101.0,-1763.0,-662.0,50.0,False,False,PASS_SUBSET_GROSS_FLOWS
606046,2014-09-30,9650067.0,6484.0,3303.0,,,1589175.0,0.12164673941499031,13063852.0,7304712.0,3156.0,2491.0,665.0,3,,0,0,0,0,0,0.7569597185180165,3181.0,-2516.0,-3328.0,-812.0,50.0,False,False,PASS_SUBSET_GROSS_FLOWS
606046,2014-12-31,9851976.0,4853.0,3345.0,,,1575899.0,0.11835731449268548,13314758.0,7482660.0,3304.0,2804.0,500.0,3,,0,0,0,0,0,0.7595085493509119,1508.0,-1008.0,-1549.0,-541.0,50.0,False,False,PASS_SUBSET_GROSS_FLOWS
606046,2015-03-31,9916742.0,4780.0,3997.0,1315449.0,,1574895.0,0.11560297983426639,13623308.0,7549807.0,2919.0,2975.0,-56.0,3,,0,0,0,0,0,0.7613192921626881,783.0,-839.0,-1861.0,-1022.0,50.0,False,False,PASS_SUBSET_GROSS_FLOWS
606046,2015-06-30,10213392.0,5017.0,11670.0,1333201.0,,1588393.0,0.11658243443456903,13624634.0,7853715.0,3734.0,11012.0,-7278.0,3,,0,0,0,0,0,0.7689624563514257,-6653.0,-625.0,-1283.0,-658.0,50.0,False,False,PASS_SUBSET_GROSS_FLOWS
606046,2015-09-30,10392341.0,7374.0,5070.0,1345449.0,,1605572.0,0.11655567332800926,13775151.0,7936135.0,5697.0,3762.0,1935.0,3,,0,0,0,0,0,0.7636522897006555,2304.0,-369.0,-1677.0,-1308.0,50.0,False,False,PASS_SUBSET_GROSS_FLOWS
606046,2015-12-31,10532645.0,9548.0,2997.0,1369419.0,,1622822.0,0.1176800065264093,13790125.0,8065775.0,7819.0,2442.0,5377.0,3,,0,0,0,0,0,0.7657881757146472,6551.0,-1174.0,-1729.0,-555.0,50.0,False,False,PASS_SUBSET_GROSS_FLOWS
606046,2016-03-31,10598722.0,3243.0,2291.0,1312813.0,,1577233.0,0.11335919342725927,13913587.0,8135483.0,1435.0,1701.0,-266.0,3,,0,0,0,0,0,0.7675909416248488,952.0,-1218.0,-1808.0,-590.0,50.0,False,False,PASS_SUBSET_GROSS_FLOWS
606046,2016-06-30,10786148.0,4300.0,2729.0,1324362.0,,1597389.0,0.11315202675206042,14117193.0,8242487.0,2694.0,1880.0,814.0,3,,0,0,0,0,0,0.7641733638366542,1571.0,-757.0,-1606.0,-849.0,50.0,False,False,PASS_SUBSET_GROSS_FLOWS
606046,2016-09-30,10866060.0,3789.0,2742.0,1338836.0,,1605347.0,0.10992639194250059,14603836.0,8221259.0,1914.0,2115.0,-201.0,3,,0,0,0,0,0,0.7565998163087633,1047.0,-1248.0,-1875.0,-627.0,50.0,False,False,PASS_SUBSET_GROSS_FLOWS
606046,2016-12-31,10986974.0,5687.0,2535.0,1311542.0,,1567446.0,0.10645803839875075,14723604.0,8329447.0,3096.0,1973.0,1123.0,3,,0,0,0,0,0,0.758120206710237,3152.0,-2029.0,-2591.0,-562.0,50.0,False,False,PASS_SUBSET_GROSS_FLOWS
606046,2017-03-31,10969282.0,3333.0,3793.0,1264146.0,,1521816.0,0.10238440533302906,14863748.0,8369377.0,1397.0,2543.0,-1146.0,3,,0,0,0,0,0,0.7629831195879548,-460.0,-686.0,-1936.0,-1250.0,50.0,False,False,PASS_SUBSET_GROSS_FLOWS
606046,2017-06-30,11208886.0,7313.0,2678.0,1281066.0,,1538428.0,0.10360499630445873,14848975.0,8576727.0,5508.0,1827.0,3681.0,3,,0,0,0,0,0,0.7651721143385704,4635.0,-954.0,-1805.0,-851.0,50.0,False,False,PASS_SUBSET_GROSS_FLOWS
606046,2017-09-30,11198279.0,5203.0,2638.0,1299858.0,,1556083.0,0.10542568464943664,14759999.0,8545834.0,3253.0,1785.0,1468.0,3,,0,0,0,0,0,0.7631381572114787,2565.0,-1097.0,-1950.0,-853.0,50.0,False,False,PASS_SUBSET_GROSS_FLOWS
606046,2017-12-31,11196203.0,4668.0,2872.0,1468503.0,,1713485.0,0.1119306364966704,15308454.0,8602616.0,3085.0,2290.0,795.0,3,,0,0,0,0,0,0.7683511990627537,1796.0,-1001.0,-1583.0,-582.0,50.0,False,False,PASS_SUBSET_GROSS_FLOWS
606046,2018-03-31,12443142.0,2531.0,2766.0,1532840.0,,2060487.0,0.11986336014283405,17190299.0,9456854.0,851.0,1722.0,-871.0,3,,0,0,0,0,0,0.7600053105558066,-235.0,-636.0,-1680.0,-1044.0,50.0,False,False,PASS_SUBSET_GROSS_FLOWS
606046,2018-06-30,12577541.0,4208.0,2193.0,1549578.0,,2072083.0,0.12027194766290261,17228315.0,9612501.0,2692.0,1543.0,1149.0,3,,0,0,0,0,0,0.764259166398265,2015.0,-866.0,-1516.0,-650.0,50.0,False,False,PASS_SUBSET_GROSS_FLOWS
606046,2018-09-30,12586415.0,2658.0,3757.0,1595342.0,,2116375.0,0.12262403706344292,17259055.0,9874726.0,833.0,3112.0,-2279.0,3,,0,0,0,0,0,0.7845542992186417,-1099.0,-1180.0,-1825.0,-645.0,50.0,False,False,PASS_SUBSET_GROSS_FLOWS
606046,2018-12-31,13254448.0,4133.0,2184.0,1556938.0,,2205737.0,0.1224836221092973,18008424.0,10342931.0,1997.0,1283.0,714.0,3,,0,0,0,0,0,0.7803366085105921,1949.0,-1235.0,-2136.0,-901.0,50.0,False,False,PASS_SUBSET_GROSS_FLOWS
606046,2019-03-31,13214304.0,6958.0,2887.0,1564350.0,,2226585.0,0.1215425361620958,18319389.0,10300326.0,4819.0,2310.0,2509.0,3,,0,0,0,0,0,0.7794830510937238,4071.0,-1562.0,-2139.0,-577.0,50.0,False,False,PASS_SUBSET_GROSS_FLOWS
606046,2019-06-30,13837930.0,3356.0,2048.0,1600749.0,,2327120.0,0.12286931465689338,18939798.0,10757356.0,1277.0,1299.0,-22.0,3,,0,0,0,0,0,0.7773818772027319,1308.0,-1330.0,-2079.0,-749.0,50.0,False,False,PASS_SUBSET_GROSS_FLOWS
606046,2019-09-30,14354874.0,2152.0,2869.0,1671817.0,,2489427.0,0.12533008668796863,19862964.0,11090502.0,575.0,1630.0,-1055.0,3,,0,0,0,0,0,0.7725948691712654,-717.0,-338.0,-1577.0,-1239.0,50.0,False,False,PASS_SUBSET_GROSS_FLOWS
606046,2019-12-31,14303386.0,4124.0,6282.0,1876011.0,,2685017.0,0.12748649316458313,21061188.0,11106632.0,2176.0,5506.0,-3330.0,3,,0,0,0,0,0,0.7765036894061308,-2158.0,-1172.0,-1948.0,-776.0,50.0,False,False,PASS_SUBSET_GROSS_FLOWS
606046,2020-03-31,14432399.0,16753.0,3026.0,1807483.0,,2681904.0,0.12743397749982788,21045439.0,11268687.0,14622.0,2304.0,12318.0,3,,0,0,0,0,0,0.7807909828435314,13727.0,-1409.0,-2131.0,-722.0,50.0,False,False,PASS_SUBSET_GROSS_FLOWS
606046,2020-06-30,15807074.0,2934.0,1760.0,1858060.0,,2732687.0,0.11771023450710871,23215373.0,12571256.0,1642.0,973.0,669.0,3,,0,0,0,0,0,0.7952930441142997,1174.0,-505.0,-1292.0,-787.0,50.0,False,False,PASS_SUBSET_GROSS_FLOWS
606046,2020-09-30,15655550.0,3142.0,1741.0,1920473.0,,2782539.0,0.11811791326331597,23557299.0,12488185.0,1820.0,1027.0,793.0,3,,0,0,0,0,0,0.7976842078368375,1401.0,-608.0,-1322.0,-714.0,50.0,False,False,PASS_SUBSET_GROSS_FLOWS
606046,2020-12-31,15437957.0,13032.0,1830.0,1970219.0,,2822477.0,0.11713955046931736,24094996.0,12374201.0,8735.0,1114.0,7621.0,3,,0,0,0,0,0,0.8015439478164113,11202.0,-3581.0,-4297.0,-716.0,50.0,False,False,PASS_SUBSET_GROSS_FLOWS
606046,2021-03-31,15571494.0,5906.0,2601.0,2029698.0,,2825198.0,0.10949208958623378,25802759.0,12543110.0,3629.0,1583.0,2046.0,3,,0,0,0,0,0,0.8055174410368073,3305.0,-1259.0,-2277.0,-1018.0,50.0,False,False,PASS_SUBSET_GROSS_FLOWS
606046,2021-06-30,15415217.0,3862.0,5662.0,2164979.0,,3069574.0,0.1111492160810698,27616695.0,12216100.0,2510.0,3611.0,-1101.0,3,,0,0,0,0,0,0.7924701935756078,-1800.0,699.0,-1352.0,-2051.0,50.0,False,False,PASS_SUBSET_GROSS_FLOWS
606046,2021-09-30,15338946.0,3313.0,5369.0,2166691.0,,3023257.0,0.10768231054697928,28075707.0,12160793.0,1848.0,4486.0,-2638.0,3,,0,0,0,0,0,0.7928049945543847,-2056.0,-582.0,-1465.0,-883.0,50.0,False,False,PASS_SUBSET_GROSS_FLOWS
606046,2021-12-31,27216851.0,5640.0,10403.0,3921841.0,,5247987.0,0.11010018554276925,47665560.0,22131185.0,3262.0,9480.0,-6218.0,3,,0,0,0,0,0,0.8131427474839025,-4763.0,-1455.0,-2378.0,-923.0,50.0,False,False,PASS_SUBSET_GROSS_FLOWS
606046,2022-03-31,27491878.0,4787.0,5227.0,3825775.0,,4643757.0,0.09836589473430021,47209015.0,22290185.0,3107.0,4523.0,-1416.0,3,,0,0,0,0,0,0.8107916454452475,-440.0,-976.0,-1680.0,-704.0,50.0,False,False,PASS_SUBSET_GROSS_FLOWS
606046,2022-06-30,28573944.0,4386.0,5760.0,3897587.0,,4437925.0,0.09293479450184443,47753105.0,23363587.0,2493.0,4626.0,-2133.0,3,,0,0,1,0,1,0.8176535587806849,-1374.0,-759.0,-1893.0,-1134.0,50.0,False,False,PASS_SUBSET_GROSS_FLOWS
606046,2022-09-30,29494831.0,15320.0,8571.0,3988571.0,,4166925.0,0.08735754091328952,47699660.0,23916215.0,12581.0,6469.0,6112.0,3,,0,0,0,0,0,0.8108612319222985,6749.0,-637.0,-2739.0,-2102.0,50.0,False,False,PASS_SUBSET_GROSS_FLOWS
606046,2022-12-31,30537202.0,5371.0,10355.0,4047501.0,,4311374.0,0.08858731678157876,48668073.0,24716050.0,2957.0,9266.0,-6309.0,3,,0,0,0,0,0,0.8093750697919213,-4984.0,-1325.0,-2414.0,-1089.0,50.0,False,False,PASS_SUBSET_GROSS_FLOWS
606046,2023-03-31,31478704.0,7030.0,5155.0,4070250.0,,4490417.0,0.08686686129227006,51693096.0,25471435.0,5067.0,4374.0,693.0,3,,0,0,0,0,0,0.8091640303870198,1875.0,-1182.0,-1963.0,-781.0,50.0,False,False,PASS_SUBSET_GROSS_FLOWS
606046,2023-06-30,32749942.0,15640.0,2926.0,4147927.0,,4485851.0,0.09185041112921608,48838660.0,26293857.0,14012.0,2318.0,11694.0,3,,0,0,0,0,0,0.8028672844672519,12714.0,-1020.0,-1628.0,-608.0,50.0,False,False,PASS_SUBSET_GROSS_FLOWS
606046,2023-09-30,32682969.0,37498.0,3344.0,4209515.0,,4395257.0,0.09058088111186836,48523010.0,26391322.0,36105.0,2722.0,33383.0,3,,0,0,0,0,0,0.8074946312252109,34154.0,-771.0,-1393.0,-622.0,50.0,False,False,PASS_SUBSET_GROSS_FLOWS
606046,2023-12-31,32683323.0,26904.0,3079.0,4530013.0,,5167843.0,0.10560733110436786,48934510.0,26346209.0,24286.0,2625.0,21661.0,3,,0,0,0,0,0,0.8061055786769296,23825.0,-2164.0,-2618.0,-454.0,50.0,False,False,PASS_SUBSET_GROSS_FLOWS
606046,2024-03-31,33052172.0,21636.0,2177.0,4563488.0,,5189932.0,0.10742117640230921,48313863.0,26662837.0,19659.0,1601.0,18058.0,3,,0,0,0,0,0,0.8066894060698946,19459.0,-1401.0,-1977.0,-576.0,50.0,False,False,PASS_SUBSET_GROSS_FLOWS
606046,2024-06-30,33510446.0,26283.0,3730.0,4658824.0,,5287758.0,0.11019817865417775,47984078.0,26809509.0,23989.0,3210.0,20779.0,3,,0,0,0,0,0,0.8000343833084167,22553.0,-1774.0,-2294.0,-520.0,50.0,False,False,PASS_SUBSET_GROSS_FLOWS
606046,2024-09-30,33509913.0,24523.0,2360.0,4755737.0,,5572863.0,0.11325821742303764,49204933.0,26835442.0,22406.0,1868.0,20538.0,3,,0,0,0,0,0,0.8008209988489078,22163.0,-1625.0,-2117.0,-492.0,50.0,False,False,PASS_SUBSET_GROSS_FLOWS
606046,2024-12-31,33985947.0,17962.0,3896.0,4860480.0,,5569683.0,0.11845552847677725,47019190.0,27308808.0,12747.0,3440.0,9307.0,3,,0,0,0,0,0,0.8035323541227202,14066.0,-4759.0,-5215.0,-456.0,50.0,False,False,PASS_SUBSET_GROSS_FLOWS
606046,2025-03-31,34272051.0,25728.0,2726.0,4917284.0,,5718541.0,0.11977684237706766,47743294.0,27803663.0,23796.0,2053.0,21743.0,3,,0,0,0,0,0,0.8112634694667091,23002.0,-1259.0,-1932.0,-673.0,50.0,False,False,PASS_SUBSET_GROSS_FLOWS
606046,2025-06-30,35737240.0,25325.0,4110.0,5038645.0,,5916283.0,0.11743587188589495,50378840.0,29430668.0,22838.0,3444.0,19394.0,3,,0,0,0,0,0,0.8235294051807023,21215.0,-1821.0,-2487.0,-666.0,50.0,False,False,PASS_SUBSET_GROSS_FLOWS
606046,2025-09-30,37063516.0,26368.0,2767.0,4939197.0,,6083096.0,0.1141671824096654,53282352.0,30567216.0,23279.0,2142.0,21137.0,3,,0,0,0,0,0,0.8247252095564813,23601.0,-2464.0,-3089.0,-625.0,50.0,False,False,PASS_SUBSET_GROSS_FLOWS
606046,2025-12-31,37513665.0,29944.0,3838.0,5047638.0,,6243661.0,0.11664062223864861,53529044.0,30990061.0,24334.0,3069.0,21265.0,3,,0,0,0,0,0,0.8261005956096266,26106.0,-4841.0,-5610.0,-769.0,50.0,False,False,PASS_SUBSET_GROSS_FLOWS
619877,2012-03-31,37425983.0,179265.0,29454.0,4568800.0,0.121067,4574528.0,0.0824964966028946,55451179.0,4143976.0,17035.0,1239.0,15796.0,3,,0,0,0,0,0,0.11072457335322361,149811.0,-134015.0,-162230.0,-28215.0,50.0,False,False,PASS_SUBSET_GROSS_FLOWS
619877,2012-06-30,38018395.0,160617.0,30326.0,4755287.0,0.126713,4761581.0,0.08523658383956183,55863114.0,4245295.0,12063.0,1924.0,10139.0,3,,0,0,0,0,0,0.11166423516826526,130291.0,-120152.0,-148554.0,-28402.0,50.0,False,False,PASS_SUBSET_GROSS_FLOWS
619877,2012-09-30,37919027.0,159198.0,26847.0,4962111.0,0.129084,4967452.0,0.08621652809464092,57616006.0,4028283.0,11800.0,2329.0,9471.0,3,,0,0,0,0,0,0.10623381765571147,132351.0,-122880.0,-147398.0,-24518.0,50.0,False,False,PASS_SUBSET_GROSS_FLOWS
619877,2012-12-31,39070908.0,183890.0,28016.0,4866151.0,0.123648,4871847.0,0.08314090183679584,58597476.0,4217255.0,19108.0,3595.0,15513.0,3,,0,0,0,0,0,0.10793849480027441,155874.0,-140361.0,-164782.0,-24421.0,50.0,False,False,PASS_SUBSET_GROSS_FLOWS
619877,2013-03-31,38292146.0,174971.0,34707.0,5065145.0,0.128811,5073341.0,0.08172978871023565,62074564.0,3992158.0,15345.0,3099.0,12246.0,3,,0,0,0,0,0,0.10425526947484218,140264.0,-128018.0,-159626.0,-31608.0,50.0,False,False,PASS_SUBSET_GROSS_FLOWS
619877,2013-06-30,39719950.0,170325.0,36495.0,5298568.0,0.13062,5310321.0,0.08530527474565665,62250793.0,4240552.0,14012.0,3544.0,10468.0,3,,0,0,0,0,0,0.106761262287591,133830.0,-123362.0,-156313.0,-32951.0,50.0,False,False,PASS_SUBSET_GROSS_FLOWS
619877,2013-09-30,39563586.0,147018.0,35524.0,5379592.0,0.131436,5393210.0,0.08693185583194375,62039513.0,3104685.0,9863.0,4323.0,5540.0,3,,0,0,0,0,0,0.07847329612639259,111494.0,-105954.0,-137155.0,-31201.0,50.0,False,False,PASS_SUBSET_GROSS_FLOWS
619877,2013-12-31,40647011.0,161477.0,30692.0,5365488.0,0.128335,5380094.0,0.08557904682323245,62866954.0,2936470.0,9434.0,3476.0,5958.0,3,,0,0,0,0,0,0.07224319643085195,130785.0,-124827.0,-152043.0,-27216.0,50.0,False,False,PASS_SUBSET_GROSS_FLOWS
619877,2014-03-31,39928909.0,162704.0,34597.0,,,5503894.0,0.083631112831849,65811560.0,2858359.0,8418.0,2212.0,6206.0,3,,0,0,0,0,0,0.07158620336959369,128107.0,-121901.0,-154286.0,-32385.0,50.0,False,False,PASS_SUBSET_GROSS_FLOWS
619877,2014-06-30,42227990.0,151784.0,37143.0,,,5651342.0,0.0856544016309333,65978419.0,3963705.0,6708.0,2169.0,4539.0,3,,0,0,0,0,0,0.09386440131296801,114641.0,-110102.0,-145076.0,-34974.0,50.0,False,False,PASS_SUBSET_GROSS_FLOWS
619877,2014-09-30,43318602.0,147980.0,34710.0,,,5785007.0,0.08741372740189778,66179617.0,3855043.0,6298.0,2503.0,3795.0,3,,0,0,0,0,0,0.08899278420850239,113270.0,-109475.0,-141682.0,-32207.0,50.0,False,False,PASS_SUBSET_GROSS_FLOWS
619877,2014-12-31,44447110.0,162142.0,35053.0,,,5888176.0,0.08748900885315353,67301894.0,3736173.0,4388.0,2437.0,1951.0,3,,0,0,0,0,0,0.08405885107040706,127089.0,-125138.0,-157754.0,-32616.0,50.0,False,False,PASS_SUBSET_GROSS_FLOWS
619877,2015-03-31,44043946.0,169174.0,38850.0,6020633.0,,6044275.0,0.08605569249946997,70236783.0,3769646.0,4748.0,2710.0,2038.0,3,,0,0,0,0,0,0.0855882894779682,130324.0,-128286.0,-164426.0,-36140.0,50.0,False,False,PASS_SUBSET_GROSS_FLOWS
619877,2015-06-30,45021455.0,167042.0,39287.0,6109776.0,,6162282.0,0.0886987133992592,69474311.0,3621525.0,4872.0,3165.0,1707.0,3,,0,0,0,0,0,0.08043998133778661,127755.0,-126048.0,-162170.0,-36122.0,50.0,False,False,PASS_SUBSET_GROSS_FLOWS
619877,2015-09-30,45721100.0,165975.0,38775.0,6246545.0,,6319213.0,0.09022440977035028,70038840.0,3667790.0,3886.0,2598.0,1288.0,3,,0,0,0,0,0,0.08022094831489181,127200.0,-125912.0,-162089.0,-36177.0,50.0,False,False,PASS_SUBSET_GROSS_FLOWS
619877,2015-12-31,46737726.0,191380.0,39755.0,6267132.0,,6302454.0,0.08860356528446908,71130930.0,3846024.0,3956.0,2607.0,1349.0,3,,0,0,0,0,0,0.08228949778172777,151625.0,-150276.0,-187424.0,-37148.0,50.0,False,False,PASS_SUBSET_GROSS_FLOWS
619877,2016-03-31,45552232.0,199129.0,41845.0,6381543.0,,6470346.0,0.08620485858176369,75057788.0,3134330.0,4198.0,2522.0,1676.0,3,,0,0,0,0,0,0.06880738577200783,157284.0,-155608.0,-194931.0,-39323.0,50.0,False,False,PASS_SUBSET_GROSS_FLOWS
619877,2016-06-30,47094901.0,193337.0,43119.0,6483126.0,,6600527.0,0.08737327567881199,75544003.0,3987611.0,4224.0,3887.0,337.0,3,,0,0,0,0,0,0.08467182041639709,150218.0,-149881.0,-189113.0,-39232.0,50.0,False,False,PASS_SUBSET_GROSS_FLOWS
619877,2016-09-30,47109706.0,192950.0,44081.0,6619656.0,,6740648.0,0.08847296301726278,76188790.0,4070780.0,2331.0,3279.0,-948.0,3,,0,0,0,1,1,0.08641064327593129,148869.0,-149817.0,-190619.0,-40802.0,50.0,False,False,PASS_SUBSET_GROSS_FLOWS
619877,2016-12-31,47845224.0,214874.0,42348.0,6687502.0,,6752766.0,0.08684010581459986,77760914.0,3933459.0,3459.0,2429.0,1030.0,3,,0,0,0,0,0,0.0822121555957184,172526.0,-171496.0,-211415.0,-39919.0,50.0,False,False,PASS_SUBSET_GROSS_FLOWS
619877,2017-03-31,46529981.0,228923.0,51048.0,6791906.0,,6879767.0,0.08463953078979157,81283142.0,3392098.0,2924.0,3025.0,-101.0,3,,0,0,0,0,0,0.07290134075060122,177875.0,-177976.0,-225999.0,-48023.0,50.0,False,False,PASS_SUBSET_GROSS_FLOWS
619877,2017-06-30,47696830.0,219905.0,49818.0,6930646.0,,7035254.0,0.08733199609516558,80557577.0,3718587.0,2617.0,2983.0,-366.0,3,,0,0,0,0,0,0.07796297992969344,170087.0,-170453.0,-217288.0,-46835.0,50.0,False,False,PASS_SUBSET_GROSS_FLOWS
619877,2017-09-30,47168834.0,208006.0,49166.0,7214414.0,,7223727.0,0.09087476570149548,79491011.0,3395941.0,2401.0,2759.0,-358.0,3,,0,0,0,0,0,0.07199544088793884,158840.0,-159198.0,-205605.0,-46407.0,50.0,False,False,PASS_SUBSET_GROSS_FLOWS
619877,2017-12-31,47496238.0,226084.0,49036.0,7226675.0,,7199504.0,0.08940954772231183,80522765.0,3137802.0,2063.0,2448.0,-385.0,3,,0,0,0,0,0,0.0660642217600476,177048.0,-177433.0,-224021.0,-46588.0,50.0,False,False,PASS_SUBSET_GROSS_FLOWS
619877,2018-03-31,46062494.0,230700.0,52617.0,7418459.0,,7363241.0,0.0881825089927826,83500017.0,3042455.0,1414.0,2993.0,-1579.0,3,,0,0,0,0,0,0.06605059205000928,178083.0,-179662.0,-229286.0,-49624.0,50.0,False,False,PASS_SUBSET_GROSS_FLOWS
619877,2018-06-30,47014919.0,214972.0,53379.0,7666774.0,,7605876.0,0.09213439616117707,82551971.0,3662730.0,3905.0,2651.0,1254.0,3,,0,0,0,0,0,0.07790569627483565,161593.0,-160339.0,-211067.0,-50728.0,50.0,False,False,PASS_SUBSET_GROSS_FLOWS
619877,2018-09-30,47406852.0,209336.0,51967.0,7843170.0,,7761643.0,0.09447097375450808,82159024.0,3365287.0,1569.0,1868.0,-299.0,3,,0,0,0,0,0,0.07098735431747293,157369.0,-157668.0,-207767.0,-50099.0,50.0,False,False,PASS_SUBSET_GROSS_FLOWS
619877,2018-12-31,47267229.0,227123.0,53234.0,7945468.0,,7919154.0,0.09704510449626874,81602818.0,2623114.0,2668.0,1865.0,803.0,3,,0,0,0,0,0,0.05549540464917036,173889.0,-173086.0,-224455.0,-51369.0,50.0,False,False,PASS_SUBSET_GROSS_FLOWS
619877,2019-03-31,46272183.0,228150.0,56456.0,8090994.0,,8112329.0,0.09365664623910101,86617761.0,2686205.0,1666.0,1831.0,-165.0,3,,0,0,0,0,0,0.058052264359345226,171694.0,-171859.0,-226484.0,-54625.0,50.0,False,False,PASS_SUBSET_GROSS_FLOWS
619877,2019-06-30,47730620.0,224114.0,56801.0,8221654.0,,8425233.0,0.09724822490250284,86636368.0,3508475.0,1129.0,1574.0,-445.0,3,,0,0,0,0,0,0.07350574955866905,167313.0,-167758.0,-222985.0,-55227.0,50.0,False,False,PASS_SUBSET_GROSS_FLOWS
619877,2019-09-30,48443798.0,220523.0,55227.0,8492676.0,,8711199.0,0.09839091218095039,88536622.0,4158047.0,921.0,1530.0,-609.0,3,,0,0,0,0,0,0.0858323907634162,165296.0,-165905.0,-219602.0,-53697.0,50.0,False,False,PASS_SUBSET_GROSS_FLOWS
619877,2019-12-31,49213016.0,246693.0,52567.0,8281979.0,,8267088.0,0.09306976074526346,88826789.0,4184330.0,616.0,1653.0,-1037.0,3,,0,0,1,0,1,0.08502486415382467,194126.0,-195163.0,-246077.0,-50914.0,50.0,False,False,PASS_SUBSET_GROSS_FLOWS
619877,2020-03-31,46625871.0,255461.0,52990.0,8366143.0,,9678670.0,0.10151993818767904,95337627.0,3024353.0,773.0,1790.0,-1017.0,3,,0,0,0,0,0,0.06486426816562847,202471.0,-203488.0,-254688.0,-51200.0,50.0,False,False,PASS_SUBSET_GROSS_FLOWS
619877,2020-06-30,45255458.0,217635.0,50874.0,8249200.0,,9630186.0,0.09550030398359577,100839323.0,4113938.0,491.0,1222.0,-731.0,3,,0,0,0,0,0,0.09090479208054861,166761.0,-167492.0,-217144.0,-49652.0,50.0,False,False,PASS_SUBSET_GROSS_FLOWS
619877,2020-09-30,43626275.0,169706.0,53704.0,8113713.0,,9375968.0,0.09100258293504927,103029691.0,4179289.0,2672.0,1544.0,1128.0,3,,0,0,0,0,0,0.09579752110396773,116002.0,-114874.0,-167034.0,-52160.0,50.0,False,False,PASS_SUBSET_GROSS_FLOWS
619877,2020-12-31,41562797.0,130693.0,61304.0,7893949.0,,9044905.0,0.08301911332085724,108949670.0,3578031.0,3203.0,1924.0,1279.0,3,,0,0,0,0,0,0.08608734874123125,69389.0,-68110.0,-127490.0,-59380.0,50.0,False,False,PASS_SUBSET_GROSS_FLOWS
619877,2021-03-31,39760960.0,145386.0,55728.0,9602783.0,,9256738.0,0.07605211303676754,121715724.0,4396292.0,1203.0,2151.0,-948.0,2,,0,0,0,0,0,0.11056805469485646,89658.0,-90606.0,-144183.0,-53577.0,50.0,False,False,PASS_SUBSET_GROSS_FLOWS
619877,2021-06-30,39102757.0,133736.0,65722.0,9591737.0,,9875064.0,0.08540139506836647,115631179.0,4016425.0,1064.0,1677.0,-613.0,2,,0,0,0,0,0,0.10271462444451167,68014.0,-68627.0,-132672.0,-64045.0,50.0,False,False,PASS_SUBSET_GROSS_FLOWS
619877,2021-09-30,38499354.0,107575.0,60913.0,9463252.0,,9464701.0,0.08066602668744874,117331935.0,3732289.0,395.0,1538.0,-1143.0,2,,0,0,0,0,0,0.09694419807667422,46662.0,-47805.0,-107180.0,-59375.0,50.0,False,False,PASS_SUBSET_GROSS_FLOWS
619877,2021-12-31,38774775.0,122238.0,54652.0,9216174.0,,8980074.0,0.07650514040021622,117378701.0,3556495.0,204.0,1004.0,-800.0,2,,0,0,1,0,1,0.09172187330551886,67586.0,-68386.0,-122034.0,-53648.0,50.0,False,False,PASS_SUBSET_GROSS_FLOWS
619877,2022-03-31,37828000.0,117000.0,56000.0,9233000.0,,5831000.0,0.049272031298851646,118343000.0,2545000.0,0.0,2000.0,-2000.0,2,,0,0,0,0,0,0.06727820661943534,61000.0,-63000.0,-117000.0,-54000.0,50.0,False,False,PASS_SUBSET_GROSS_FLOWS
619877,2022-06-30,38907000.0,132000.0,59000.0,9472000.0,,4186000.0,0.03655001397038279,114528000.0,2766000.0,0.0,2000.0,-2000.0,2,,0,0,0,0,0,0.07109260544375048,73000.0,-75000.0,-132000.0,-57000.0,50.0,False,False,PASS_SUBSET_GROSS_FLOWS
619877,2022-09-30,40163000.0,113000.0,49000.0,9483000.0,,2734000.0,0.02476023148190076,110419000.0,2481000.0,1000.0,0.0,1000.0,2,,0,0,0,0,0,0.06177327390882155,64000.0,-63000.0,-112000.0,-49000.0,50.0,False,False,PASS_SUBSET_GROSS_FLOWS
619877,2022-12-31,40950000.0,135000.0,43000.0,9484000.0,,2956000.0,0.026654643823264202,110900000.0,2124000.0,0.0,2000.0,-2000.0,2,,0,0,0,0,0,0.05186813186813187,92000.0,-94000.0,-135000.0,-41000.0,50.0,False,False,PASS_SUBSET_GROSS_FLOWS
619877,2023-03-31,41755000.0,150000.0,44000.0,9324000.0,,2908000.0,0.026203627778728925,110977000.0,2122000.0,0.0,1000.0,-1000.0,2,,0,0,0,0,0,0.050820261046581244,106000.0,-107000.0,-150000.0,-43000.0,50.0,False,False,PASS_SUBSET_GROSS_FLOWS
619877,2023-06-30,43266000.0,171000.0,46000.0,9464000.0,,2944000.0,0.026765826294878673,109991000.0,2181000.0,1000.0,1000.0,0.0,2,,0,0,0,0,0,0.050409097212591875,125000.0,-125000.0,-170000.0,-45000.0,50.0,False,False,PASS_SUBSET_GROSS_FLOWS
619877,2023-09-30,44010000.0,243000.0,45000.0,9861000.0,,3101000.0,0.02833800912006872,109429000.0,2042000.0,0.0,1000.0,-1000.0,2,,0,0,0,0,0,0.04639854578504885,198000.0,-199000.0,-243000.0,-44000.0,50.0,False,False,PASS_SUBSET_GROSS_FLOWS
619877,2023-12-31,44757000.0,241000.0,39000.0,9551000.0,,3682000.0,0.03336021237462739,110371000.0,1842000.0,0.0,1000.0,-1000.0,2,,0,0,0,0,0,0.04115557342985455,202000.0,-203000.0,-241000.0,-38000.0,50.0,False,False,PASS_SUBSET_GROSS_FLOWS
619877,2024-03-31,44034000.0,258000.0,46000.0,9395000.0,,3622000.0,0.03176384954704505,114029000.0,1857000.0,0.0,0.0,0.0,2,,0,0,0,0,0,0.042171958032429485,212000.0,-212000.0,-258000.0,-46000.0,50.0,False,False,PASS_SUBSET_GROSS_FLOWS
619877,2024-06-30,44304000.0,255000.0,49000.0,9460000.0,,3717000.0,0.03327305929533085,111712000.0,1990000.0,0.0,1000.0,-1000.0,2,,0,0,0,0,0,0.044916937522571324,206000.0,-207000.0,-255000.0,-48000.0,50.0,False,False,PASS_SUBSET_GROSS_FLOWS
619877,2024-09-30,44642000.0,260000.0,52000.0,9470000.0,,4369000.0,0.03960189625010197,110323000.0,1940000.0,0.0,1000.0,-1000.0,2,,0,0,0,0,0,0.04345683437121993,208000.0,-209000.0,-260000.0,-51000.0,50.0,False,False,PASS_SUBSET_GROSS_FLOWS
619877,2024-12-31,45141000.0,282000.0,49000.0,9268000.0,,3918000.0,0.035872222374818026,109221000.0,1995000.0,0.0,1000.0,-1000.0,2,,0,0,0,0,0,0.0441948561174985,233000.0,-234000.0,-282000.0,-48000.0,50.0,False,False,PASS_SUBSET_GROSS_FLOWS
619877,2025-03-31,43742000.0,298000.0,55000.0,9190000.0,,4322000.0,0.03901426250225672,110780000.0,1782000.0,0.0,0.0,0.0,2,,0,0,0,0,0,0.040738877966256686,243000.0,-243000.0,-298000.0,-55000.0,50.0,False,False,PASS_SUBSET_GROSS_FLOWS
619877,2025-06-30,44018000.0,277000.0,55000.0,9372000.0,,4697000.0,0.04411322739396672,106476000.0,1773000.0,0.0,1000.0,-1000.0,2,,0,0,0,0,0,0.04027897678222545,222000.0,-223000.0,-277000.0,-54000.0,50.0,False,False,PASS_SUBSET_GROSS_FLOWS
619877,2025-09-30,44117000.0,273000.0,60000.0,9441000.0,,4987000.0,0.04753915521958381,104903000.0,1699000.0,1000.0,1000.0,0.0,2,,0,0,0,0,0,0.038511231498061974,213000.0,-213000.0,-272000.0,-59000.0,50.0,False,False,PASS_SUBSET_GROSS_FLOWS
619877,2025-12-31,45047000.0,287000.0,57000.0,9510000.0,,5260000.0,0.048708664771411905,107989000.0,1757000.0,0.0,0.0,0.0,2,,0,0,0,0,0,0.039003707239105824,230000.0,-230000.0,-287000.0,-57000.0,50.0,False,False,PASS_SUBSET_GROSS_FLOWS
63069,2005-03-31,8585463.0,3506.0,3738.0,1173072.0,0.1252,1296836.0,0.09452403389796658,13719643.0,6019142.0,1283.0,3032.0,-1749.0,3,,0,0,0,0,0,0.7010853112988781,-232.0,-1517.0,-2223.0,-706.0,50.0,False,False,PASS_SUBSET_GROSS_FLOWS
63069,2005-06-30,8886266.0,1815.0,3005.0,1214409.0,0.1262,1366262.0,0.0957424771775765,14270176.0,6273310.0,1363.0,2763.0,-1400.0,3,,0,0,0,0,0,0.7059556848737141,-1190.0,-210.0,-452.0,-242.0,50.0,False,False,PASS_SUBSET_GROSS_FLOWS
63069,2005-09-30,9026905.0,2212.0,7954.0,1255871.0,0.1286,1383175.0,0.09714910135105854,14237651.0,6253402.0,952.0,7291.0,-6339.0,3,,0,0,0,0,0,0.6927515023144699,-5742.0,-597.0,-1260.0,-663.0,50.0,False,False,PASS_SUBSET_GROSS_FLOWS
63069,2005-12-31,9265602.0,1034.0,3130.0,1300729.0,0.1286,1411857.0,0.09805849517749204,14398110.0,6584757.0,876.0,2975.0,-2099.0,3,,0,0,0,0,0,0.7106669377769518,-2096.0,-3.0,-158.0,-155.0,50.0,False,False,PASS_SUBSET_GROSS_FLOWS
63069,2006-03-31,9567152.0,1149.0,3805.0,1337393.0,0.1281,1425433.0,0.09793467330020048,14554937.0,6863656.0,950.0,2485.0,-1535.0,3,,0,0,0,0,0,0.7174189351230126,-2656.0,1121.0,-199.0,-1320.0,50.0,False,False,PASS_SUBSET_GROSS_FLOWS
63069,2006-06-30,9821504.0,792.0,1953.0,1321882.0,0.1227,1399471.0,0.09799528100405265,14281004.0,6833246.0,753.0,767.0,-14.0,3,,0,0,0,0,0,0.69574334032751,-1161.0,1147.0,-39.0,-1186.0,50.0,False,False,PASS_SUBSET_GROSS_FLOWS
63069,2006-09-30,10020107.0,465.0,2394.0,1288945.0,0.1175,1404881.0,0.09750764614927387,14407906.0,6995909.0,386.0,2224.0,-1838.0,3,,0,0,0,0,0,0.6981870552879326,-1929.0,91.0,-79.0,-170.0,50.0,False,False,PASS_SUBSET_GROSS_FLOWS
63069,2006-12-31,10385326.0,5765.0,2816.0,1290216.0,0.1138,1409681.0,0.09612724781532082,14664739.0,7523291.0,5625.0,2695.0,2930.0,3,,0,0,0,0,0,0.7244154877757328,2949.0,-19.0,-140.0,-121.0,50.0,False,False,PASS_SUBSET_GROSS_FLOWS
63069,2007-03-31,10261927.0,1703.0,2941.0,1193231.0,0.1071,1322466.0,0.09141977910339673,14465863.0,7552937.0,1403.0,2474.0,-1071.0,3,,0,0,0,0,0,0.7360154676602163,-1238.0,167.0,-300.0,-467.0,50.0,False,False,PASS_SUBSET_GROSS_FLOWS
63069,2007-06-30,11018317.0,3831.0,1571.0,1207064.0,0.1007,1319527.0,0.08608321555167969,15328505.0,8000584.0,3573.0,1142.0,2431.0,3,,0,0,0,0,0,0.726116701852016,2260.0,171.0,-258.0,-429.0,50.0,False,False,PASS_SUBSET_GROSS_FLOWS
63069,2007-09-30,11189564.0,3978.0,387.0,1166726.0,0.0961,1314925.0,0.08727795205970126,15065947.0,8296281.0,3137.0,289.0,2848.0,3,,0,0,0,0,0,0.7414302290956108,3591.0,-743.0,-841.0,-98.0,50.0,False,False,PASS_SUBSET_GROSS_FLOWS
63069,2007-12-31,11630151.0,4718.0,856.0,1181527.0,0.0928,1460775.0,0.09418488032132243,15509655.0,8546227.0,4316.0,592.0,3724.0,3,,0,0,0,0,0,0.7348337093817613,3862.0,-138.0,-402.0,-264.0,50.0,False,False,PASS_SUBSET_GROSS_FLOWS
63069,2008-03-31,11754379.0,12555.0,468.0,1218566.0,0.0959,1507248.0,0.09689748903862777,15555078.0,7108614.0,0.0,8.0,-8.0,2,,0,0,0,0,0,0.6047630419267577,12087.0,-12095.0,-12555.0,-460.0,50.0,False,False,PASS_SUBSET_GROSS_FLOWS
63069,2008-06-30,12177845.0,19630.0,714.0,1224912.0,0.0914,1493917.0,0.09354011982691737,15970869.0,7444966.0,0.0,9.0,-9.0,2,,0,0,0,0,0,0.6113533223653281,18916.0,-18925.0,-19630.0,-705.0,50.0,False,False,PASS_SUBSET_GROSS_FLOWS
63069,2008-09-30,12278419.0,13661.0,867.0,1212120.0,0.0898,1471543.0,0.0922657826464765,15948957.0,7633118.0,4654.0,569.0,4085.0,3,,0,0,0,0,0,0.6216694510913824,12794.0,-8709.0,-9007.0,-298.0,50.0,False,False,PASS_SUBSET_GROSS_FLOWS
63069,2008-12-31,12444180.0,25272.0,591.0,1218353.0,0.0881,1472694.0,0.09148435981932403,16097768.0,7667215.0,9311.0,550.0,8761.0,3,,0,0,0,0,0,0.6161285838038344,24681.0,-15920.0,-15961.0,-41.0,50.0,False,False,PASS_SUBSET_GROSS_FLOWS
63069,2009-03-31,12305114.0,34461.0,842.0,1427380.0,0.1057,1711425.0,0.10293751987115014,16625862.0,9836691.0,19549.0,723.0,18826.0,3,,0,0,0,0,0,0.7993986077658444,33619.0,-14793.0,-14912.0,-119.0,50.0,False,False,PASS_SUBSET_GROSS_FLOWS
63069,2009-06-30,12421342.0,57843.0,1153.0,1424107.0,0.1035,1711901.0,0.0987817463626221,17330135.0,10208751.0,25573.0,880.0,24693.0,3,,0,0,0,0,0,0.8218718235115015,56690.0,-31997.0,-32270.0,-273.0,50.0,False,False,PASS_SUBSET_GROSS_FLOWS
63069,2009-09-30,12168490.0,80324.0,3465.0,1424023.0,0.1051,1753271.0,0.09712081030440424,18052475.0,10060264.0,72834.0,3382.0,69452.0,3,,0,0,0,0,0,0.8267471148844269,76859.0,-7407.0,-7490.0,-83.0,50.0,False,False,PASS_SUBSET_GROSS_FLOWS
63069,2009-12-31,13998729.0,64644.0,5895.0,1604893.0,0.1123,1910200.0,0.09206407393503743,20748593.0,11752883.0,61858.0,5649.0,56209.0,3,,0,0,0,0,0,0.8395678636253334,58749.0,-2540.0,-2786.0,-246.0,50.0,False,False,PASS_SUBSET_GROSS_FLOWS
63069,2010-03-31,13492584.0,50439.0,903.0,1623372.0,0.1183,1954396.0,0.09898612454195906,19744141.0,11292313.0,44593.0,555.0,44038.0,3,,0,0,0,0,0,0.8369273817379977,49536.0,-5498.0,-5846.0,-348.0,50.0,False,False,PASS_SUBSET_GROSS_FLOWS
63069,2010-06-30,13563890.0,36150.0,2656.0,1665792.0,0.1219,2032403.0,0.09726810738815847,20894855.0,11315585.0,29970.0,1343.0,28627.0,3,,0,0,0,0,0,0.8342433475942373,33494.0,-4867.0,-6180.0,-1313.0,50.0,False,False,PASS_SUBSET_GROSS_FLOWS
63069,2010-09-30,13378816.0,35001.0,6353.0,1703790.0,0.1254,2084665.0,0.09838683377339216,21188455.0,11212006.0,32593.0,2234.0,30359.0,3,,0,0,0,0,0,0.8380417220776487,28648.0,1711.0,-2408.0,-4119.0,50.0,False,False,PASS_SUBSET_GROSS_FLOWS
63069,2010-12-31,13244150.0,22053.0,3021.0,1751863.0,0.1291,2095609.0,0.09990583453098092,20975842.0,11185338.0,17342.0,2540.0,14802.0,3,,0,0,0,0,0,0.8445493293265328,19032.0,-4230.0,-4711.0,-481.0,50.0,False,False,PASS_SUBSET_GROSS_FLOWS
63069,2011-03-31,13035769.0,8367.0,14894.0,1781845.0,0.133,2115570.0,0.09946243636589305,21270040.0,11061329.0,4011.0,13431.0,-9420.0,2,,0,0,0,0,0,0.8485367453197429,-6527.0,-2893.0,-4356.0,-1463.0,50.0,False,False,PASS_SUBSET_GROSS_FLOWS
63069,2011-06-30,13387756.0,6075.0,10270.0,1820090.0,0.1287,2184075.0,0.0986115483161031,22148268.0,11523103.0,2285.0,3338.0,-1053.0,2,,0,0,0,0,0,0.8607195261102757,-4195.0,3142.0,-3790.0,-6932.0,50.0,False,False,PASS_SUBSET_GROSS_FLOWS
63069,2011-09-30,13776066.0,15497.0,4588.0,1811762.0,0.1225,2227199.0,0.09792959627459327,22742859.0,11933439.0,7799.0,1038.0,6761.0,2,,0,0,0,0,0,0.8662443254845034,10909.0,-4148.0,-7698.0,-3550.0,50.0,False,False,PASS_SUBSET_GROSS_FLOWS
63069,2011-12-31,13791239.0,18592.0,13071.0,1856264.0,0.1223,2260564.0,0.09700473895821876,23303645.0,11885469.0,654.0,7372.0,-6718.0,2,,0,0,0,0,0,0.8618129959171906,5521.0,-12239.0,-17938.0,-5699.0,50.0,False,False,PASS_SUBSET_GROSS_FLOWS
63069,2012-03-31,14145057.0,12161.0,16651.0,1890749.0,0.1203,2303375.0,0.09726363358819885,23681770.0,12145171.0,2846.0,1853.0,993.0,2,,0,0,0,0,0,0.8586159108443324,-4490.0,5483.0,-9315.0,-14798.0,50.0,False,False,PASS_SUBSET_GROSS_FLOWS
63069,2012-06-30,14767345.0,11552.0,14294.0,1866611.0,0.1127,2348731.0,0.09618520356352732,24418839.0,12705259.0,8788.0,4519.0,4269.0,2,,0,0,0,0,0,0.8603617644200768,-2742.0,7011.0,-2764.0,-9775.0,50.0,False,False,PASS_SUBSET_GROSS_FLOWS
63069,2012-09-30,14868988.0,14124.0,11939.0,1815277.0,0.1067,2404384.0,0.09291335783319228,25877700.0,12702220.0,1725.0,4115.0,-2390.0,2,,0,0,0,0,0,0.8542760273933908,2185.0,-4575.0,-12399.0,-7824.0,50.0,False,False,PASS_SUBSET_GROSS_FLOWS
63069,2012-12-31,15849299.0,2675.0,4700.0,1825475.0,0.0988,2407501.0,0.08520608503206295,28255036.0,13632894.0,337.0,237.0,100.0,2,,0,0,0,0,0,0.8601575375668035,-2025.0,2125.0,-2338.0,-4463.0,50.0,False,False,PASS_SUBSET_GROSS_FLOWS
63069,2013-03-31,16168823.0,2022.0,6831.0,1874772.0,0.1001,2443970.0,0.09026847703723107,27074457.0,13881599.0,150.0,2839.0,-2689.0,2,,0,0,0,0,0,0.8585410947970672,-4809.0,2120.0,-1872.0,-3992.0,50.0,False,False,PASS_SUBSET_GROSS_FLOWS
63069,2013-06-30,16687248.0,3086.0,10591.0,1918707.0,0.1004,2419930.0,0.08951580204909078,27033551.0,14321767.0,100.0,3876.0,-3776.0,2,,0,0,0,0,0,0.8582461889461941,-7505.0,3729.0,-2986.0,-6715.0,50.0,False,False,PASS_SUBSET_GROSS_FLOWS
63069,2013-09-30,17346205.0,2001.0,8783.0,1967032.0,0.0992,2450946.0,0.08538658154622585,28704112.0,14816125.0,1.0,3682.0,-3681.0,2,,0,0,0,0,0,0.8541421596251169,-6782.0,3101.0,-2000.0,-5101.0,50.0,False,False,PASS_SUBSET_GROSS_FLOWS
63069,2013-12-31,17887348.0,3357.0,18072.0,2105223.0,0.102,2583001.0,0.0879367716132449,29373389.0,15243197.0,0.0,4734.0,-4734.0,2,,0,0,0,0,0,0.8521775838430604,-14715.0,9981.0,-3357.0,-13338.0,50.0,False,False,PASS_SUBSET_GROSS_FLOWS
63069,2014-03-31,18424679.0,2507.0,6678.0,,,2626081.0,0.08904600725577114,29491283.0,15673198.0,9.0,4485.0,-4476.0,2,,0,0,0,0,0,0.8506632869967504,-4171.0,-305.0,-2498.0,-2193.0,50.0,False,False,PASS_SUBSET_GROSS_FLOWS
63069,2014-06-30,19080558.0,13154.0,9518.0,,,2676370.0,0.08775336058579401,30498775.0,16002708.0,0.0,3376.0,-3376.0,2,,0,0,0,0,0,0.838691824421487,3636.0,-7012.0,-13154.0,-6142.0,50.0,False,False,PASS_SUBSET_GROSS_FLOWS
63069,2014-09-30,19900703.0,3849.0,14400.0,,,2712371.0,0.08556872070807896,31698160.0,16554137.0,0.0,10462.0,-10462.0,2,,0,0,0,0,0,0.831836794911215,-10551.0,89.0,-3849.0,-3938.0,50.0,False,False,PASS_SUBSET_GROSS_FLOWS
63069,2014-12-31,20848185.0,844.0,5190.0,,,2755833.0,0.08528282889268916,32314043.0,16448603.0,5.0,731.0,-726.0,2,,0,0,0,0,0,0.7889705027080295,-4346.0,3620.0,-839.0,-4459.0,50.0,False,False,PASS_SUBSET_GROSS_FLOWS
63069,2015-03-31,21390591.0,3102.0,2661.0,2328301.0,,2814204.0,0.0867822859664991,32428323.0,16495018.0,0.0,1266.0,-1266.0,2,,0,0,0,0,0,0.7711342804880894,441.0,-1707.0,-3102.0,-1395.0,50.0,False,False,PASS_SUBSET_GROSS_FLOWS
63069,2015-06-30,22363361.0,3107.0,2533.0,2398290.0,,2876399.0,0.08588684860607304,33490564.0,17083680.0,0.0,1695.0,-1695.0,2,,0,0,0,0,0,0.7639137963206872,574.0,-2269.0,-3107.0,-838.0,50.0,False,False,PASS_SUBSET_GROSS_FLOWS
63069,2015-09-30,22936111.0,4815.0,10999.0,2472692.0,,2954977.0,0.08367841627439213,35313491.0,17683831.0,0.0,282.0,-282.0,2,,0,0,0,0,0,0.7710038986121056,-6184.0,5902.0,-4815.0,-10717.0,50.0,False,False,PASS_SUBSET_GROSS_FLOWS
63069,2015-12-31,23891351.0,12905.0,2539.0,2580625.0,,3038145.0,0.08506207877486886,35716797.0,18350704.0,19.0,551.0,-532.0,2,,0,0,0,1,1,0.7680898413823479,10366.0,-10898.0,-12886.0,-1988.0,50.0,False,False,PASS_SUBSET_GROSS_FLOWS
63069,2016-03-31,24635215.0,3054.0,5427.0,2630540.0,,3116162.0,0.07728734912295944,40319173.0,18929385.0,41.0,376.0,-335.0,2,,0,0,0,0,0,0.7683872456562689,-2373.0,2038.0,-3013.0,-5051.0,50.0,False,False,PASS_SUBSET_GROSS_FLOWS
63069,2016-06-30,26049855.0,7141.0,4611.0,2706494.0,,3198636.0,0.07619609804902451,41979000.0,19905869.0,0.0,945.0,-945.0,2,,0,0,0,0,0,0.7641450979285681,2530.0,-3475.0,-7141.0,-3666.0,50.0,False,False,PASS_SUBSET_GROSS_FLOWS
63069,2016-09-30,26527102.0,1152.0,5210.0,2758532.0,,3237380.0,0.07112056442493295,45519605.0,20381838.0,0.0,175.0,-175.0,2,,0,0,0,0,0,0.7683401677273304,-4058.0,3883.0,-1152.0,-5035.0,50.0,False,False,PASS_SUBSET_GROSS_FLOWS
63069,2016-12-31,27352785.0,18342.0,4042.0,3196458.0,,3605356.0,0.07817180935429241,46120923.0,21461903.0,186.0,445.0,-259.0,2,,0,0,0,0,0,0.7846331918303748,14300.0,-14559.0,-18156.0,-3597.0,50.0,False,False,PASS_SUBSET_GROSS_FLOWS
63069,2017-03-31,28310361.0,6760.0,6258.0,3290937.0,,3706253.0,0.08025658613434096,46180048.0,22315864.0,132.0,290.0,-158.0,2,,0,0,0,0,0,0.7882578395944863,502.0,-660.0,-6628.0,-5968.0,50.0,False,False,PASS_SUBSET_GROSS_FLOWS
63069,2017-06-30,28852001.0,15307.0,3274.0,3386100.0,,3803520.0,0.08230823315827354,46210687.0,22784840.0,0.0,283.0,-283.0,2,,0,0,0,0,0,0.7897143771761272,12033.0,-12316.0,-15307.0,-2991.0,50.0,False,False,PASS_SUBSET_GROSS_FLOWS
63069,2017-09-30,29912324.0,6784.0,9115.0,3509001.0,,3923556.0,0.08243479083008769,47595875.0,21640572.0,0.0,256.0,-256.0,2,,0,0,0,0,0,0.7234667557091184,-2331.0,2075.0,-6784.0,-8859.0,50.0,False,False,PASS_SUBSET_GROSS_FLOWS
63069,2017-12-31,31162445.0,15787.0,5915.0,3552133.0,,3918132.0,0.08173978118175804,47934212.0,22701240.0,0.0,81.0,-81.0,2,,0,0,0,0,0,0.7284807081087508,9872.0,-9953.0,-15787.0,-5834.0,50.0,False,False,PASS_SUBSET_GROSS_FLOWS
63069,2018-03-31,32435992.0,9496.0,3640.0,3680854.0,,4022029.0,0.08398376431393965,47890554.0,23256474.0,0.0,477.0,-477.0,2,,0,0,0,0,0,0.7169959223075404,5856.0,-6333.0,-9496.0,-3163.0,50.0,False,False,PASS_SUBSET_GROSS_FLOWS
63069,2018-06-30,33571035.0,8260.0,6340.0,3857725.0,,4173966.0,0.08638966514542486,48315571.0,23808898.0,0.0,50.0,-50.0,2,,0,0,0,0,0,0.7092095313713146,1920.0,-1970.0,-8260.0,-6290.0,50.0,False,False,PASS_SUBSET_GROSS_FLOWS
63069,2018-09-30,34136453.0,4555.0,4002.0,3961578.0,,4324389.0,0.08935911719480924,48393372.0,23974310.0,0.0,121.0,-121.0,2,,0,0,0,0,0,0.702308174783127,553.0,-674.0,-4555.0,-3881.0,50.0,False,False,PASS_SUBSET_GROSS_FLOWS
63069,2018-12-31,35845247.0,19564.0,2208.0,4122813.0,,4553932.0,0.0898142033126513,50703918.0,25151897.0,0.0,90.0,-90.0,2,,0,0,0,0,0,0.7016801139632264,17356.0,-17446.0,-19564.0,-2118.0,50.0,False,False,PASS_SUBSET_GROSS_FLOWS
63069,2019-03-31,36690502.0,8453.0,2010.0,4274520.0,,4743607.0,0.0914886764896821,51849116.0,26113289.0,712.0,41.0,671.0,2,,0,0,0,0,0,0.7117179536000897,6443.0,-5772.0,-7741.0,-1969.0,50.0,False,False,PASS_SUBSET_GROSS_FLOWS
63069,2019-06-30,38677582.0,11247.0,5142.0,4443115.0,,4972454.0,0.09025968054693388,55090534.0,26953659.0,0.0,373.0,-373.0,2,,0,0,0,0,0,0.6968806633258512,6105.0,-6478.0,-11247.0,-4769.0,50.0,False,False,PASS_SUBSET_GROSS_FLOWS
63069,2019-09-30,40909848.0,11608.0,5044.0,4566008.0,,5147298.0,0.08845203905288009,58193096.0,28373898.0,0.0,133.0,-133.0,2,,0,0,0,0,0,0.6935713376397781,6564.0,-6697.0,-11608.0,-4911.0,50.0,False,False,PASS_SUBSET_GROSS_FLOWS
63069,2019-12-31,42530595.0,14887.0,8474.0,4704517.0,,5274410.0,0.08591623577094452,61390143.0,29731165.0,0.0,745.0,-745.0,2,,0,0,0,0,0,0.6990535871882347,6413.0,-7158.0,-14887.0,-7729.0,50.0,False,False,PASS_SUBSET_GROSS_FLOWS
63069,2020-03-31,44797379.0,7302.0,3407.0,4804192.0,,5550188.0,0.08415126093739814,65954900.0,31334985.0,0.0,329.0,-329.0,2,,0,0,0,0,0,0.6994825523162862,3895.0,-4224.0,-7302.0,-3078.0,50.0,False,False,PASS_SUBSET_GROSS_FLOWS
63069,2020-06-30,49226499.0,17427.0,1184.0,5495533.0,,6191288.0,0.08662820241843049,71469658.0,35580158.0,0.0,28.0,-28.0,2,,0,0,0,0,0,0.722784653038194,16243.0,-16271.0,-17427.0,-1156.0,50.0,False,False,PASS_SUBSET_GROSS_FLOWS
63069,2020-09-30,50354255.0,24133.0,5548.0,5630806.0,,6314336.0,0.08651671125086532,72984004.0,35889877.0,0.0,148.0,-148.0,2,,0,0,0,0,0,0.7127476516135528,18585.0,-18733.0,-24133.0,-5400.0,50.0,False,False,PASS_SUBSET_GROSS_FLOWS
63069,2020-12-31,52780469.0,7052.0,7872.0,5741505.0,,6392479.0,0.0838233073619004,76261355.0,36489579.0,0.0,74.0,-74.0,2,,0,0,0,0,0,0.6913462440055241,-820.0,746.0,-7052.0,-7798.0,50.0,False,False,PASS_SUBSET_GROSS_FLOWS
63069,2021-03-31,53955140.0,2218.0,6518.0,5765871.0,,6412837.0,0.07871442537364894,81469654.0,38320492.0,0.0,143.0,-143.0,2,,0,0,0,0,0,0.7102287567041805,-4300.0,4157.0,-2218.0,-6375.0,50.0,False,False,PASS_SUBSET_GROSS_FLOWS
63069,2021-06-30,53713614.0,1504.0,7602.0,5921113.0,,6552433.0,0.07712789292587385,84955426.0,37487993.0,0.0,454.0,-454.0,2,,0,0,0,0,0,0.6979234910538695,-6098.0,5644.0,-1504.0,-7148.0,50.0,False,False,PASS_SUBSET_GROSS_FLOWS
63069,2021-09-30,54570304.0,20251.0,1811.0,5978559.0,,6560325.0,0.073029589522572,89831054.0,37668402.0,0.0,56.0,-56.0,2,,0,0,0,0,0,0.6902729000740037,18440.0,-18496.0,-20251.0,-1755.0,50.0,False,False,PASS_SUBSET_GROSS_FLOWS
63069,2021-12-31,57094691.0,2224.0,1862.0,6828195.0,,7199846.0,0.07722894308364732,93227302.0,39747676.0,0.0,169.0,-169.0,2,,0,0,0,0,0,0.696171137873397,362.0,-531.0,-2224.0,-1693.0,50.0,False,False,PASS_SUBSET_GROSS_FLOWS
63069,2022-03-31,58335768.0,1708.0,10523.0,6945910.0,,6691885.0,0.07291995442751431,91770285.0,40545147.0,0.0,87.0,-87.0,2,,0,0,0,0,0,0.6950306542634358,-8815.0,8728.0,-1708.0,-10436.0,50.0,False,False,PASS_SUBSET_GROSS_FLOWS
63069,2022-06-30,62066788.0,7483.0,2167.0,7079357.0,,6613472.0,0.07258030547927162,91119374.0,43368472.0,19.0,27.0,-8.0,2,,0,0,0,0,0,0.6987387844204215,5316.0,-5324.0,-7464.0,-2140.0,50.0,False,False,PASS_SUBSET_GROSS_FLOWS
63069,2022-09-30,63148924.0,2370.0,946.0,7252389.0,,6385427.0,0.07037686157358378,90731909.0,45138996.0,0.0,15.0,-15.0,2,,0,0,0,0,0,0.7148022981357529,1424.0,-1439.0,-2370.0,-931.0,50.0,False,False,PASS_SUBSET_GROSS_FLOWS
63069,2022-12-31,65595731.0,7233.0,1060.0,7907303.0,,6981350.0,0.07234206571204728,96504709.0,46355879.0,0.0,231.0,-231.0,2,,0,0,0,0,0,0.7066904856963939,6173.0,-6404.0,-7233.0,-829.0,50.0,False,False,PASS_SUBSET_GROSS_FLOWS
63069,2023-03-31,66084452.0,34371.0,1568.0,8993419.0,,8233626.0,0.08543759515014508,96370058.0,46504691.0,35.0,124.0,-89.0,2,,0,0,0,0,0,0.7037160722767286,32803.0,-32892.0,-34336.0,-1444.0,50.0,False,False,PASS_SUBSET_GROSS_FLOWS
63069,2023-06-30,67137630.0,7343.0,1918.0,9092416.0,,8276949.0,0.08749777250356518,94596111.0,47169956.0,5013.0,5.0,5008.0,2,,0,0,0,0,0,0.7025859566386242,5425.0,-417.0,-2330.0,-1913.0,50.0,False,False,PASS_SUBSET_GROSS_FLOWS
63069,2023-09-30,65723015.0,28467.0,3427.0,9249242.0,,10525884.0,0.10869442400650307,96839227.0,46645885.0,25131.0,34.0,25097.0,2,,0,0,0,0,0,0.7097344058242002,25040.0,57.0,-3336.0,-3393.0,50.0,False,False,PASS_SUBSET_GROSS_FLOWS
63069,2023-12-31,64221836.0,48778.0,1981.0,9271951.0,,10314367.0,0.11046376573621587,93373306.0,45800992.0,40277.0,164.0,40113.0,2,,0,0,0,0,0,0.7131685241761073,46797.0,-6684.0,-8501.0,-1817.0,50.0,False,False,PASS_SUBSET_GROSS_FLOWS
63069,2024-03-31,63343474.0,11254.0,5620.0,9431454.0,,10566096.0,0.11432061636407612,92425114.0,45366645.0,4186.0,2172.0,2014.0,2,,0,0,0,0,0,0.7162007723163399,5634.0,-3620.0,-7068.0,-3448.0,50.0,False,False,PASS_SUBSET_GROSS_FLOWS
63069,2024-06-30,63578588.0,50979.0,5784.0,9600553.0,,10788933.0,0.11695941953424364,92245097.0,45038311.0,13039.0,192.0,12847.0,2,,0,0,0,0,0,0.708388034663494,45195.0,-32348.0,-37940.0,-5592.0,50.0,False,False,PASS_SUBSET_GROSS_FLOWS
63069,2024-09-30,62690931.0,14457.0,3847.0,9794774.0,,11042415.0,0.11988108182823742,92111406.0,44476048.0,0.0,1092.0,-1092.0,2,,0,0,0,0,0,0.7094494736407727,10610.0,-11702.0,-14457.0,-2755.0,50.0,False,False,PASS_SUBSET_GROSS_FLOWS
63069,2024-12-31,62944769.0,22345.0,8765.0,10041958.0,,11371634.0,0.12334571685947142,92193181.0,44802967.0,-1.0,902.0,-903.0,2,,0,0,1,0,1,0.71178221338774,13580.0,-14483.0,-22346.0,-7863.0,50.0,False,False,PASS_SUBSET_GROSS_FLOWS
63069,2025-03-31,63824262.0,31189.0,1770.0,10200140.0,,11539448.0,0.1238815092903499,93149075.0,44956198.0,2098.0,108.0,1990.0,2,,0,0,0,0,0,0.7043747407529757,29419.0,-27429.0,-29091.0,-1662.0,50.0,False,False,PASS_SUBSET_GROSS_FLOWS
63069,2025-06-30,65033306.0,17233.0,8652.0,10423659.0,,11787364.0,0.12512148998989994,94207350.0,45862676.0,330.0,4216.0,-3886.0,2,,0,0,0,0,0,0.7052182769241349,8581.0,-12467.0,-16903.0,-4436.0,50.0,False,False,PASS_SUBSET_GROSS_FLOWS
63069,2025-09-30,66395702.0,14891.0,2720.0,10682664.0,,12044659.0,0.12484888400181014,96473902.0,46915553.0,4390.0,148.0,4242.0,2,,0,0,0,0,0,0.7066052709255186,12171.0,-7929.0,-10501.0,-2572.0,50.0,False,False,PASS_SUBSET_GROSS_FLOWS
63069,2025-12-31,68878449.0,13368.0,5835.0,10955121.0,,12386276.0,0.12583873007513174,98429760.0,48160614.0,1.0,604.0,-603.0,2,,0,0,1,0,1,0.6992116503668658,7533.0,-8136.0,-13367.0,-5231.0,50.0,False,False,PASS_SUBSET_GROSS_FLOWS
682563,2005-03-31,5411788.0,3310.0,1638.0,757291.0,0.1034,849389.0,0.08596038444038194,9881168.0,3689730.0,1717.0,843.0,874.0,3,,0,0,0,0,0,0.6817950000997822,1672.0,-798.0,-1593.0,-795.0,50.0,False,False,PASS_SUBSET_GROSS_FLOWS
682563,2005-06-30,5591635.0,2946.0,1335.0,783420.0,0.1031,902364.0,0.09024932370315429,9998568.0,3809581.0,1344.0,557.0,787.0,3,,0,0,0,0,0,0.6813000133234733,1611.0,-824.0,-1602.0,-778.0,50.0,False,False,PASS_SUBSET_GROSS_FLOWS
682563,2005-09-30,5711657.0,4105.0,1395.0,807659.0,0.103,904886.0,0.08756365857444275,10334036.0,3829899.0,2320.0,274.0,2046.0,3,,0,0,0,0,0,0.6705407905271623,2710.0,-664.0,-1785.0,-1121.0,50.0,False,False,PASS_SUBSET_GROSS_FLOWS
682563,2005-12-31,6092484.0,4745.0,1816.0,761521.0,0.0894,918006.0,0.07769329275140704,11815769.0,4109881.0,2455.0,583.0,1872.0,3,,0,0,0,0,0,0.6745821572941348,2929.0,-1057.0,-2290.0,-1233.0,50.0,False,False,PASS_SUBSET_GROSS_FLOWS
682563,2006-03-31,6300484.0,4117.0,1772.0,796341.0,0.0927,949219.0,0.08410934882573134,11285535.0,4242948.0,1769.0,586.0,1183.0,3,,0,0,0,0,0,0.6734320728375788,2345.0,-1162.0,-2348.0,-1186.0,50.0,False,False,PASS_SUBSET_GROSS_FLOWS
682563,2006-06-30,6590730.0,6243.0,2404.0,850263.0,0.0958,1032993.0,0.09017664965898504,11455216.0,4528968.0,4174.0,1070.0,3104.0,3,,0,0,0,0,0,0.6871724376510645,3839.0,-735.0,-2069.0,-1334.0,50.0,False,False,PASS_SUBSET_GROSS_FLOWS
682563,2006-09-30,6532236.0,3438.0,1841.0,878021.0,0.098,1108960.0,0.09471378111308336,11708539.0,4453903.0,1512.0,710.0,802.0,3,,0,0,0,0,0,0.6818343672825048,1597.0,-795.0,-1926.0,-1131.0,50.0,False,False,PASS_SUBSET_GROSS_FLOWS
682563,2006-12-31,7388965.0,5135.0,1806.0,1018498.0,0.1027,1511356.0,0.11357719901034512,13306861.0,4946091.0,2515.0,560.0,1955.0,3,,0,0,0,0,0,0.6693888792273343,3329.0,-1374.0,-2620.0,-1246.0,50.0,False,False,PASS_SUBSET_GROSS_FLOWS
682563,2007-03-31,7475358.0,4000.0,1409.0,1044499.0,0.1038,1546343.0,0.1168543882012013,13233076.0,5021450.0,1878.0,344.0,1534.0,3,,0,0,0,0,0,0.671733714960541,2591.0,-1057.0,-2122.0,-1065.0,50.0,False,False,PASS_SUBSET_GROSS_FLOWS
682563,2007-06-30,7429758.0,4138.0,1415.0,1074685.0,0.106,1536264.0,0.11745320798581262,13079796.0,4956210.0,2274.0,274.0,2000.0,3,,0,0,0,0,0,0.6670755628918196,2723.0,-723.0,-1864.0,-1141.0,50.0,False,False,PASS_SUBSET_GROSS_FLOWS
682563,2007-09-30,7482970.0,11739.0,2147.0,1075991.0,0.1053,1565511.0,0.1178090160325995,13288550.0,4836535.0,9503.0,1010.0,8493.0,3,,0,0,0,0,0,0.6463389536507563,9592.0,-1099.0,-2236.0,-1137.0,50.0,False,False,PASS_SUBSET_GROSS_FLOWS
682563,2007-12-31,7792727.0,5282.0,1782.0,1105967.0,0.103,1644896.0,0.12065550374987273,13632996.0,4997881.0,2330.0,499.0,1831.0,3,,0,0,0,0,0,0.6413519939810544,3500.0,-1669.0,-2952.0,-1283.0,50.0,False,False,PASS_SUBSET_GROSS_FLOWS
682563,2008-03-31,8035373.0,6666.0,2820.0,1134196.0,0.1032,1743487.0,0.12555181821775868,13886593.0,3987088.0,3463.0,1495.0,1968.0,3,,0,0,0,0,0,0.4961920249377347,3846.0,-1878.0,-3203.0,-1325.0,50.0,False,False,PASS_SUBSET_GROSS_FLOWS
682563,2008-06-30,8376320.0,6539.0,2233.0,1162356.0,0.1033,1690929.0,0.12255975528188767,13796772.0,4180269.0,2813.0,935.0,1878.0,3,,0,0,0,0,0,0.4990579395247555,4306.0,-2428.0,-3726.0,-1298.0,50.0,False,False,PASS_SUBSET_GROSS_FLOWS
682563,2008-09-30,8605240.0,8093.0,1742.0,1185705.0,0.104,1746594.0,0.12355371588051284,14136313.0,4386721.0,5212.0,444.0,4768.0,3,,0,0,0,0,0,0.5097732311940166,6351.0,-1583.0,-2881.0,-1298.0,50.0,False,False,PASS_SUBSET_GROSS_FLOWS
682563,2008-12-31,8845409.0,7889.0,2474.0,1222108.0,0.1034,1903036.0,0.12592767335654426,15112135.0,4532906.0,2550.0,975.0,1575.0,3,,0,0,0,0,0,0.5124586098845175,5415.0,-3840.0,-5339.0,-1499.0,50.0,False,False,PASS_SUBSET_GROSS_FLOWS
682563,2009-03-31,8785642.0,7560.0,1882.0,1269149.0,0.1088,1966527.0,0.12789861333531397,15375671.0,6517102.0,2351.0,453.0,1898.0,3,,0,0,0,0,0,0.7417900706630204,5678.0,-3780.0,-5209.0,-1429.0,50.0,False,False,PASS_SUBSET_GROSS_FLOWS
682563,2009-06-30,8650914.0,10531.0,2264.0,1287780.0,0.1108,1949578.0,0.12308645936440557,15839094.0,6452900.0,3772.0,593.0,3179.0,3,,0,0,0,0,0,0.745921182432284,8267.0,-5088.0,-6759.0,-1671.0,50.0,False,False,PASS_SUBSET_GROSS_FLOWS
682563,2009-09-30,8527800.0,18987.0,2667.0,1287585.0,0.1137,2025385.0,0.12490950407772052,16214819.0,6394254.0,14373.0,939.0,13434.0,3,,0,0,0,0,0,0.7498128473932315,16320.0,-2886.0,-4614.0,-1728.0,50.0,False,False,PASS_SUBSET_GROSS_FLOWS
682563,2009-12-31,8381756.0,22533.0,2470.0,1318882.0,0.1177,2012103.0,0.12311211996967877,16343663.0,6280395.0,14366.0,467.0,13899.0,3,,0,0,0,0,0,0.7492934654742992,20063.0,-6164.0,-8167.0,-2003.0,50.0,False,False,PASS_SUBSET_GROSS_FLOWS
682563,2010-03-31,8197821.0,15805.0,2294.0,1343164.0,0.1236,2046011.0,0.12176025582132594,16803603.0,6183219.0,9770.0,500.0,9270.0,3,,0,0,0,0,0,0.7542515261067545,13511.0,-4241.0,-6035.0,-1794.0,50.0,False,False,PASS_SUBSET_GROSS_FLOWS
682563,2010-06-30,8078545.0,11422.0,2845.0,1374432.0,0.1273,2129308.0,0.12445390523583497,17109210.0,6156952.0,6470.0,798.0,5672.0,3,,0,0,0,0,0,0.7621362510204498,8577.0,-2905.0,-4952.0,-2047.0,50.0,False,False,PASS_SUBSET_GROSS_FLOWS
682563,2010-09-30,8063046.0,12478.0,3093.0,1404432.0,0.1296,2194779.0,0.12327126239000934,17804466.0,6173644.0,8479.0,1183.0,7296.0,3,,0,0,0,0,0,0.7656714348398855,9385.0,-2089.0,-3999.0,-1910.0,50.0,False,False,PASS_SUBSET_GROSS_FLOWS
682563,2010-12-31,8126180.0,13718.0,2587.0,1432660.0,0.1326,2123763.0,0.12035056523759734,17646473.0,6200810.0,9278.0,584.0,8694.0,3,,0,0,0,0,0,0.7630657947522699,11131.0,-2437.0,-4440.0,-2003.0,50.0,False,False,PASS_SUBSET_GROSS_FLOWS
682563,2011-03-31,8026620.0,14596.0,3151.0,1458921.0,0.1357,2148939.0,0.11962037460553797,17964657.0,6139562.0,10417.0,1173.0,9244.0,3,,0,0,0,0,0,0.76490004509993,11445.0,-2201.0,-4179.0,-1978.0,50.0,False,False,PASS_SUBSET_GROSS_FLOWS
682563,2011-06-30,8075705.0,13127.0,2562.0,1485462.0,0.1368,2223794.0,0.12007060200683342,18520720.0,6266590.0,9123.0,704.0,8419.0,3,,0,0,0,0,0,0.775980549066614,10565.0,-2146.0,-4004.0,-1858.0,50.0,False,False,PASS_SUBSET_GROSS_FLOWS
682563,2011-09-30,8089871.0,19966.0,3648.0,1507551.0,0.1383,2286307.0,0.11702411898454722,19537058.0,6320435.0,15851.0,1522.0,14329.0,3,,0,0,0,0,0,0.7812776001001747,16318.0,-1989.0,-4115.0,-2126.0,50.0,False,False,PASS_SUBSET_GROSS_FLOWS
682563,2011-12-31,7995779.0,8996.0,3710.0,1531774.0,0.1356,2312489.0,0.11351233171931528,20372139.0,6281792.0,5795.0,1377.0,4418.0,3,,0,0,0,0,0,0.7856385225254475,5286.0,-868.0,-3201.0,-2333.0,50.0,False,False,PASS_SUBSET_GROSS_FLOWS
682563,2012-03-31,8127481.0,8128.0,4062.0,1550755.0,0.1354,2335781.0,0.11409620276561715,20472031.0,6393468.0,3422.0,2167.0,1255.0,3,,0,0,0,0,0,0.7866481631885698,4066.0,-2811.0,-4706.0,-1895.0,50.0,False,False,PASS_SUBSET_GROSS_FLOWS
682563,2012-06-30,8489296.0,7662.0,3774.0,1574865.0,0.131,2367243.0,0.11313918151081652,20923282.0,6656755.0,4531.0,1551.0,2980.0,3,,0,0,0,0,0,0.7841351037824573,3888.0,-908.0,-3131.0,-2223.0,50.0,False,False,PASS_SUBSET_GROSS_FLOWS
682563,2012-09-30,8805261.0,8957.0,6210.0,1599798.0,0.1307,2412240.0,0.1103177186333836,21866297.0,6692087.0,5973.0,1155.0,4818.0,3,,0,0,0,0,0,0.7600100667089823,2747.0,2071.0,-2984.0,-5055.0,50.0,False,False,PASS_SUBSET_GROSS_FLOWS
682563,2012-12-31,9223578.0,8294.0,3220.0,1625992.0,0.1262,2400238.0,0.10351280731845783,23187836.0,6952047.0,5260.0,1198.0,4062.0,3,,0,0,0,0,0,0.7537256149403193,5074.0,-1012.0,-3034.0,-2022.0,50.0,False,False,PASS_SUBSET_GROSS_FLOWS
682563,2013-03-31,9162922.0,19931.0,3067.0,1646462.0,0.1293,2395562.0,0.10626223919239418,22543869.0,6987587.0,17284.0,764.0,16520.0,3,,0,0,0,0,0,0.7625937446591818,16864.0,-344.0,-2647.0,-2303.0,50.0,False,False,PASS_SUBSET_GROSS_FLOWS
682563,2013-06-30,9225564.0,6534.0,2770.0,1674123.0,0.1283,2363019.0,0.10466930303030035,22576046.0,7031194.0,1272.0,629.0,643.0,3,,0,0,0,0,0,0.7621424554639694,3764.0,-3121.0,-5262.0,-2141.0,50.0,False,False,PASS_SUBSET_GROSS_FLOWS
682563,2013-09-30,9305195.0,8142.0,2781.0,1701979.0,0.1288,2379548.0,0.10106141007871333,23545565.0,7293052.0,5172.0,636.0,4536.0,3,,0,0,0,0,0,0.7837613290210469,5361.0,-825.0,-2970.0,-2145.0,50.0,False,False,PASS_SUBSET_GROSS_FLOWS
682563,2013-12-31,9516646.0,10190.0,3582.0,1726740.0,0.127,2400279.0,0.09848358649973232,24372376.0,7319603.0,7158.0,1577.0,5581.0,3,,0,0,0,0,0,0.7691368366544263,6608.0,-1027.0,-3032.0,-2005.0,50.0,False,False,PASS_SUBSET_GROSS_FLOWS
682563,2014-03-31,9750644.0,6666.0,2784.0,,,2433890.0,0.09851903891588863,24704768.0,7502599.0,4011.0,717.0,3294.0,3,,0,0,0,0,0,0.7694465104048512,3882.0,-588.0,-2655.0,-2067.0,50.0,False,False,PASS_SUBSET_GROSS_FLOWS
682563,2014-06-30,10681149.0,6338.0,4544.0,,,2706869.0,0.10187804536287746,26569699.0,8227232.0,3732.0,2556.0,1176.0,3,,0,0,0,0,0,0.770257207347262,1794.0,-618.0,-2606.0,-1988.0,50.0,False,False,PASS_SUBSET_GROSS_FLOWS
682563,2014-09-30,10746843.0,7260.0,6896.0,,,2753683.0,0.10050883252778921,27397423.0,8213081.0,4071.0,4839.0,-768.0,3,,0,0,0,0,0,0.7642319702632671,364.0,-1132.0,-3189.0,-2057.0,50.0,False,False,PASS_SUBSET_GROSS_FLOWS
682563,2014-12-31,10987006.0,8221.0,5051.0,,,2783200.0,0.09825096895393642,28327456.0,8375818.0,5529.0,3054.0,2475.0,3,,0,0,0,0,0,0.7623385297141004,3170.0,-695.0,-2692.0,-1997.0,50.0,False,False,PASS_SUBSET_GROSS_FLOWS
682563,2015-03-31,11212542.0,5495.0,3499.0,2018046.0,,2845459.0,0.10095221072384435,28186198.0,8534198.0,2471.0,1392.0,1079.0,3,,0,0,0,0,0,0.7611296350105088,1996.0,-917.0,-3024.0,-2107.0,50.0,False,False,PASS_SUBSET_GROSS_FLOWS
682563,2015-06-30,11398565.0,5087.0,3113.0,2064681.0,,2813639.0,0.10121024348862874,27799943.0,8608485.0,2080.0,971.0,1109.0,3,,0,0,0,0,0,0.7552253288023536,1974.0,-865.0,-3007.0,-2142.0,50.0,False,False,PASS_SUBSET_GROSS_FLOWS
682563,2015-09-30,11358843.0,7604.0,4560.0,2111113.0,,2911695.0,0.10254789535905613,28393513.0,8616801.0,4316.0,2361.0,1955.0,3,,0,0,0,0,0,0.7585984769751638,3044.0,-1089.0,-3288.0,-2199.0,50.0,False,False,PASS_SUBSET_GROSS_FLOWS
682563,2015-12-31,11486553.0,11386.0,2872.0,2131360.0,,2912493.0,0.10185121720278012,28595564.0,8724854.0,8466.0,776.0,7690.0,3,,0,0,0,0,0,0.7595711263422543,8514.0,-824.0,-2920.0,-2096.0,50.0,False,False,PASS_SUBSET_GROSS_FLOWS
682563,2016-03-31,11542039.0,5777.0,3298.0,2168632.0,,3018800.0,0.10604204292307062,28467954.0,8799204.0,3050.0,1040.0,2010.0,3,,0,0,0,0,0,0.7623613124162897,2479.0,-469.0,-2727.0,-2258.0,50.0,False,False,PASS_SUBSET_GROSS_FLOWS
682563,2016-06-30,11583730.0,24901.0,3546.0,2207967.0,,3158832.0,0.10891139085484577,29003688.0,8772553.0,21729.0,1425.0,20304.0,3,,0,0,0,0,0,0.7573167710228053,21355.0,-1051.0,-3172.0,-2121.0,50.0,False,False,PASS_SUBSET_GROSS_FLOWS
682563,2016-09-30,11581845.0,8516.0,3530.0,2252729.0,,3137687.0,0.10588331608198993,29633441.0,8658862.0,4951.0,1286.0,3665.0,3,,0,0,0,0,0,0.7476237162559161,4986.0,-1321.0,-3565.0,-2244.0,50.0,False,False,PASS_SUBSET_GROSS_FLOWS
682563,2016-12-31,11974361.0,9133.0,3466.0,2296480.0,,2941438.0,0.09732348649689639,30223311.0,8863610.0,5304.0,1231.0,4073.0,3,,0,0,0,0,0,0.7402156991926333,5667.0,-1594.0,-3829.0,-2235.0,50.0,False,False,PASS_SUBSET_GROSS_FLOWS
682563,2017-03-31,12185132.0,11364.0,3423.0,2347446.0,,3004102.0,0.09832537990717077,30552661.0,9061213.0,7815.0,946.0,6869.0,3,,0,0,0,0,0,0.7436286287255649,7941.0,-1072.0,-3549.0,-2477.0,50.0,False,False,PASS_SUBSET_GROSS_FLOWS
682563,2017-06-30,12512393.0,15535.0,3611.0,2401554.0,,3114574.0,0.10303852037222802,30227278.0,9296655.0,11482.0,1353.0,10129.0,3,,0,0,0,0,0,0.7429957642794628,11924.0,-1795.0,-4053.0,-2258.0,50.0,False,False,PASS_SUBSET_GROSS_FLOWS
682563,2017-09-30,12704811.0,10353.0,4118.0,2461004.0,,3180497.0,0.10250147999643298,31028791.0,9328255.0,5835.0,1646.0,4189.0,3,,0,0,0,0,0,0.7342301274690352,6235.0,-2046.0,-4518.0,-2472.0,50.0,False,False,PASS_SUBSET_GROSS_FLOWS
682563,2017-12-31,13141044.0,10552.0,3511.0,2518998.0,,3267008.0,0.10274567083890015,31797038.0,9683013.0,6006.0,777.0,5229.0,3,,0,0,0,0,0,0.736852642758064,7041.0,-1812.0,-4546.0,-2734.0,50.0,False,False,PASS_SUBSET_GROSS_FLOWS
682563,2018-03-31,13364030.0,16799.0,4375.0,2560828.0,,3180183.0,0.10080261843507235,31548615.0,9948670.0,12430.0,1826.0,10604.0,3,,0,0,0,0,0,0.7444363713640272,12424.0,-1820.0,-4369.0,-2549.0,50.0,False,False,PASS_SUBSET_GROSS_FLOWS
682563,2018-06-30,13712582.0,11932.0,4022.0,2621188.0,,3230670.0,0.10504721998812855,30754455.0,10242728.0,7462.0,1467.0,5995.0,3,,0,0,0,0,0,0.7469583773500862,7910.0,-1915.0,-4470.0,-2555.0,50.0,False,False,PASS_SUBSET_GROSS_FLOWS
682563,2018-09-30,13814838.0,18595.0,3297.0,2683196.0,,3215299.0,0.10261800300063521,31332699.0,10268952.0,14081.0,775.0,13306.0,3,,0,0,0,0,0,0.7433277176323023,15298.0,-1992.0,-4514.0,-2522.0,50.0,False,False,PASS_SUBSET_GROSS_FLOWS
682563,2018-12-31,14099733.0,12649.0,3436.0,2743973.0,,3354498.0,0.10367657858000122,32355408.0,10474544.0,7653.0,849.0,6804.0,3,,0,0,0,0,0,0.7428895284754683,9213.0,-2409.0,-4996.0,-2587.0,50.0,False,False,PASS_SUBSET_GROSS_FLOWS
682563,2019-03-31,14408006.0,10223.0,3438.0,2784786.0,,3556920.0,0.11217174008961515,31709591.0,10875494.0,3595.0,923.0,2672.0,3,,0,0,0,0,0,0.75482297828027,6785.0,-4113.0,-6628.0,-2515.0,50.0,False,False,PASS_SUBSET_GROSS_FLOWS
682563,2019-06-30,14459159.0,11650.0,3829.0,2841165.0,,3738364.0,0.11725624273806627,31882004.0,10889364.0,6119.0,1065.0,5054.0,3,,0,0,0,0,0,0.7531118511111192,7821.0,-2767.0,-5531.0,-2764.0,50.0,False,False,PASS_SUBSET_GROSS_FLOWS
682563,2019-09-30,14634922.0,11619.0,5248.0,2910446.0,,3878753.0,0.11692989526496014,33171611.0,11051539.0,5251.0,2131.0,3120.0,3,,0,0,0,0,0,0.7551484729471055,6371.0,-3251.0,-6368.0,-3117.0,50.0,False,False,PASS_SUBSET_GROSS_FLOWS
682563,2019-12-31,14750317.0,17540.0,4793.0,2958326.0,,3889797.0,0.11405254988923277,34105305.0,11218940.0,9295.0,1966.0,7329.0,3,,0,0,0,0,0,0.7605897554608487,12747.0,-5418.0,-8245.0,-2827.0,50.0,False,False,PASS_SUBSET_GROSS_FLOWS
682563,2020-03-31,15338268.0,43532.0,4886.0,2924082.0,,3891450.0,0.11362275004574604,34248863.0,11818648.0,37899.0,1784.0,36115.0,3,,0,0,0,0,0,0.7705334135509955,38646.0,-2531.0,-5633.0,-3102.0,50.0,False,False,PASS_SUBSET_GROSS_FLOWS
682563,2020-06-30,17970769.0,44708.0,3660.0,2977672.0,,4071747.0,0.10323760518396541,39440541.0,14513818.0,40529.0,1442.0,39087.0,3,,0,0,0,0,0,0.8076347762302214,41048.0,-1961.0,-4179.0,-2218.0,50.0,False,False,PASS_SUBSET_GROSS_FLOWS
682563,2020-09-30,18224476.0,14156.0,3980.0,3010290.0,,4119001.0,0.1025251497690708,40175518.0,14675248.0,9024.0,1635.0,7389.0,3,,0,0,0,0,0,0.8052493800096091,10176.0,-2787.0,-5132.0,-2345.0,50.0,False,False,PASS_SUBSET_GROSS_FLOWS
682563,2020-12-31,17481313.0,20135.0,6569.0,3030093.0,,4148584.0,0.09777913746334682,42428110.0,13974318.0,14124.0,3970.0,10154.0,3,,0,0,0,0,0,0.7993860644220488,13566.0,-3412.0,-6011.0,-2599.0,50.0,False,False,PASS_SUBSET_GROSS_FLOWS
682563,2021-03-31,17889863.0,7965.0,6046.0,3104492.0,,4095929.0,0.09289503083256755,44092014.0,14442948.0,3905.0,3547.0,358.0,3,,0,0,0,0,0,0.8073258023272732,1919.0,-1561.0,-4060.0,-2499.0,50.0,False,False,PASS_SUBSET_GROSS_FLOWS
682563,2021-06-30,16598396.0,5093.0,3502.0,3166299.0,,4183334.0,0.08951325048744237,46734243.0,13199133.0,1164.0,1314.0,-150.0,3,,0,0,0,0,0,0.7952053318886958,1591.0,-1741.0,-3929.0,-2188.0,50.0,False,False,PASS_SUBSET_GROSS_FLOWS
682563,2021-09-30,15832737.0,6684.0,4569.0,3215116.0,,4170218.0,0.08692322420863251,47975878.0,12313493.0,1612.0,1722.0,-110.0,3,,0,0,0,0,0,0.77772358626307,2115.0,-2225.0,-5072.0,-2847.0,50.0,False,False,PASS_SUBSET_GROSS_FLOWS
682563,2021-12-31,16336432.0,10944.0,8155.0,3261532.0,,4215635.0,0.08273467506734451,50953666.0,12705786.0,5202.0,5726.0,-524.0,3,,0,0,0,0,0,0.7777577135570362,2789.0,-3313.0,-5742.0,-2429.0,50.0,False,False,PASS_SUBSET_GROSS_FLOWS
682563,2022-03-31,16542567.0,10531.0,4236.0,3301515.0,,3546375.0,0.06909584245803062,51325447.0,12698544.0,4437.0,1735.0,2702.0,3,,0,0,0,0,0,0.7676283856066595,6295.0,-3593.0,-6094.0,-2501.0,50.0,False,False,PASS_SUBSET_GROSS_FLOWS
682563,2022-06-30,16736029.0,7344.0,4537.0,3423585.0,,3166252.0,0.061070697053021754,51845683.0,12572135.0,2019.0,1980.0,39.0,3,,0,0,0,0,0,0.7512017934481352,2807.0,-2768.0,-5325.0,-2557.0,50.0,False,False,PASS_SUBSET_GROSS_FLOWS
682563,2022-09-30,16950633.0,7189.0,4335.0,3595393.0,,2683877.0,0.05063336775264685,53006093.0,12688033.0,602.0,1700.0,-1098.0,3,,0,0,0,0,0,0.7485285652754089,2854.0,-3952.0,-6587.0,-2635.0,50.0,False,False,PASS_SUBSET_GROSS_FLOWS
682563,2022-12-31,17154785.0,7885.0,4074.0,3789056.0,,3058430.0,0.05775660870358855,52953767.0,12942274.0,1139.0,1509.0,-370.0,3,,0,0,0,0,0,0.7544410495380734,3811.0,-4181.0,-6746.0,-2565.0,50.0,False,False,PASS_SUBSET_GROSS_FLOWS
682563,2023-03-31,17486024.0,13372.0,4590.0,3879997.0,,3367159.0,0.06565490098784219,51285722.0,13231254.0,6180.0,1436.0,4744.0,3,,0,0,0,0,0,0.7566759601839732,8782.0,-4038.0,-7192.0,-3154.0,50.0,False,False,PASS_SUBSET_GROSS_FLOWS
682563,2023-06-30,17751171.0,15749.0,5921.0,3973809.0,,3298142.0,0.06779020914742827,48652188.0,13492151.0,8602.0,2376.0,6226.0,3,,0,0,0,0,0,0.7600710398204152,9828.0,-3602.0,-7147.0,-3545.0,50.0,False,False,PASS_SUBSET_GROSS_FLOWS
682563,2023-09-30,18399266.0,9366.0,4374.0,4013794.0,,2917176.0,0.05977883738385147,48799477.0,14038735.0,1047.0,1296.0,-249.0,3,,0,0,0,0,0,0.7630051655321468,4992.0,-5241.0,-8319.0,-3078.0,50.0,False,False,PASS_SUBSET_GROSS_FLOWS
682563,2023-12-31,18826574.0,15446.0,4562.0,4057111.0,,3619265.0,0.07102575483182622,50957079.0,14213468.0,4910.0,1879.0,3031.0,3,,0,0,0,0,0,0.7549683760837208,10884.0,-7853.0,-10536.0,-2683.0,50.0,False,False,PASS_SUBSET_GROSS_FLOWS
682563,2024-03-31,19388232.0,12070.0,4721.0,4146611.0,,3559012.0,0.07180130115058826,49567514.0,14650241.0,2891.0,2091.0,800.0,3,,0,0,0,0,0,0.7556254226790766,7349.0,-6549.0,-9179.0,-2630.0,50.0,False,False,PASS_SUBSET_GROSS_FLOWS
682563,2024-06-30,19995745.0,13251.0,3525.0,4228311.0,,3606640.0,0.07373337008035409,48914623.0,14987404.0,4213.0,759.0,3454.0,3,,0,0,0,0,0,0.7495296624356832,9726.0,-6272.0,-9038.0,-2766.0,50.0,False,False,PASS_SUBSET_GROSS_FLOWS
682563,2024-09-30,20054637.0,13927.0,4287.0,4303872.0,,4075282.0,0.07981336676214623,51060144.0,14807363.0,4309.0,1820.0,2489.0,3,,0,0,0,0,0,0.7383510855868396,9640.0,-7151.0,-9618.0,-2467.0,50.0,False,False,PASS_SUBSET_GROSS_FLOWS
682563,2024-12-31,20754825.0,17862.0,3900.0,4387862.0,,3822207.0,0.07269216169702927,52580731.0,15360983.0,8568.0,1051.0,7517.0,3,,0,0,0,0,0,0.7401162380313975,13962.0,-6445.0,-9294.0,-2849.0,50.0,False,False,PASS_SUBSET_GROSS_FLOWS
682563,2025-03-31,20902061.0,14190.0,4499.0,4450865.0,,4020248.0,0.077224140882566,52059472.0,15401426.0,6844.0,1262.0,5582.0,3,,0,0,0,0,0,0.7368376735672143,9691.0,-4109.0,-7346.0,-3237.0,50.0,False,False,PASS_SUBSET_GROSS_FLOWS
682563,2025-06-30,21254574.0,15384.0,4233.0,4536485.0,,4093189.0,0.07949500068867886,51489892.0,15480301.0,6848.0,1257.0,5591.0,3,,0,0,0,0,0,0.7283279824850877,11151.0,-5560.0,-8536.0,-2976.0,50.0,False,False,PASS_SUBSET_GROSS_FLOWS
682563,2025-09-30,21445786.0,11613.0,5024.0,4633566.0,,4405626.0,0.08375939673513669,52598588.0,15436668.0,2895.0,2049.0,846.0,3,,0,0,0,0,0,0.7197995913975828,6589.0,-5743.0,-8718.0,-2975.0,50.0,False,False,PASS_SUBSET_GROSS_FLOWS
682563,2025-12-31,21891813.0,9728.0,3885.0,4687844.0,,4541125.0,0.0854754885031574,53127804.0,15821694.0,2617.0,1060.0,1557.0,3,,0,0,0,0,0,0.7227219600313597,5843.0,-4286.0,-7111.0,-2825.0,50.0,False,False,PASS_SUBSET_GROSS_FLOWS
694904,2005-03-31,14524423.0,8.0,0.0,1928984.0,0.1592,3730105.0,0.1520742982305043,24528175.0,12254838.0,0.0,0.0,0.0,3,,0,0,0,0,0,0.8437400921193221,8.0,-8.0,-8.0,0.0,50.0,False,False,PASS_SUBSET_GROSS_FLOWS
694904,2005-06-30,15684991.0,3.0,0.0,1951164.0,0.153,3777453.0,0.15028201053614326,25135763.0,13165277.0,0.0,0.0,0.0,3,,0,0,0,0,0,0.8393550879308761,3.0,-3.0,-3.0,0.0,50.0,False,False,PASS_SUBSET_GROSS_FLOWS
694904,2005-09-30,15856082.0,3.0,0.0,2013419.0,0.157,3789608.0,0.15190863277829103,24946627.0,13236041.0,0.0,0.0,0.0,3,,0,0,0,0,0,0.8347611345602274,3.0,-3.0,-3.0,0.0,50.0,False,False,PASS_SUBSET_GROSS_FLOWS
694904,2005-12-31,16774249.0,7.0,0.0,2020180.0,0.1528,3790190.0,0.1479184834393265,25623505.0,14054465.0,0.0,0.0,0.0,3,,0,0,0,0,0,0.837859566768086,7.0,-7.0,-7.0,0.0,50.0,False,False,PASS_SUBSET_GROSS_FLOWS
694904,2006-03-31,17881483.0,99.0,0.0,2019323.0,0.1478,3772529.0,0.14246192632798135,26480963.0,15154765.0,99.0,0.0,99.0,3,,0,0,0,0,0,0.8475116409528225,99.0,0.0,0.0,0.0,50.0,False,False,PASS_SUBSET_GROSS_FLOWS
694904,2006-06-30,18007954.0,0.0,0.0,2000067.0,0.1469,3746944.0,0.14175759573103125,26432051.0,15340447.0,0.0,0.0,0.0,3,,0,0,0,0,0,0.8518706233923077,0.0,0.0,0.0,0.0,50.0,False,False,PASS_SUBSET_GROSS_FLOWS
694904,2006-09-30,18314431.0,30.0,0.0,1987042.0,0.1163,3750772.0,0.14075214397384156,26648063.0,15677608.0,0.0,0.0,0.0,3,,0,0,0,0,0,0.856024847291188,30.0,-30.0,-30.0,0.0,50.0,False,False,PASS_SUBSET_GROSS_FLOWS
694904,2006-12-31,18212997.0,15.0,0.0,1735140.0,0.1048,3484695.0,0.1321202658227013,26375174.0,15555737.0,0.0,0.0,0.0,3,,0,0,0,0,0,0.8541008928953319,15.0,-15.0,-15.0,0.0,50.0,False,False,PASS_SUBSET_GROSS_FLOWS
694904,2007-03-31,17918763.0,5.0,0.0,1813241.0,0.1155,3562850.0,0.13734967951998447,25939995.0,15338790.0,0.0,0.0,0.0,3,,0,0,0,0,0,0.8560183534990669,5.0,-5.0,-5.0,0.0,50.0,False,False,PASS_SUBSET_GROSS_FLOWS
694904,2007-06-30,17566880.0,0.0,0.0,1970759.0,0.125,3934718.0,0.14585573222601067,26976780.0,14760969.0,0.0,0.0,0.0,3,,0,0,0,0,0,0.8402726608253713,0.0,0.0,0.0,0.0,50.0,False,False,PASS_SUBSET_GROSS_FLOWS
694904,2007-09-30,17506325.0,0.0,0.0,1996708.0,0.1253,3973511.0,0.14828679314118662,26796122.0,14855349.0,0.0,0.0,0.0,3,,0,0,0,0,0,0.8485703881311469,0.0,0.0,0.0,0.0,50.0,False,False,PASS_SUBSET_GROSS_FLOWS
694904,2007-12-31,18994331.0,71.0,0.0,1982073.0,0.1129,4051054.0,0.1429023860253136,28348400.0,15518764.0,0.0,0.0,0.0,3,,0,0,0,0,0,0.8170208258453535,71.0,-71.0,-71.0,0.0,50.0,False,False,PASS_SUBSET_GROSS_FLOWS
694904,2008-03-31,19146547.0,282.0,0.0,1964702.0,0.1098,4032361.0,0.13990369159326949,28822406.0,14475903.0,69.0,0.0,69.0,3,,0,0,0,0,0,0.7560581550292071,282.0,-213.0,-213.0,0.0,50.0,False,False,PASS_SUBSET_GROSS_FLOWS
694904,2008-06-30,19545577.0,858.0,0.0,1959175.0,0.1073,4077485.0,0.14057084695048397,29006619.0,15002506.0,601.0,0.0,601.0,3,,0,0,0,0,0,0.7675652655329643,858.0,-257.0,-257.0,0.0,50.0,False,False,PASS_SUBSET_GROSS_FLOWS
694904,2008-09-30,20078130.0,283.0,22.0,2021362.0,0.1117,4131788.0,0.1383037030674671,29874746.0,15429413.0,175.0,0.0,175.0,3,,0,0,0,0,0,0.7684686273074236,261.0,-86.0,-108.0,-22.0,50.0,False,False,PASS_SUBSET_GROSS_FLOWS
694904,2008-12-31,20793934.0,3190.0,4.0,1982876.0,0.1065,4083020.0,0.1347187397963345,30307736.0,15931225.0,490.0,0.0,490.0,3,,0,0,0,0,0,0.7661477140400658,3186.0,-2696.0,-2700.0,-4.0,50.0,False,False,PASS_SUBSET_GROSS_FLOWS
694904,2009-03-31,20888028.0,4976.0,0.0,1989687.0,0.1055,4100725.0,0.13596124264509266,30160985.0,20153796.0,1581.0,0.0,1581.0,3,,0,0,0,0,0,0.9648491470808063,4976.0,-3395.0,-3395.0,0.0,50.0,False,False,PASS_SUBSET_GROSS_FLOWS
694904,2009-06-30,21387418.0,9023.0,0.0,1965251.0,0.1016,4072652.0,0.1321778708586827,30811905.0,20638062.0,8818.0,0.0,8818.0,3,,0,0,0,0,0,0.9649627645562452,9023.0,-205.0,-205.0,0.0,50.0,False,False,PASS_SUBSET_GROSS_FLOWS
694904,2009-09-30,21654750.0,6005.0,31.0,2113052.0,0.1102,4221991.0,0.13686306147242472,30848287.0,20983486.0,5815.0,30.0,5785.0,3,,0,0,0,0,0,0.9690015354598875,5974.0,-189.0,-190.0,-1.0,50.0,False,False,PASS_SUBSET_GROSS_FLOWS
694904,2009-12-31,27025622.0,8901.0,0.0,2998757.0,0.1377,5160136.0,0.12852127812935335,40150052.0,25938973.0,8697.0,0.0,8697.0,3,,0,0,0,0,0,0.959791896741544,8901.0,-204.0,-204.0,0.0,50.0,False,False,PASS_SUBSET_GROSS_FLOWS
694904,2010-03-31,27613662.0,9677.0,0.0,3126410.0,0.1396,5284744.0,0.13248794326383376,39888490.0,26503092.0,9503.0,0.0,9503.0,3,,0,0,0,0,0,0.9597818644988122,9677.0,-174.0,-174.0,0.0,50.0,False,False,PASS_SUBSET_GROSS_FLOWS
694904,2010-06-30,27823012.0,17458.0,174.0,3152231.0,0.1335,5310553.0,0.1334688273664738,39788714.0,26756117.0,17337.0,174.0,17163.0,3,,0,0,0,0,0,0.9616542234895344,17284.0,-121.0,-121.0,0.0,50.0,False,False,PASS_SUBSET_GROSS_FLOWS
694904,2010-09-30,28093518.0,15926.0,406.0,3155579.0,0.1331,5357247.0,0.13559616025173102,39508840.0,27092071.0,15803.0,406.0,15397.0,3,,0,0,0,0,0,0.9643530938346704,15520.0,-123.0,-123.0,0.0,50.0,False,False,PASS_SUBSET_GROSS_FLOWS
694904,2010-12-31,27916876.0,9076.0,582.0,3200193.0,0.133,5394060.0,0.13879064926799167,38864722.0,26810596.0,8660.0,582.0,8078.0,3,,0,0,0,0,0,0.9603723568496705,8494.0,-416.0,-416.0,0.0,50.0,False,False,PASS_SUBSET_GROSS_FLOWS
694904,2011-03-31,27547190.0,36010.0,87.0,3205668.0,0.1325,5394722.0,0.14002616223226338,38526529.0,26344835.0,35932.0,87.0,35845.0,3,,0,0,0,0,0,0.9563528984263004,35923.0,-78.0,-78.0,0.0,50.0,False,False,PASS_SUBSET_GROSS_FLOWS
694904,2011-06-30,27965945.0,27473.0,2335.0,3204064.0,0.133,5388782.0,0.14160298807267804,38055567.0,26694987.0,27261.0,2335.0,24926.0,3,,0,0,0,0,0,0.954553368391449,25138.0,-212.0,-212.0,0.0,50.0,False,False,PASS_SUBSET_GROSS_FLOWS
694904,2011-09-30,28956022.0,14861.0,1419.0,3219343.0,0.1296,5398395.0,0.13678512892106626,39466242.0,27759664.0,14848.0,1419.0,13429.0,3,,0,0,0,0,0,0.9586836202845819,13442.0,-13.0,-13.0,0.0,50.0,False,False,PASS_SUBSET_GROSS_FLOWS
694904,2011-12-31,28735920.0,21080.0,343.0,3125359.0,0.1278,5283652.0,0.1338693527431343,39468720.0,28024447.0,21051.0,343.0,20708.0,3,,0,0,0,0,0,0.9752409875862683,20737.0,-29.0,-29.0,0.0,50.0,False,False,PASS_SUBSET_GROSS_FLOWS
694904,2012-03-31,29089800.0,16227.0,1295.0,3136228.0,0.1263,5296237.0,0.13153083065403412,40266126.0,28397400.0,15702.0,1295.0,14407.0,3,,0,0,0,0,0,0.976197842542747,14932.0,-525.0,-525.0,0.0,50.0,False,False,PASS_SUBSET_GROSS_FLOWS
694904,2012-06-30,29384381.0,14461.0,407.0,3159775.0,0.1282,5320680.0,0.1303718848287103,40811560.0,28723051.0,14453.0,407.0,14046.0,3,,0,0,0,0,0,0.977493825716458,14054.0,-8.0,-8.0,0.0,50.0,False,False,PASS_SUBSET_GROSS_FLOWS
694904,2012-09-30,29909984.0,6840.0,312.0,3177722.0,0.1269,5341729.0,0.12941656430965554,41275466.0,29025662.0,6655.0,312.0,6343.0,3,,0,0,0,0,0,0.970433885889073,6528.0,-185.0,-185.0,0.0,50.0,False,False,PASS_SUBSET_GROSS_FLOWS
694904,2012-12-31,30291340.0,4436.0,1268.0,3156127.0,0.125,5315245.0,0.12865705963450638,41313279.0,29254398.0,4326.0,1220.0,3106.0,3,,0,0,0,0,0,0.9657677078663407,3168.0,-62.0,-110.0,-48.0,50.0,False,False,PASS_SUBSET_GROSS_FLOWS
694904,2013-03-31,30436628.0,1469.0,1096.0,3165513.0,0.124,5323849.0,0.12824923126569826,41511742.0,29407103.0,1449.0,1094.0,355.0,3,,0,0,0,0,0,0.9661748009667825,373.0,-18.0,-20.0,-2.0,50.0,False,False,PASS_SUBSET_GROSS_FLOWS
694904,2013-06-30,30140390.0,4868.0,625.0,3185995.0,0.1258,5350110.0,0.1301067047591811,41120940.0,29209813.0,4829.0,625.0,4204.0,3,,0,0,0,0,0,0.9691252502041281,4243.0,-39.0,-39.0,0.0,50.0,False,False,PASS_SUBSET_GROSS_FLOWS
694904,2013-09-30,30487606.0,6513.0,2277.0,3198411.0,0.1232,5359950.0,0.12572166904953672,42633462.0,29629717.0,6504.0,2275.0,4229.0,3,,0,0,0,0,0,0.9718610572440486,4236.0,-7.0,-9.0,-2.0,50.0,False,False,PASS_SUBSET_GROSS_FLOWS
694904,2013-12-31,30680766.0,5599.0,3122.0,3196870.0,0.1222,5380499.0,0.12498915447963141,43047727.0,29998616.0,5548.0,3122.0,2426.0,3,,0,0,0,0,0,0.9777662004918651,2477.0,-51.0,-51.0,0.0,50.0,False,False,PASS_SUBSET_GROSS_FLOWS
694904,2014-03-31,31494538.0,1822.0,168.0,,,5382827.0,0.12263150749585544,43894323.0,30792149.0,1810.0,168.0,1642.0,3,,0,0,0,0,0,0.9776980694239744,1654.0,-12.0,-12.0,0.0,50.0,False,False,PASS_SUBSET_GROSS_FLOWS
694904,2014-06-30,32438886.0,1365.0,590.0,,,5400206.0,0.12043132752498843,44840542.0,31758938.0,1359.0,590.0,769.0,3,,0,0,0,0,0,0.9790391075698469,775.0,-6.0,-6.0,0.0,50.0,False,False,PASS_SUBSET_GROSS_FLOWS
694904,2014-09-30,32709440.0,226.0,441.0,,,5426994.0,0.12162857956980952,44619398.0,32054084.0,206.0,441.0,-235.0,3,,0,0,0,0,0,0.9799643161118013,-215.0,-20.0,-20.0,0.0,50.0,False,False,PASS_SUBSET_GROSS_FLOWS
694904,2014-12-31,32885574.0,273.0,135.0,,,5450611.0,0.1230890006020297,44281869.0,32210865.0,171.0,134.0,37.0,3,,0,0,0,0,0,0.9794831314180498,138.0,-101.0,-102.0,-1.0,50.0,False,False,PASS_SUBSET_GROSS_FLOWS
694904,2015-03-31,32674496.0,322.0,1401.0,3306555.0,,5458062.0,0.12414187449144316,43966325.0,31943708.0,319.0,1398.0,-1079.0,3,,0,0,0,0,0,0.9776342992406065,-1079.0,0.0,-3.0,-3.0,50.0,False,False,PASS_SUBSET_GROSS_FLOWS
694904,2015-06-30,33225795.0,182.0,258.0,3311632.0,,5461995.0,0.12269654822305606,44516289.0,32460910.0,171.0,258.0,-87.0,3,,0,0,0,0,0,0.9769791813860286,-76.0,-11.0,-11.0,0.0,50.0,False,False,PASS_SUBSET_GROSS_FLOWS
694904,2015-09-30,33713230.0,279.0,2606.0,3321690.0,,5471996.0,0.12178838811414794,44930359.0,32968200.0,279.0,2606.0,-2327.0,3,,0,0,0,0,0,0.9779009605427899,-2327.0,0.0,0.0,0.0,50.0,False,False,PASS_SUBSET_GROSS_FLOWS
694904,2015-12-31,35330867.0,1224.0,1683.0,3478429.0,,5625199.0,0.12104377313037776,46472436.0,34496590.0,1219.0,1683.0,-464.0,3,,0,0,0,0,0,0.9763867385422498,-459.0,-5.0,-5.0,0.0,50.0,False,False,PASS_SUBSET_GROSS_FLOWS
694904,2016-03-31,35760419.0,69.0,1000.0,3522664.0,,5671858.0,0.12661982612957054,44794391.0,34891935.0,2.0,993.0,-991.0,3,,0,0,0,0,0,0.9757138192368495,-931.0,-60.0,-67.0,-7.0,50.0,False,False,PASS_SUBSET_GROSS_FLOWS
694904,2016-06-30,36467935.0,919.0,288.0,3558358.0,,5709893.0,0.12572163589680221,45416948.0,35553967.0,915.0,277.0,638.0,3,,0,0,0,0,0,0.974937763819092,631.0,7.0,-4.0,-11.0,50.0,False,False,PASS_SUBSET_GROSS_FLOWS
694904,2016-09-30,37061604.0,19.0,151.0,3651254.0,,5803412.0,0.1264398230456178,45898609.0,36101783.0,17.0,142.0,-125.0,3,,0,0,0,0,0,0.9741020113430601,-132.0,7.0,-2.0,-9.0,50.0,False,False,PASS_SUBSET_GROSS_FLOWS
694904,2016-12-31,36818375.0,4.0,632.0,3686510.0,,5833419.0,0.12813723674335048,45524776.0,35697853.0,0.0,627.0,-627.0,3,,0,0,0,0,0,0.9695662288191698,-628.0,1.0,-4.0,-5.0,50.0,False,False,PASS_SUBSET_GROSS_FLOWS
694904,2017-03-31,36501604.0,5.0,171.0,4109227.0,,6256756.0,0.13761700128272317,45464993.0,35465055.0,0.0,167.0,-167.0,3,,0,0,0,0,0,0.9716026451878662,-166.0,-1.0,-5.0,-4.0,50.0,False,False,PASS_SUBSET_GROSS_FLOWS
694904,2017-06-30,36534661.0,405.0,460.0,4134984.0,,6337164.0,0.1415724695341115,44762686.0,35556118.0,0.0,457.0,-457.0,3,,0,0,0,0,0,0.9732160372310558,-55.0,-402.0,-405.0,-3.0,50.0,False,False,PASS_SUBSET_GROSS_FLOWS
694904,2017-09-30,35099543.0,288.0,460.0,4176102.0,,6376091.0,0.1419262942932376,44925368.0,34129085.0,285.0,459.0,-174.0,3,,0,0,0,0,0,0.9723512639466559,-172.0,-2.0,-3.0,-1.0,50.0,False,False,PASS_SUBSET_GROSS_FLOWS
694904,2017-12-31,35924685.0,16.0,302.0,4253233.0,,6443436.0,0.14174554592617802,45457767.0,34900867.0,0.0,302.0,-302.0,3,,0,0,0,0,0,0.9715009888047731,-286.0,-16.0,-16.0,0.0,50.0,False,False,PASS_SUBSET_GROSS_FLOWS
694904,2018-03-31,36288091.0,3203.0,484.0,4281852.0,,6428291.0,0.1391593506141882,46193741.0,35256541.0,3191.0,484.0,2707.0,3,,0,0,0,0,0,0.9715733186405424,2719.0,-12.0,-12.0,0.0,50.0,False,False,PASS_SUBSET_GROSS_FLOWS
694904,2018-06-30,36779216.0,37.0,559.0,4301253.0,,6433266.0,0.13659934025225434,47095879.0,35777205.0,34.0,558.0,-524.0,3,,0,0,0,0,0,0.9727560533101086,-522.0,-2.0,-3.0,-1.0,50.0,False,False,PASS_SUBSET_GROSS_FLOWS
694904,2018-09-30,37028848.0,15.0,63.0,4317809.0,,6431442.0,0.13454402219064412,47801767.0,35950942.0,0.0,63.0,-63.0,3,,0,0,0,0,0,0.970890101685043,-48.0,-15.0,-15.0,0.0,50.0,False,False,PASS_SUBSET_GROSS_FLOWS
694904,2018-12-31,40165908.0,15087.0,754.0,4725497.0,,7064208.0,0.13617849853784955,51874621.0,39168692.0,15045.0,745.0,14300.0,3,,0,0,0,0,0,0.9751725767036065,14333.0,-33.0,-42.0,-9.0,50.0,False,False,PASS_SUBSET_GROSS_FLOWS
694904,2019-03-31,40526019.0,2079.0,117.0,4745185.0,,7104843.0,0.13629573724655195,52128138.0,39346054.0,2068.0,115.0,1953.0,3,,0,0,0,0,0,0.9708837672903425,1962.0,-9.0,-11.0,-2.0,50.0,False,False,PASS_SUBSET_GROSS_FLOWS
694904,2019-06-30,40876701.0,7751.0,383.0,4756803.0,,7144467.0,0.1354343789868567,52752241.0,39682339.0,7745.0,381.0,7364.0,3,,0,0,0,0,0,0.9707813504812925,7368.0,-4.0,-6.0,-2.0,50.0,False,False,PASS_SUBSET_GROSS_FLOWS
694904,2019-09-30,40844220.0,6566.0,106.0,4770095.0,,7158835.0,0.13632265327968557,52513906.0,39568253.0,6546.0,105.0,6441.0,3,,0,0,0,0,0,0.9687601574959688,6460.0,-19.0,-20.0,-1.0,50.0,False,False,PASS_SUBSET_GROSS_FLOWS
694904,2019-12-31,41894155.0,3912.0,415.0,4785217.0,,7168934.0,0.13370551891255772,53617338.0,40506925.0,3909.0,414.0,3495.0,3,,0,0,0,0,0,0.966887266254684,3497.0,-2.0,-3.0,-1.0,50.0,False,False,PASS_SUBSET_GROSS_FLOWS
694904,2020-03-31,42291759.0,10385.0,189.0,4802347.0,,7125229.0,0.13137162074421946,54237201.0,40769994.0,10285.0,189.0,10096.0,3,,0,0,0,0,0,0.9640174578692743,10196.0,-100.0,-100.0,0.0,50.0,False,False,PASS_SUBSET_GROSS_FLOWS
694904,2020-06-30,42409549.0,3938.0,154.0,4825247.0,,7195380.0,0.1327884918928741,54186774.0,40683040.0,3777.0,153.0,3624.0,3,,0,0,0,0,0,0.9592896165908296,3784.0,-160.0,-161.0,-1.0,50.0,False,False,PASS_SUBSET_GROSS_FLOWS
694904,2020-09-30,42946491.0,1076.0,1977.0,4858492.0,,7229998.0,0.13167426625906276,54908208.0,41180478.0,1075.0,1976.0,-901.0,3,,0,0,0,0,0,0.9588787591517081,-901.0,0.0,-1.0,-1.0,50.0,False,False,PASS_SUBSET_GROSS_FLOWS
694904,2020-12-31,43000734.0,6779.0,1073.0,4964055.0,,7333635.0,0.13030041621808153,56282514.0,41269302.0,6771.0,1071.0,5700.0,3,,0,0,0,0,0,0.9597348268520254,5706.0,-6.0,-8.0,-2.0,50.0,False,False,PASS_SUBSET_GROSS_FLOWS
694904,2021-03-31,43266575.0,4323.0,4840.0,5024758.0,,7296634.0,0.12660490656186393,57633106.0,41341649.0,4311.0,4839.0,-528.0,3,,0,0,0,0,0,0.9555100906415633,-517.0,-11.0,-12.0,-1.0,50.0,False,False,PASS_SUBSET_GROSS_FLOWS
694904,2021-06-30,43575265.0,868.0,6925.0,5090802.0,,7409720.0,0.12898819904867173,57444945.0,41537641.0,861.0,6924.0,-6063.0,3,,0,0,0,0,0,0.9532389762862027,-6057.0,-6.0,-7.0,-1.0,50.0,False,False,PASS_SUBSET_GROSS_FLOWS
694904,2021-09-30,43686555.0,942.0,1412.0,5153136.0,,7454168.0,0.1288628041231503,57845769.0,41640214.0,937.0,1412.0,-475.0,3,,0,0,0,0,0,0.9531585633154183,-470.0,-5.0,-5.0,0.0,50.0,False,False,PASS_SUBSET_GROSS_FLOWS
694904,2021-12-31,45738504.0,7145.0,1751.0,5216634.0,,7524925.0,0.12650613995474247,59482686.0,43675710.0,7136.0,1750.0,5386.0,3,,0,0,0,0,0,0.9549002739573642,5394.0,-8.0,-9.0,-1.0,50.0,False,False,PASS_SUBSET_GROSS_FLOWS
694904,2022-03-31,46758231.0,3515.0,1921.0,5279934.0,,7395276.0,0.12131261750952277,60960485.0,44879803.0,3514.0,1921.0,1593.0,3,,0,0,0,0,0,0.9598267949871756,1594.0,-1.0,-1.0,0.0,50.0,False,False,PASS_SUBSET_GROSS_FLOWS
694904,2022-06-30,48537148.0,327.0,6905.0,5365355.0,,7311167.0,0.11596439176670038,63046655.0,46341935.0,325.0,6905.0,-6580.0,3,,0,0,1,0,1,0.9547725177424928,-6578.0,-2.0,-2.0,0.0,50.0,False,False,PASS_SUBSET_GROSS_FLOWS
694904,2022-09-30,48984876.0,746.0,959.0,5467123.0,,7264185.0,0.11547056314786612,62909410.0,46951915.0,744.0,959.0,-215.0,3,,0,0,0,0,0,0.9584981903394019,-213.0,-2.0,-2.0,0.0,50.0,False,False,PASS_SUBSET_GROSS_FLOWS
694904,2022-12-31,70116718.0,1943.0,1154.0,7652815.0,,9632600.0,0.10698531495883187,90036656.0,59082244.0,443.0,953.0,-510.0,3,,0,0,0,0,0,0.8426270607817097,789.0,-1299.0,-1500.0,-201.0,50.0,False,False,PASS_SUBSET_GROSS_FLOWS
694904,2023-03-31,83851276.0,5218.0,4860.0,9288469.0,,11591048.0,0.09375366508097369,123633012.0,67879343.0,2027.0,4171.0,-2144.0,3,,0,0,0,0,0,0.8095206923267333,358.0,-2502.0,-3191.0,-689.0,50.0,False,False,PASS_SUBSET_GROSS_FLOWS
694904,2023-06-30,85475325.0,3208.0,4133.0,9587432.0,,11868410.0,0.09997023991801308,118719431.0,67938254.0,769.0,2874.0,-2105.0,3,,0,0,0,0,0,0.7948288468046187,-925.0,-1180.0,-2439.0,-1259.0,50.0,False,False,PASS_SUBSET_GROSS_FLOWS
694904,2023-09-30,85920917.0,26284.0,2293.0,9690343.0,,11791917.0,0.10607377283128769,111167131.0,68167037.0,16245.0,296.0,15949.0,2,,0,0,0,0,0,0.7933695237447245,23991.0,-8042.0,-10039.0,-1997.0,50.0,False,False,PASS_SUBSET_GROSS_FLOWS
694904,2023-12-31,85800927.0,175949.0,4526.0,9305482.0,,9160309.0,0.08035493754127536,113998085.0,67507671.0,146247.0,436.0,145811.0,2,,0,0,0,0,0,0.7867941916291883,171423.0,-25612.0,-29702.0,-4090.0,50.0,False,False,PASS_SUBSET_GROSS_FLOWS
694904,2024-03-31,83308488.0,91094.0,9922.0,9458585.0,,9274828.0,0.08219415439930502,112840482.0,65736679.0,75503.0,1115.0,74388.0,2,,0,0,0,0,0,0.7890754060978756,81172.0,-6784.0,-15591.0,-8807.0,50.0,False,False,PASS_SUBSET_GROSS_FLOWS
694904,2024-06-30,82398175.0,354441.0,5417.0,9285592.0,,8993026.0,0.07557567924359258,118993651.0,64011010.0,313462.0,114.0,313348.0,2,,0,0,0,0,0,0.7768498513468289,349024.0,-35676.0,-40979.0,-5303.0,50.0,False,False,PASS_SUBSET_GROSS_FLOWS
694904,2024-09-30,73432121.0,260912.0,20258.0,9060540.0,,8946458.0,0.0782670323058764,114306851.0,61699605.0,222718.0,15517.0,207201.0,2,,0,0,0,0,0,0.8402263772280253,240654.0,-33453.0,-38194.0,-4741.0,50.0,False,False,PASS_SUBSET_GROSS_FLOWS
694904,2024-12-31,69171509.0,232850.0,10606.0,8912125.0,,8579156.0,0.08570388920653617,100102295.0,58637396.0,171106.0,3032.0,168074.0,2,,0,0,0,0,0,0.847710232835892,222244.0,-54170.0,-61744.0,-7574.0,50.0,False,False,PASS_SUBSET_GROSS_FLOWS
694904,2025-03-31,67123874.0,124247.0,9312.0,8857298.0,,8602768.0,0.08817192149652418,97568113.0,57420177.0,82503.0,344.0,82159.0,2,,0,0,0,0,0,0.8554359809447232,114935.0,-32776.0,-41744.0,-8968.0,50.0,False,False,PASS_SUBSET_GROSS_FLOWS
694904,2025-06-30,64439930.0,140463.0,23063.0,8835239.0,,8577865.0,0.09305943096831619,92176203.0,55522871.0,126519.0,16509.0,110010.0,2,,0,0,0,0,0,0.861622149496438,117400.0,-7390.0,-13944.0,-6554.0,50.0,False,False,PASS_SUBSET_GROSS_FLOWS
694904,2025-09-30,63195505.0,91997.0,19310.0,8832324.0,,8609465.0,0.09399648520825904,91593478.0,54437314.0,73936.0,8861.0,65075.0,2,,0,0,0,0,0,0.8614111715698767,72687.0,-7612.0,-18061.0,-10449.0,50.0,False,False,PASS_SUBSET_GROSS_FLOWS
694904,2025-12-31,60996653.0,93731.0,47450.0,8348457.0,,8144856.0,0.09307135342904124,87511954.0,52524703.0,48501.0,35892.0,12609.0,2,,0,0,0,0,0,0.861107952923253,46281.0,-33672.0,-45230.0,-11558.0,50.0,False,False,PASS_SUBSET_GROSS_FLOWS
722777,2012-03-31,52280886.0,156953.0,27549.0,7871477.0,0.13,12646045.0,0.15762554943763302,80228396.0,40395687.0,76966.0,3828.0,73138.0,2,,0,0,0,0,0,0.7726664578714293,129404.0,-56266.0,-79987.0,-23721.0,50.0,False,False,PASS_SUBSET_GROSS_FLOWS
722777,2012-06-30,52921271.0,150648.0,16436.0,7966485.0,0.1294,12720700.0,0.15822755878598427,80394971.0,41063859.0,57822.0,2704.0,55118.0,2,,0,0,0,0,0,0.7759424183141784,134212.0,-79094.0,-92826.0,-13732.0,50.0,False,False,PASS_SUBSET_GROSS_FLOWS
722777,2012-09-30,52963737.0,170464.0,23670.0,8000666.0,0.1284,12868109.0,0.15605837858246177,82457021.0,41436515.0,70578.0,4249.0,66329.0,2,,0,0,0,0,0,0.782356331842672,146794.0,-80465.0,-99886.0,-19421.0,50.0,False,False,PASS_SUBSET_GROSS_FLOWS
722777,2012-12-31,53232591.0,129247.0,26639.0,8027173.0,0.1286,12849368.0,0.1546591687102541,83081838.0,41766953.0,74532.0,11962.0,62570.0,2,,0,0,0,0,0,0.7846124378954239,102608.0,-40038.0,-54715.0,-14677.0,50.0,False,False,PASS_SUBSET_GROSS_FLOWS
722777,2013-03-31,52424285.0,91108.0,31881.0,8233181.0,0.1338,12938164.0,0.16201104117922108,79859767.0,41535124.0,37432.0,16718.0,20714.0,2,,0,0,0,0,0,0.792287849037903,59227.0,-38513.0,-53676.0,-15163.0,50.0,False,False,PASS_SUBSET_GROSS_FLOWS
722777,2013-06-30,50352797.0,78775.0,22545.0,8308230.0,0.1385,12794917.0,0.16740431237614437,76431227.0,40446424.0,33050.0,9054.0,23996.0,2,,0,0,0,0,0,0.8032607205514323,56230.0,-32234.0,-45725.0,-13491.0,50.0,False,False,PASS_SUBSET_GROSS_FLOWS
722777,2013-09-30,49906075.0,76006.0,27115.0,8330905.0,0.1375,12798514.0,0.17244261090317387,74218976.0,40383743.0,33310.0,14778.0,18532.0,2,,0,0,0,0,0,0.8091949326810414,48891.0,-30359.0,-42696.0,-12337.0,50.0,False,False,PASS_SUBSET_GROSS_FLOWS
722777,2013-12-31,50050820.0,69391.0,17757.0,8390428.0,0.1396,12789333.0,0.17221355184777543,74264382.0,40482686.0,32886.0,4641.0,28245.0,2,,0,0,0,0,0,0.8088316235378361,51634.0,-23389.0,-36505.0,-13116.0,50.0,False,False,PASS_SUBSET_GROSS_FLOWS
722777,2014-03-31,51357107.0,66068.0,17061.0,,,12909243.0,0.1725389991744908,74819276.0,42097106.0,32425.0,6203.0,26222.0,2,,0,0,0,0,0,0.8196938741117173,49007.0,-22785.0,-33643.0,-10858.0,50.0,False,False,PASS_SUBSET_GROSS_FLOWS
722777,2014-06-30,51928304.0,65062.0,15737.0,,,13038307.0,0.16877826108478658,77251104.0,42461630.0,24519.0,4210.0,20309.0,2,,0,0,1,0,1,0.8176972234641054,49325.0,-29016.0,-40543.0,-11527.0,50.0,False,False,PASS_SUBSET_GROSS_FLOWS
722777,2014-09-30,50355882.0,213857.0,37435.0,,,13067881.0,0.1689767761753817,77335367.0,40812165.0,168259.0,26828.0,141431.0,2,,0,0,0,0,0,0.8104746333308193,176422.0,-34991.0,-45598.0,-10607.0,50.0,False,False,PASS_SUBSET_GROSS_FLOWS
722777,2014-12-31,50568181.0,61540.0,32009.0,,,13192333.0,0.1639351174306001,80472892.0,40418428.0,21149.0,17119.0,4030.0,2,,0,0,0,0,0,0.7992857801232756,29531.0,-25501.0,-40391.0,-14890.0,50.0,False,False,PASS_SUBSET_GROSS_FLOWS
722777,2015-03-31,52139204.0,50443.0,17095.0,9705456.0,,13315395.0,0.16027746112432933,83077152.0,41638047.0,14828.0,5093.0,9735.0,2,,0,0,0,0,0,0.7985938373742721,33348.0,-23613.0,-35615.0,-12002.0,50.0,False,False,PASS_SUBSET_GROSS_FLOWS
722777,2015-06-30,52451731.0,55443.0,14999.0,9801321.0,,13329659.0,0.15742027601641215,84675617.0,41737644.0,23117.0,4462.0,18655.0,2,,0,0,0,0,0,0.795734348595664,40444.0,-21789.0,-32326.0,-10537.0,50.0,False,False,PASS_SUBSET_GROSS_FLOWS
722777,2015-09-30,53045889.0,40310.0,13236.0,9827716.0,,13415992.0,0.1500107470867277,89433539.0,42260519.0,8921.0,3361.0,5560.0,2,,0,0,0,0,0,0.7966784947274613,27074.0,-21514.0,-31389.0,-9875.0,50.0,False,False,PASS_SUBSET_GROSS_FLOWS
722777,2015-12-31,53658405.0,72318.0,14283.0,9857655.0,,13325978.0,0.1477508182660272,90192245.0,42306002.0,9681.0,3949.0,5732.0,2,,0,0,0,0,0,0.7884319707229464,58035.0,-52303.0,-62637.0,-10334.0,50.0,False,False,PASS_SUBSET_GROSS_FLOWS
722777,2016-03-31,54482422.0,46450.0,22736.0,9815513.0,,13451118.0,0.14575256048355834,92287353.0,42793049.0,14157.0,7206.0,6951.0,2,,0,0,0,0,0,0.7854468914763004,23714.0,-16763.0,-32293.0,-15530.0,50.0,False,False,PASS_SUBSET_GROSS_FLOWS
722777,2016-06-30,54443171.0,37421.0,17528.0,9878778.0,,13570651.0,0.15971696592526086,84966872.0,42323604.0,7963.0,6228.0,1735.0,2,,0,0,0,0,0,0.777390501372523,19893.0,-18158.0,-29458.0,-11300.0,50.0,False,False,PASS_SUBSET_GROSS_FLOWS
722777,2016-09-30,52934247.0,52220.0,19383.0,10025290.0,,13610425.0,0.15923482299975866,85473923.0,40748450.0,6826.0,11126.0,-4300.0,2,,0,0,1,0,1,0.7697937027421964,32837.0,-37137.0,-45394.0,-8257.0,50.0,False,False,PASS_SUBSET_GROSS_FLOWS
722777,2016-12-31,52091284.0,135530.0,16625.0,10005701.0,,13418228.0,0.16148075310416743,83094906.0,39952527.0,12038.0,6605.0,5433.0,2,,0,0,0,0,0,0.7669714380624597,118905.0,-113472.0,-123492.0,-10020.0,50.0,False,False,PASS_SUBSET_GROSS_FLOWS
722777,2017-03-31,49922024.0,37363.0,11159.0,10030558.0,,13503689.0,0.1680070443154041,80375731.0,38213265.0,8560.0,2980.0,5580.0,2,,0,0,0,0,0,0.7654590486956218,26204.0,-20624.0,-28803.0,-8179.0,50.0,False,False,PASS_SUBSET_GROSS_FLOWS
722777,2017-06-30,49037891.0,65218.0,11087.0,10154145.0,,13622392.0,0.17162068877632364,79374999.0,37091215.0,7488.0,2835.0,4653.0,2,,0,0,0,0,0,0.756378674604909,54131.0,-49478.0,-57730.0,-8252.0,50.0,False,False,PASS_SUBSET_GROSS_FLOWS
722777,2017-09-30,48655632.0,42994.0,10685.0,10237540.0,,13695447.0,0.17545175558957662,78058193.0,36716139.0,4572.0,3781.0,791.0,2,,0,0,0,0,0,0.754612312917855,32309.0,-31518.0,-38422.0,-6904.0,50.0,False,False,PASS_SUBSET_GROSS_FLOWS
722777,2017-12-31,48136330.0,39573.0,10270.0,10014774.0,,13522396.0,0.18162956329066973,74450413.0,36371526.0,3422.0,2713.0,709.0,2,,0,0,0,0,0,0.7555940803962412,29303.0,-28594.0,-36151.0,-7557.0,50.0,False,False,PASS_SUBSET_GROSS_FLOWS
722777,2018-03-31,47348455.0,51227.0,10827.0,10077687.0,,13447445.0,0.18033680441473277,74568500.0,36390250.0,3872.0,1475.0,2397.0,2,,0,0,0,0,0,0.7685625645018407,40400.0,-38003.0,-47355.0,-9352.0,50.0,False,False,PASS_SUBSET_GROSS_FLOWS
722777,2018-06-30,48838762.0,32683.0,15269.0,10134711.0,,13475538.0,0.18101760366548228,74443246.0,38023223.0,2126.0,1731.0,395.0,2,,0,0,0,0,0,0.7785460040940432,17414.0,-17019.0,-30557.0,-13538.0,50.0,False,False,PASS_SUBSET_GROSS_FLOWS
722777,2018-09-30,49904346.0,37173.0,19511.0,9952379.0,,13241214.0,0.17844843981361988,74201904.0,38599146.0,697.0,1375.0,-678.0,2,,0,0,0,0,0,0.7734626158611516,17662.0,-18340.0,-36476.0,-18136.0,50.0,False,False,PASS_SUBSET_GROSS_FLOWS
722777,2018-12-31,51698257.0,44902.0,18028.0,10179299.0,,13407676.0,0.17357650235206504,77243612.0,39255348.0,13360.0,9389.0,3971.0,2,,0,0,1,0,1,0.7593166632290911,26874.0,-22903.0,-31542.0,-8639.0,50.0,False,False,PASS_SUBSET_GROSS_FLOWS
722777,2019-03-31,53327759.0,48993.0,12413.0,10238959.0,,13561492.0,0.17234248375053354,78689199.0,38685738.0,1387.0,1169.0,218.0,2,,0,0,0,0,0,0.7254334088931057,36580.0,-36362.0,-47606.0,-11244.0,50.0,False,False,PASS_SUBSET_GROSS_FLOWS
722777,2019-06-30,55085749.0,67623.0,17484.0,10303108.0,,13736437.0,0.16874699026664516,81402560.0,38871596.0,1729.0,1151.0,578.0,2,,0,0,0,0,0,0.7056561216949233,50139.0,-49561.0,-65894.0,-16333.0,50.0,False,False,PASS_SUBSET_GROSS_FLOWS
722777,2019-09-30,55277681.0,93563.0,25129.0,10334626.0,,13799498.0,0.165177774258645,83543310.0,37642658.0,1470.0,1154.0,316.0,2,,0,0,0,0,0,0.68097389975531,68434.0,-68118.0,-92093.0,-23975.0,50.0,False,False,PASS_SUBSET_GROSS_FLOWS
722777,2019-12-31,55378136.0,102989.0,39100.0,10219819.0,,13680941.0,0.16157792621295636,84670854.0,37596516.0,7831.0,14945.0,-7114.0,2,,0,0,0,0,0,0.6789054077226435,63889.0,-71003.0,-95158.0,-24155.0,50.0,False,False,PASS_SUBSET_GROSS_FLOWS
722777,2020-03-31,55511173.0,102378.0,23901.0,10173264.0,,13707919.0,0.1565380749256771,87569232.0,37241480.0,8071.0,1355.0,6716.0,2,,0,0,0,0,0,0.6708825987157576,78477.0,-71761.0,-94307.0,-22546.0,50.0,False,False,PASS_SUBSET_GROSS_FLOWS
722777,2020-06-30,57030041.0,83063.0,19377.0,10167970.0,,11949548.0,0.1361762928618986,87750575.0,36906855.0,3857.0,845.0,3012.0,2,,0,0,0,0,0,0.64714761471064,63686.0,-60674.0,-79206.0,-18532.0,50.0,False,False,PASS_SUBSET_GROSS_FLOWS
722777,2020-09-30,55332424.0,68884.0,23470.0,10219187.0,,11944808.0,0.13863940294750368,86157382.0,35639526.0,3367.0,653.0,2714.0,2,,0,0,0,0,0,0.6440984042195586,45414.0,-42700.0,-65517.0,-22817.0,50.0,False,False,PASS_SUBSET_GROSS_FLOWS
722777,2020-12-31,55271568.0,95934.0,30062.0,10266788.0,,11922375.0,0.13320786951518598,89502032.0,35644425.0,4231.0,839.0,3392.0,2,,0,0,0,0,0,0.6448962149942987,65872.0,-62480.0,-91703.0,-29223.0,50.0,False,False,PASS_SUBSET_GROSS_FLOWS
722777,2021-03-31,55037035.0,78325.0,43580.0,10394345.0,,11888323.0,0.13371372700353407,88908770.0,34565445.0,12810.0,4404.0,8406.0,2,,0,0,0,0,0,0.6280397372423859,34745.0,-26339.0,-65515.0,-39176.0,50.0,False,False,PASS_SUBSET_GROSS_FLOWS
722777,2021-06-30,55284560.0,64972.0,34291.0,10566963.0,,12070637.0,0.12680230190234384,95192570.0,33196860.0,9493.0,1651.0,7842.0,2,,0,0,0,0,0,0.6004725369976717,30681.0,-22839.0,-55479.0,-32640.0,50.0,False,False,PASS_SUBSET_GROSS_FLOWS
722777,2021-09-30,53770176.0,54462.0,32664.0,10658832.0,,12133576.0,0.12496570764098695,97095245.0,31085960.0,4376.0,4622.0,-246.0,2,,0,0,0,0,0,0.5781264320206057,21798.0,-22044.0,-50086.0,-28042.0,50.0,False,False,PASS_SUBSET_GROSS_FLOWS
722777,2021-12-31,53776782.0,62061.0,33836.0,10694372.0,,12051039.0,0.11832721501820531,101845032.0,30568470.0,7773.0,3940.0,3833.0,2,,0,0,0,0,0,0.5684324882065275,28225.0,-24392.0,-54288.0,-29896.0,50.0,False,False,PASS_SUBSET_GROSS_FLOWS
722777,2022-03-31,53324172.0,43976.0,32572.0,10748722.0,,11582856.0,0.1207755633056692,95903970.0,30045635.0,71.0,1277.0,-1206.0,2,,0,0,0,0,0,0.5634524432934467,11404.0,-12610.0,-43905.0,-31295.0,50.0,False,False,PASS_SUBSET_GROSS_FLOWS
722777,2022-06-30,53535990.0,46739.0,29539.0,10781670.0,,11408045.0,0.12152793202183822,93871794.0,29221446.0,122.0,1512.0,-1390.0,2,,0,0,0,0,0,0.5458280681836648,17200.0,-18590.0,-46617.0,-28027.0,50.0,False,False,PASS_SUBSET_GROSS_FLOWS
722777,2022-09-30,57205194.0,74615.0,26182.0,10830128.0,,11160715.0,0.11569553279132619,96466257.0,31689348.0,342.0,899.0,-557.0,2,,0,0,1,0,1,0.5539592785927795,48433.0,-48990.0,-74273.0,-25283.0,50.0,False,False,PASS_SUBSET_GROSS_FLOWS
722777,2022-12-31,58332820.0,123858.0,29096.0,10888687.0,,11186420.0,0.11287364480782666,99105686.0,31927821.0,11190.0,850.0,10340.0,2,,0,0,0,0,0,0.547338890867954,94762.0,-84422.0,-112668.0,-28246.0,50.0,False,False,PASS_SUBSET_GROSS_FLOWS
722777,2023-03-31,60457532.0,106506.0,38952.0,10824977.0,,11312501.0,0.10741699954459943,105313880.0,33210673.0,8109.0,565.0,7544.0,2,,0,0,0,0,0,0.5493223408458023,67554.0,-60010.0,-98397.0,-38387.0,50.0,False,False,PASS_SUBSET_GROSS_FLOWS
722777,2023-06-30,59552682.0,115909.0,41056.0,11286402.0,,11408275.0,0.11157516729172226,102247438.0,32052892.0,924.0,608.0,316.0,2,,0,0,0,0,0,0.5382275142536821,74853.0,-74537.0,-114985.0,-40448.0,50.0,False,False,PASS_SUBSET_GROSS_FLOWS
722777,2023-09-30,58547758.0,152753.0,54356.0,11365511.0,,11475732.0,0.1164236119903619,98568768.0,30696679.0,1094.0,3119.0,-2025.0,2,,0,0,0,0,0,0.5243015283352097,98397.0,-100422.0,-151659.0,-51237.0,50.0,False,False,PASS_SUBSET_GROSS_FLOWS
722777,2023-12-31,56854548.0,253815.0,63119.0,11303223.0,,11687456.0,0.11630700854889336,100487977.0,29368928.0,67739.0,3839.0,63900.0,2,,0,0,0,0,0,0.5165625096518224,190696.0,-126796.0,-186076.0,-59280.0,50.0,False,False,PASS_SUBSET_GROSS_FLOWS
722777,2024-03-31,55502119.0,218715.0,66872.0,11452872.0,,11916695.0,0.11661978040707403,102184166.0,29471579.0,1183.0,1406.0,-223.0,2,,0,0,0,0,0,0.5309991677975394,151843.0,-152066.0,-217532.0,-65466.0,50.0,False,False,PASS_SUBSET_GROSS_FLOWS
722777,2024-06-30,55066643.0,203170.0,68953.0,11680850.0,,12205591.0,0.12137327393659662,100562427.0,28759843.0,11344.0,23.0,11321.0,2,,0,0,0,1,1,0.5222734024298521,134217.0,-122896.0,-191826.0,-68930.0,50.0,False,False,PASS_SUBSET_GROSS_FLOWS
722777,2024-09-30,53188030.0,175982.0,81101.0,11822550.0,,12567435.0,0.12353391855931586,101732667.0,27481044.0,6017.0,353.0,5664.0,2,,0,0,0,0,0,0.5166772298203186,94881.0,-89217.0,-169965.0,-80748.0,50.0,False,False,PASS_SUBSET_GROSS_FLOWS
722777,2024-12-31,51335284.0,160926.0,65106.0,11843518.0,,12644664.0,0.12312158522654394,102700627.0,26368965.0,13962.0,5528.0,8434.0,2,,0,0,0,0,0,0.513661617222182,95820.0,-87386.0,-146964.0,-59578.0,50.0,False,False,PASS_SUBSET_GROSS_FLOWS
722777,2025-03-31,51053853.0,187697.0,73090.0,11905841.0,,12843680.0,0.12283709652617715,104558642.0,26417539.0,30203.0,1521.0,28682.0,2,,0,0,0,0,0,0.5174445697565666,114607.0,-85925.0,-157494.0,-71569.0,50.0,False,False,PASS_SUBSET_GROSS_FLOWS
722777,2025-06-30,49840573.0,161486.0,73193.0,12306050.0,,13209716.0,0.127812810679614,103352050.0,26162170.0,5888.0,807.0,5081.0,2,,0,0,0,0,0,0.524917119231354,88293.0,-83212.0,-155598.0,-72386.0,50.0,False,False,PASS_SUBSET_GROSS_FLOWS
722777,2025-09-30,49729212.0,179146.0,78294.0,12678329.0,,13646075.0,0.13960813156116758,97745560.0,25709861.0,20724.0,438.0,20286.0,2,,0,0,0,0,0,0.5169971524986159,100852.0,-80566.0,-158422.0,-77856.0,50.0,False,False,PASS_SUBSET_GROSS_FLOWS
722777,2025-12-31,54261285.0,178052.0,73112.0,13115216.0,,14170802.0,0.1360640505286975,104148024.0,25326078.0,10622.0,1000.0,9622.0,2,,0,0,0,1,1,0.46674305630616747,104940.0,-95318.0,-167430.0,-72112.0,50.0,False,False,PASS_SUBSET_GROSS_FLOWS
723112,2005-03-31,33901498.0,44157.0,6597.0,4850527.0,0.1053,4625628.0,0.080880225270067,57191087.0,17283703.0,11477.0,1088.0,10389.0,3,,0,0,0,0,0,0.509821217929662,37560.0,-27171.0,-32680.0,-5509.0,50.0,False,False,PASS_SUBSET_GROSS_FLOWS
723112,2005-06-30,34230732.0,42155.0,9367.0,4762612.0,0.1009,4682373.0,0.08232069538814737,56879658.0,17289252.0,19007.0,1896.0,17111.0,3,,0,0,0,0,0,0.5050798212553561,32788.0,-15677.0,-23148.0,-7471.0,50.0,False,False,PASS_SUBSET_GROSS_FLOWS
723112,2005-09-30,35268498.0,43544.0,6729.0,4910691.0,0.1014,4679328.0,0.0805385179314642,58100498.0,18300745.0,20197.0,1469.0,18728.0,3,,0,0,0,0,0,0.5188977710363509,36815.0,-18087.0,-23347.0,-5260.0,50.0,False,False,PASS_SUBSET_GROSS_FLOWS
723112,2005-12-31,35307757.0,73139.0,9753.0,4973036.0,0.1005,4655540.0,0.08080732129737239,57612849.0,18388976.0,24027.0,4685.0,19342.0,3,,0,0,0,0,0,0.5208197167551595,63386.0,-44044.0,-49112.0,-5068.0,50.0,False,False,PASS_SUBSET_GROSS_FLOWS
723112,2006-03-31,35503326.0,52344.0,12963.0,5107260.0,0.1036,4657144.0,0.08073887184637295,57681559.0,17916162.0,26560.0,1925.0,24635.0,3,,0,0,0,0,0,0.5046333405495587,39381.0,-14746.0,-25784.0,-11038.0,50.0,False,False,PASS_SUBSET_GROSS_FLOWS
723112,2006-06-30,36052286.0,51699.0,14744.0,5246078.0,0.1043,4697578.0,0.0809697733952652,58016440.0,18642152.0,28919.0,5103.0,23816.0,3,,0,0,0,0,0,0.5170865448032893,36955.0,-13139.0,-22780.0,-9641.0,50.0,False,False,PASS_SUBSET_GROSS_FLOWS
723112,2006-09-30,36409325.0,43646.0,9473.0,5307552.0,0.1053,4988654.0,0.08528617573685682,58493114.0,19068713.0,19801.0,2155.0,17646.0,3,,0,0,0,0,0,0.5237315715136164,34173.0,-16527.0,-23845.0,-7318.0,50.0,False,False,PASS_SUBSET_GROSS_FLOWS
723112,2006-12-31,37156843.0,59956.0,9457.0,5336386.0,0.1041,5132123.0,0.09743555832692195,52671972.0,19336028.0,31708.0,3131.0,28577.0,3,,0,0,0,0,0,0.5203894205974388,50499.0,-21922.0,-28248.0,-6326.0,50.0,False,False,PASS_SUBSET_GROSS_FLOWS
723112,2007-03-31,37409386.0,44486.0,13198.0,5093238.0,0.0994,4898564.0,0.09500493520771346,51561153.0,19772729.0,18781.0,1218.0,17563.0,3,,0,0,0,0,0,0.5285499473313997,31288.0,-13725.0,-25705.0,-11980.0,50.0,False,False,PASS_SUBSET_GROSS_FLOWS
723112,2007-06-30,37973887.0,54534.0,9659.0,5322711.0,0.1008,5037304.0,0.09168836102247559,54939405.0,20201757.0,29394.0,1762.0,27632.0,3,,0,0,0,0,0,0.5319907598608485,44875.0,-17243.0,-25140.0,-7897.0,50.0,False,False,PASS_SUBSET_GROSS_FLOWS
723112,2007-09-30,38942167.0,54593.0,6126.0,5405791.0,0.0989,5176392.0,0.09049865141695715,57198554.0,20619666.0,22902.0,732.0,22170.0,3,,0,0,0,0,0,0.5294945707566813,48467.0,-26297.0,-31691.0,-5394.0,50.0,False,False,PASS_SUBSET_GROSS_FLOWS
723112,2007-12-31,40870854.0,77229.0,8331.0,4743503.0,0.0813,5252570.0,0.08547675614069282,61450273.0,22578504.0,41418.0,1134.0,40284.0,3,,0,0,0,0,0,0.552435336927386,68898.0,-28614.0,-35811.0,-7197.0,50.0,False,False,PASS_SUBSET_GROSS_FLOWS
723112,2008-03-31,40516809.0,94462.0,7469.0,4984784.0,0.0826,5579139.0,0.08641188593989581,64564486.0,19681081.0,35119.0,49.0,35070.0,2,,0,0,0,0,0,0.48575101262293385,86993.0,-51923.0,-59343.0,-7420.0,50.0,False,False,PASS_SUBSET_GROSS_FLOWS
723112,2008-06-30,40420634.0,149404.0,8566.0,4950108.0,0.0836,5431743.0,0.08074240205473568,67272497.0,19712746.0,59124.0,519.0,58605.0,2,,0,0,0,0,0,0.4876901732911958,140838.0,-82233.0,-90280.0,-8047.0,50.0,False,False,PASS_SUBSET_GROSS_FLOWS
723112,2008-09-30,40895592.0,161408.0,7610.0,4974951.0,0.0863,5505999.0,0.08179058913685898,67318246.0,20399646.0,91699.0,986.0,90713.0,3,,0,0,0,0,0,0.4988226114931898,153798.0,-63085.0,-69709.0,-6624.0,50.0,False,False,PASS_SUBSET_GROSS_FLOWS
723112,2008-12-31,43400040.0,333449.0,10470.0,4799035.0,0.0807,5328110.0,0.07670803661051576,69459606.0,20506854.0,205741.0,3922.0,201819.0,3,,0,0,0,0,0,0.4725077211910404,322979.0,-121160.0,-127708.0,-6548.0,50.0,False,False,PASS_SUBSET_GROSS_FLOWS
723112,2009-03-31,43615150.0,187742.0,13056.0,5043301.0,0.0876,5589198.0,0.08164382685197946,68458305.0,24243084.0,65366.0,5384.0,59982.0,3,,0,0,0,0,0,0.5558408947349717,174686.0,-114704.0,-122376.0,-7672.0,50.0,False,False,PASS_SUBSET_GROSS_FLOWS
723112,2009-06-30,44152557.0,254289.0,12297.0,6436352.0,0.1141,6760255.0,0.10464610239860253,64601116.0,25174665.0,116986.0,2711.0,114275.0,3,,0,0,0,0,0,0.5701745654277736,241992.0,-127717.0,-137303.0,-9586.0,50.0,False,False,PASS_SUBSET_GROSS_FLOWS
723112,2009-09-30,80437759.0,1533897.0,77627.0,13647633.0,0.1328,16417688.0,0.15035019357474508,109196321.0,45328079.0,1048650.0,42916.0,1005734.0,3,,0,0,0,0,0,0.5635174271824256,1456270.0,-450536.0,-485247.0,-34711.0,50.0,False,False,PASS_SUBSET_GROSS_FLOWS
723112,2009-12-31,78806201.0,742998.0,35023.0,13574525.0,0.1335,16300795.0,0.14459249767410362,112736105.0,44436095.0,523773.0,16009.0,507764.0,3,,0,0,0,0,0,0.5638654628206224,707975.0,-200211.0,-219225.0,-19014.0,50.0,False,False,PASS_SUBSET_GROSS_FLOWS
723112,2010-03-31,78992076.0,621786.0,39165.0,13563464.0,0.1388,16328713.0,0.1473696633931627,110801047.0,44374228.0,429322.0,17906.0,411416.0,3,,0,0,0,0,0,0.5617554348109549,582621.0,-171205.0,-192464.0,-21259.0,50.0,False,False,PASS_SUBSET_GROSS_FLOWS
723112,2010-06-30,78339490.0,472136.0,39092.0,13798928.0,0.1423,16695925.0,0.15174488175238787,110026281.0,44893271.0,315328.0,15170.0,300158.0,3,,0,0,0,0,0,0.573060547113595,433044.0,-132886.0,-156808.0,-23922.0,50.0,False,False,PASS_SUBSET_GROSS_FLOWS
723112,2010-09-30,78669594.0,991955.0,35858.0,14071555.0,0.1448,16947233.0,0.1537902951554273,110197025.0,45439391.0,830749.0,21825.0,808924.0,3,,0,0,0,1,1,0.577597883624517,956097.0,-147173.0,-161206.0,-14033.0,50.0,False,False,PASS_SUBSET_GROSS_FLOWS
723112,2010-12-31,79635672.0,398578.0,41818.0,12975965.0,0.1313,15749225.0,0.14452587682841803,108971662.0,45171453.0,250991.0,18457.0,232534.0,3,,0,0,0,0,0,0.5672263681029778,356760.0,-124226.0,-147587.0,-23361.0,50.0,False,False,PASS_SUBSET_GROSS_FLOWS
723112,2011-03-31,78684156.0,397450.0,29942.0,13283851.0,0.1361,16003291.0,0.14764238595868667,108392254.0,44761328.0,167938.0,6282.0,161656.0,2,,0,0,0,0,0,0.5688734590989322,367508.0,-205852.0,-229512.0,-23660.0,50.0,False,False,PASS_SUBSET_GROSS_FLOWS
723112,2011-06-30,79065421.0,342588.0,39036.0,13058607.0,0.1334,15895377.0,0.1470308542410273,108109125.0,45460786.0,126412.0,9420.0,116992.0,2,,0,0,0,0,0,0.574976841013722,303552.0,-186560.0,-216176.0,-29616.0,50.0,False,False,PASS_SUBSET_GROSS_FLOWS
723112,2011-09-30,80954989.0,294217.0,32708.0,12389674.0,0.1232,15347555.0,0.1364524346965749,112475494.0,47524740.0,129253.0,5358.0,123895.0,2,,0,0,0,0,0,0.5870514045774251,261509.0,-137614.0,-164964.0,-27350.0,50.0,False,False,PASS_SUBSET_GROSS_FLOWS
723112,2011-12-31,83851638.0,280155.0,40631.0,12373493.0,0.1211,15258300.0,0.1340524334492568,113823372.0,50139945.0,110342.0,9154.0,101188.0,2,,0,0,0,0,0,0.5979602330487569,239524.0,-138336.0,-169813.0,-31477.0,50.0,False,False,PASS_SUBSET_GROSS_FLOWS
723112,2012-03-31,83576912.0,252759.0,33362.0,12833729.0,0.1248,15720968.0,0.1381335014639053,113809958.0,50240605.0,105752.0,8735.0,97017.0,2,,0,0,0,0,0,0.601130190117577,219397.0,-122380.0,-147007.0,-24627.0,50.0,False,False,PASS_SUBSET_GROSS_FLOWS
723112,2012-06-30,84079807.0,218848.0,37946.0,13257131.0,0.1277,16123213.0,0.14070870450440112,114585754.0,51262511.0,82273.0,13557.0,68716.0,2,,0,0,0,0,0,0.6096887329915017,180902.0,-112186.0,-136575.0,-24389.0,50.0,False,False,PASS_SUBSET_GROSS_FLOWS
723112,2012-09-30,84721491.0,188021.0,31108.0,12881076.0,0.1234,15751615.0,0.13752376352511217,114537405.0,52086746.0,76039.0,7315.0,68724.0,2,,0,0,0,0,0,0.6147996852416112,156913.0,-88189.0,-111982.0,-23793.0,50.0,False,False,PASS_SUBSET_GROSS_FLOWS
723112,2012-12-31,88581386.0,177394.0,30281.0,12144926.0,0.1132,14917256.0,0.12530085296186746,119051512.0,55596497.0,59683.0,10305.0,49378.0,2,,0,0,0,0,0,0.6276318254943538,147113.0,-97735.0,-117711.0,-19976.0,50.0,False,False,PASS_SUBSET_GROSS_FLOWS
723112,2013-03-31,88227862.0,165526.0,34732.0,12355655.0,0.1154,15089939.0,0.12744253817375506,118405826.0,55775649.0,61126.0,7150.0,53976.0,2,,0,0,0,0,0,0.6321772707129637,130794.0,-76818.0,-104400.0,-27582.0,50.0,False,False,PASS_SUBSET_GROSS_FLOWS
723112,2013-06-30,89040422.0,145142.0,34070.0,12973932.0,0.1184,15516588.0,0.12898016556232902,120302125.0,56038551.0,36270.0,8664.0,27606.0,2,,0,0,0,0,0,0.6293607975038573,111072.0,-83466.0,-108872.0,-25406.0,50.0,False,False,PASS_SUBSET_GROSS_FLOWS
723112,2013-09-30,88422542.0,140553.0,31932.0,13070209.0,0.1168,15678434.0,0.1278776590994083,122604950.0,55179423.0,37244.0,11993.0,25251.0,2,,0,0,0,0,0,0.6240424868129215,108621.0,-83370.0,-103309.0,-19939.0,50.0,False,False,PASS_SUBSET_GROSS_FLOWS
723112,2013-12-31,89419536.0,183041.0,35196.0,13245220.0,0.1159,15717964.0,0.12334748578551948,127428329.0,55775082.0,38144.0,8497.0,29647.0,2,,0,0,0,0,0,0.6237460458305218,147845.0,-118198.0,-144897.0,-26699.0,50.0,False,False,PASS_SUBSET_GROSS_FLOWS
723112,2014-03-31,90347885.0,190430.0,22493.0,,,15970299.0,0.12542387193490157,127330617.0,56826773.0,33147.0,6673.0,26474.0,2,,0,0,0,0,0,0.6289773468410467,167937.0,-141463.0,-157283.0,-15820.0,50.0,False,False,PASS_SUBSET_GROSS_FLOWS
723112,2014-06-30,91029242.0,126859.0,25606.0,,,16361965.0,0.1256811661860682,130186292.0,57469655.0,34748.0,5816.0,28932.0,2,,0,0,0,0,0,0.6313317977535174,101253.0,-72321.0,-92111.0,-19790.0,50.0,False,False,PASS_SUBSET_GROSS_FLOWS
723112,2014-09-30,91128800.0,146464.0,31780.0,,,16349793.0,0.12402538330321387,131826184.0,57059546.0,28265.0,6801.0,21464.0,2,,0,0,0,0,0,0.6261417466267525,114684.0,-93220.0,-118199.0,-24979.0,50.0,False,False,PASS_SUBSET_GROSS_FLOWS
723112,2014-12-31,91205437.0,214152.0,23521.0,,,16562005.0,0.12152985034405478,136279317.0,56317181.0,108237.0,5088.0,103149.0,2,,0,0,0,0,0,0.6174761379631348,190631.0,-87482.0,-105915.0,-18433.0,50.0,False,False,PASS_SUBSET_GROSS_FLOWS
723112,2015-03-31,91825580.0,115064.0,24029.0,13559231.0,,16833163.0,0.12195251791765654,138030467.0,57291260.0,18167.0,9094.0,9073.0,2,,0,0,0,0,0,0.6239139464188519,91035.0,-81962.0,-96897.0,-14935.0,50.0,False,False,PASS_SUBSET_GROSS_FLOWS
723112,2015-06-30,93564381.0,112384.0,26210.0,13606222.0,,16598540.0,0.11919954515197656,139250028.0,58381790.0,16830.0,6985.0,9845.0,2,,0,0,0,0,0,0.6239745229544136,86174.0,-76329.0,-95554.0,-19225.0,50.0,False,False,PASS_SUBSET_GROSS_FLOWS
723112,2015-09-30,94434260.0,209224.0,20788.0,13789217.0,,17018884.0,0.12203774638379952,139455902.0,59109934.0,25386.0,5689.0,19697.0,2,,0,0,0,0,0,0.6259373875540508,188436.0,-168739.0,-183838.0,-15099.0,50.0,False,False,PASS_SUBSET_GROSS_FLOWS
723112,2015-12-31,93351934.0,104643.0,25559.0,14215845.0,,17117724.0,0.12348611734465074,138620635.0,58460846.0,11886.0,6140.0,5746.0,2,,0,0,0,0,0,0.6262414017046503,79084.0,-73338.0,-92757.0,-19419.0,50.0,False,False,PASS_SUBSET_GROSS_FLOWS
723112,2016-03-31,94273478.0,116088.0,19501.0,14077309.0,,17468603.0,0.12480569621313094,139966392.0,59775810.0,13903.0,3902.0,10001.0,2,,0,0,0,0,0,0.6340681522325929,96587.0,-86586.0,-102185.0,-15599.0,50.0,False,False,PASS_SUBSET_GROSS_FLOWS
723112,2016-06-30,94656470.0,102224.0,18884.0,14168371.0,,17770177.0,0.1259293111463168,141112318.0,60439823.0,12616.0,5173.0,7443.0,2,,0,0,0,0,0,0.6385176100482091,83340.0,-75897.0,-89608.0,-13711.0,50.0,False,False,PASS_SUBSET_GROSS_FLOWS
723112,2016-09-30,94079699.0,137133.0,30566.0,14250500.0,,17728179.0,0.12593593579741705,140771408.0,60044310.0,9539.0,4803.0,4736.0,2,,0,0,0,0,0,0.6382281261337794,106567.0,-101831.0,-127594.0,-25763.0,50.0,False,False,PASS_SUBSET_GROSS_FLOWS
723112,2016-12-31,92719477.0,97258.0,24604.0,14014680.0,,16803507.0,0.12021725334464742,139776168.0,59424724.0,8547.0,8405.0,142.0,2,,0,0,0,0,0,0.6409087488705313,72654.0,-72512.0,-88711.0,-16199.0,50.0,False,False,PASS_SUBSET_GROSS_FLOWS
723112,2017-03-31,92112860.0,106915.0,16740.0,14047156.0,,16858003.0,0.12224454726546363,137903926.0,59520398.0,12923.0,3055.0,9868.0,2,,0,0,0,0,0,0.6461681680494993,90175.0,-80307.0,-93992.0,-13685.0,50.0,False,False,PASS_SUBSET_GROSS_FLOWS
723112,2017-06-30,92081267.0,94984.0,30551.0,14160882.0,,17082054.0,0.12316011859268214,138697934.0,59934410.0,10784.0,2863.0,7921.0,2,,0,0,0,0,0,0.6508860265791087,64433.0,-56512.0,-84200.0,-27688.0,50.0,False,False,PASS_SUBSET_GROSS_FLOWS
723112,2017-09-30,92485027.0,85271.0,17292.0,14220324.0,,17169417.0,0.12264905757857295,139988169.0,60076431.0,6915.0,5079.0,1836.0,2,,0,0,0,0,0,0.6495800774324259,67979.0,-66143.0,-78356.0,-12213.0,50.0,False,False,PASS_SUBSET_GROSS_FLOWS
723112,2017-12-31,92356672.0,94309.0,18061.0,14008058.0,,16887402.0,0.12055739323012998,140077697.0,59780534.0,4669.0,4625.0,44.0,2,,0,0,0,0,0,0.6472789968005777,76248.0,-76204.0,-89640.0,-13436.0,50.0,False,False,PASS_SUBSET_GROSS_FLOWS
723112,2018-03-31,92565824.0,103397.0,22348.0,14394731.0,,16840750.0,0.12077000299093242,139444809.0,60729797.0,7621.0,2685.0,4936.0,2,,0,0,0,0,0,0.6560714783892595,81049.0,-76113.0,-95776.0,-19663.0,50.0,False,False,PASS_SUBSET_GROSS_FLOWS
723112,2018-06-30,92614769.0,118664.0,24710.0,14600433.0,,16896396.0,0.12169041044494672,138847391.0,61197313.0,6600.0,2354.0,4246.0,2,,0,0,0,0,0,0.6607727218970875,93954.0,-89708.0,-112064.0,-22356.0,50.0,False,False,PASS_SUBSET_GROSS_FLOWS
723112,2018-09-30,94021990.0,111547.0,40105.0,14544869.0,,16645517.0,0.11890809172898932,139986411.0,62619274.0,3883.0,2485.0,1398.0,2,,0,0,0,0,0,0.6660066863081711,71442.0,-70044.0,-107664.0,-37620.0,50.0,False,False,PASS_SUBSET_GROSS_FLOWS
723112,2018-12-31,95812649.0,115747.0,33345.0,14434774.0,,17244702.0,0.11937903167332392,144453358.0,62582835.0,4934.0,5280.0,-346.0,2,,0,0,0,0,0,0.6531792582000316,82402.0,-82748.0,-110813.0,-28065.0,50.0,False,False,PASS_SUBSET_GROSS_FLOWS
723112,2019-03-31,96779319.0,108355.0,30317.0,14946274.0,,18284551.0,0.12404907367531044,147397723.0,63717221.0,3732.0,2101.0,1631.0,2,,0,0,0,0,0,0.6583764140766479,78038.0,-76407.0,-104623.0,-28216.0,50.0,False,False,PASS_SUBSET_GROSS_FLOWS
723112,2019-06-30,110429025.0,118894.0,39710.0,16355340.0,,22419607.0,0.13410543408093936,167178960.0,74876970.0,2015.0,1998.0,17.0,2,,0,0,0,0,0,0.6780551580528761,79184.0,-79167.0,-116879.0,-37712.0,50.0,False,False,PASS_SUBSET_GROSS_FLOWS
723112,2019-09-30,110590785.0,130468.0,31402.0,16590995.0,,23122405.0,0.13642383666776153,169489479.0,75065369.0,2968.0,1734.0,1234.0,2,,0,0,0,0,0,0.678766942471744,99066.0,-97832.0,-127500.0,-29668.0,50.0,False,False,PASS_SUBSET_GROSS_FLOWS
723112,2019-12-31,110917346.0,152199.0,38694.0,16704451.0,,23039944.0,0.13726908917805763,167845100.0,76134641.0,5237.0,2226.0,3011.0,2,,0,0,0,0,0,0.6864087876751036,113505.0,-110494.0,-146962.0,-36468.0,50.0,False,False,PASS_SUBSET_GROSS_FLOWS
723112,2020-03-31,119618918.0,159346.0,37491.0,16651854.0,,23685231.0,0.12891766961929974,183723698.0,84256074.0,4196.0,1584.0,2612.0,2,,0,0,0,0,0,0.7043708086374766,121855.0,-119243.0,-155150.0,-35907.0,50.0,False,False,PASS_SUBSET_GROSS_FLOWS
723112,2020-06-30,115908248.0,162681.0,32412.0,16694445.0,,24122290.0,0.11984002180364665,201287430.0,80380837.0,9208.0,1652.0,7556.0,2,,0,0,0,0,0,0.6934867741249958,130269.0,-122713.0,-153473.0,-30760.0,50.0,False,False,PASS_SUBSET_GROSS_FLOWS
723112,2020-09-30,113012181.0,134561.0,33618.0,17114628.0,,24467316.0,0.12205922482343372,200454460.0,77493733.0,14149.0,3037.0,11112.0,2,,0,0,0,0,0,0.6857113305334759,100943.0,-89831.0,-120412.0,-30581.0,50.0,False,False,PASS_SUBSET_GROSS_FLOWS
723112,2020-12-31,113480273.0,154493.0,36580.0,17252620.0,,24405347.0,0.1201203529268393,203174120.0,77663054.0,35518.0,2720.0,32798.0,2,,0,0,0,0,0,0.6843749309626704,117913.0,-85115.0,-118975.0,-33860.0,50.0,False,False,PASS_SUBSET_GROSS_FLOWS
723112,2021-03-31,114320100.0,108845.0,37596.0,17952117.0,,24358955.0,0.11854103979502421,205489635.0,77868690.0,8867.0,1730.0,7137.0,2,,0,0,0,0,0,0.6811460976678642,71249.0,-64112.0,-99978.0,-35866.0,50.0,False,False,PASS_SUBSET_GROSS_FLOWS
723112,2021-06-30,113459805.0,102570.0,59226.0,16766623.0,,23410857.0,0.11477076286304086,203979275.0,77231630.0,9652.0,4569.0,5083.0,2,,0,0,0,0,0,0.680695952192056,43344.0,-38261.0,-92918.0,-54657.0,50.0,False,False,PASS_SUBSET_GROSS_FLOWS
723112,2021-09-30,113110368.0,56102.0,34772.0,16591956.0,,23233917.0,0.11257989293058641,206377146.0,74085607.0,1599.0,3481.0,-1882.0,2,,0,0,0,0,0,0.6549851115328349,21330.0,-23212.0,-54503.0,-31291.0,50.0,False,False,PASS_SUBSET_GROSS_FLOWS
723112,2021-12-31,116461076.0,76932.0,38531.0,16723419.0,,22964184.0,0.10951137853639482,209696785.0,76059788.0,1707.0,4011.0,-2304.0,2,,0,0,0,0,0,0.6530919223174617,38401.0,-40705.0,-75225.0,-34520.0,50.0,False,False,PASS_SUBSET_GROSS_FLOWS
723112,2022-03-31,118477727.0,64151.0,29996.0,17227196.0,,21296882.0,0.1013401199977974,210152524.0,77902656.0,780.0,2740.0,-1960.0,2,,0,0,0,0,0,0.6575299676368707,34155.0,-36115.0,-63371.0,-27256.0,50.0,False,False,PASS_SUBSET_GROSS_FLOWS
723112,2022-06-30,121365873.0,90181.0,28626.0,17379476.0,,20364631.0,0.09907571796922517,205546136.0,84198403.0,1081.0,2500.0,-1419.0,2,,0,0,0,0,0,0.693756827341406,61555.0,-62974.0,-89100.0,-26126.0,50.0,False,False,PASS_SUBSET_GROSS_FLOWS
723112,2022-09-30,121939162.0,104388.0,41244.0,18125994.0,,18451590.0,0.09032298596216853,204284544.0,80155980.0,1072.0,2029.0,-957.0,2,,0,0,0,0,0,0.6573440286558636,63144.0,-64101.0,-103316.0,-39215.0,50.0,False,False,PASS_SUBSET_GROSS_FLOWS
723112,2022-12-31,122486198.0,103244.0,35775.0,18952302.0,,19481013.0,0.09443545751859335,206289179.0,79609598.0,1240.0,5525.0,-4285.0,2,,0,0,0,0,0,0.6499474985744924,67469.0,-71754.0,-102004.0,-30250.0,50.0,False,False,PASS_SUBSET_GROSS_FLOWS
723112,2023-03-31,123606000.0,110000.0,32000.0,19575000.0,,21100000.0,0.10164461957935507,207586000.0,80161000.0,2000.0,1000.0,1000.0,2,,0,0,0,0,0,0.6485202983673932,78000.0,-77000.0,-108000.0,-31000.0,50.0,False,False,PASS_SUBSET_GROSS_FLOWS
723112,2023-06-30,122651000.0,121000.0,31000.0,18972000.0,,19574000.0,0.09482332651894626,206426000.0,78762000.0,1000.0,1000.0,0.0,2,,0,0,0,0,0,0.6421635371908913,90000.0,-90000.0,-120000.0,-30000.0,50.0,False,False,PASS_SUBSET_GROSS_FLOWS
723112,2023-09-30,120702000.0,158000.0,34000.0,20005000.0,,18685000.0,0.08807530591850972,212148000.0,76699000.0,1000.0,2000.0,-1000.0,2,,0,0,0,0,0,0.6354410034630743,124000.0,-125000.0,-157000.0,-32000.0,50.0,False,False,PASS_SUBSET_GROSS_FLOWS
723112,2023-12-31,117612000.0,133000.0,37000.0,20147000.0,,21191000.0,0.0991308334268927,213768000.0,74271000.0,1000.0,4000.0,-3000.0,2,,0,0,0,0,0,0.6314916845219876,96000.0,-99000.0,-132000.0,-33000.0,50.0,False,False,PASS_SUBSET_GROSS_FLOWS
723112,2024-03-31,116824000.0,146000.0,36000.0,20319000.0,,21102000.0,0.09875468572311062,213681000.0,74396000.0,0.0,1000.0,-1000.0,2,,0,0,0,0,0,0.636821201123057,110000.0,-111000.0,-146000.0,-35000.0,50.0,False,False,PASS_SUBSET_GROSS_FLOWS
723112,2024-06-30,117115000.0,182000.0,38000.0,20562000.0,,21380000.0,0.10061934075036238,212484000.0,74508000.0,1000.0,1000.0,0.0,2,,0,0,0,0,0,0.6361951927592537,144000.0,-144000.0,-181000.0,-37000.0,50.0,False,False,PASS_SUBSET_GROSS_FLOWS
723112,2024-09-30,117280000.0,183000.0,41000.0,20723000.0,,23025000.0,0.1078035236886831,213583000.0,73937000.0,1000.0,1000.0,0.0,2,,0,0,0,0,0,0.6304314461118691,142000.0,-142000.0,-182000.0,-40000.0,50.0,False,False,PASS_SUBSET_GROSS_FLOWS
723112,2024-12-31,120431000.0,175000.0,39000.0,20943000.0,,22064000.0,0.10397884984236347,212197000.0,75683000.0,1000.0,2000.0,-1000.0,2,,0,0,0,0,0,0.6284345392797536,136000.0,-137000.0,-174000.0,-37000.0,50.0,False,False,PASS_SUBSET_GROSS_FLOWS
723112,2025-03-31,122664000.0,173000.0,37000.0,20980000.0,,22977000.0,0.10842247818762653,211921000.0,77091000.0,11000.0,0.0,11000.0,2,,0,0,0,0,0,0.6284729015848171,136000.0,-125000.0,-162000.0,-37000.0,50.0,False,False,PASS_SUBSET_GROSS_FLOWS
723112,2025-06-30,123042000.0,193000.0,53000.0,21280000.0,,23640000.0,0.11294198584880871,209311000.0,76230000.0,4000.0,1000.0,3000.0,2,,0,0,0,0,0,0.6195445457648607,140000.0,-137000.0,-189000.0,-52000.0,50.0,False,False,PASS_SUBSET_GROSS_FLOWS
723112,2025-09-30,123706000.0,382000.0,44000.0,21470000.0,,24160000.0,0.11385109822013412,212207000.0,74926000.0,2000.0,3000.0,-1000.0,2,,0,0,0,0,0,0.6056779784327356,338000.0,-339000.0,-380000.0,-41000.0,50.0,False,False,PASS_SUBSET_GROSS_FLOWS
723112,2025-12-31,123384000.0,177000.0,53000.0,21766000.0,,24648000.0,0.11532307116455341,213730000.0,74419000.0,7000.0,1000.0,6000.0,2,,0,0,0,0,0,0.6031495169551968,124000.0,-118000.0,-170000.0,-52000.0,50.0,False,False,PASS_SUBSET_GROSS_FLOWS
761806,2005-03-31,12044627.0,2464.0,1371.0,1159154.0,0.0913,1781338.0,0.10355910632135996,17201172.0,8979470.0,2325.0,1309.0,1016.0,3,,0,0,0,0,0,0.7455166523629166,1093.0,-77.0,-139.0,-62.0,50.0,False,False,PASS_SUBSET_GROSS_FLOWS
761806,2005-06-30,12049621.0,1811.0,2114.0,1183904.0,0.0926,1814479.0,0.10525140701790513,17239475.0,9048067.0,1621.0,2099.0,-478.0,3,,0,0,0,0,0,0.7509005469964574,-303.0,-175.0,-190.0,-15.0,50.0,False,False,PASS_SUBSET_GROSS_FLOWS
761806,2005-09-30,12446730.0,2719.0,949.0,1205300.0,0.0912,1822385.0,0.10350366539688478,17606961.0,9460629.0,2581.0,932.0,1649.0,3,,0,0,0,0,0,0.7600895174877257,1770.0,-121.0,-138.0,-17.0,50.0,False,False,PASS_SUBSET_GROSS_FLOWS
761806,2005-12-31,12553279.0,3535.0,2115.0,1177364.0,0.0862,1782418.0,0.10127766300061593,17599320.0,9592682.0,3382.0,2074.0,1308.0,3,,0,0,0,0,0,0.7641574763055932,1420.0,-112.0,-153.0,-41.0,50.0,False,False,PASS_SUBSET_GROSS_FLOWS
761806,2006-03-31,12791853.0,2067.0,391.0,1149747.0,0.0833,1748135.0,0.09894585521331939,17667592.0,9884649.0,1762.0,379.0,1383.0,3,,0,0,0,0,0,0.7727300337175544,1676.0,-293.0,-305.0,-12.0,50.0,False,False,PASS_SUBSET_GROSS_FLOWS
761806,2006-06-30,12984765.0,3078.0,593.0,1150297.0,0.0828,1740081.0,0.09799314316452773,17757171.0,10143102.0,2839.0,567.0,2272.0,3,,0,0,0,0,0,0.7811540678633768,2485.0,-213.0,-239.0,-26.0,50.0,False,False,PASS_SUBSET_GROSS_FLOWS
761806,2006-09-30,13330859.0,3678.0,539.0,1144400.0,0.0808,1779418.0,0.09949440868214966,17884603.0,10571968.0,3357.0,502.0,2855.0,3,,0,0,1,0,1,0.7930447692830597,3139.0,-284.0,-321.0,-37.0,50.0,False,False,PASS_SUBSET_GROSS_FLOWS
761806,2006-12-31,13278290.0,10007.0,945.0,1220205.0,0.0872,1974499.0,0.11719770500126694,16847591.0,10529810.0,9654.0,916.0,8738.0,3,,0,0,0,0,0,0.7930094914330084,9062.0,-324.0,-353.0,-29.0,50.0,False,False,PASS_SUBSET_GROSS_FLOWS
761806,2007-03-31,12759281.0,6867.0,1533.0,1203620.0,0.088,1955730.0,0.1176283712608892,16626346.0,10102023.0,4964.0,1367.0,3597.0,3,,0,0,0,0,0,0.7917392053674498,5334.0,-1737.0,-1903.0,-166.0,50.0,False,False,PASS_SUBSET_GROSS_FLOWS
761806,2007-06-30,12813163.0,5496.0,1336.0,1221188.0,0.0881,1968919.0,0.11750954035884677,16755397.0,9757208.0,2713.0,911.0,1802.0,3,,0,0,0,0,0,0.7614987805899293,4160.0,-2358.0,-2783.0,-425.0,50.0,False,False,PASS_SUBSET_GROSS_FLOWS
761806,2007-09-30,12632178.0,5007.0,1018.0,1231664.0,0.085,1975197.0,0.11861542582984534,16652109.0,9469114.0,3272.0,679.0,2593.0,3,,0,0,0,0,0,0.7496026417613811,3989.0,-1396.0,-1735.0,-339.0,50.0,False,False,PASS_SUBSET_GROSS_FLOWS
761806,2007-12-31,12697540.0,13286.0,1611.0,1215246.0,0.0842,1953766.0,0.11449392429744232,17064364.0,9396075.0,11176.0,1286.0,9890.0,3,,0,0,0,0,0,0.7399917621838561,11675.0,-1785.0,-2110.0,-325.0,50.0,False,False,PASS_SUBSET_GROSS_FLOWS
761806,2008-03-31,12591200.0,24405.0,827.0,1248379.0,0.0881,1958168.0,0.1146743387641439,17075904.0,8497047.0,4138.0,50.0,4088.0,2,,0,0,0,0,0,0.6748401264375119,23578.0,-19490.0,-20267.0,-777.0,50.0,False,False,PASS_SUBSET_GROSS_FLOWS
761806,2008-06-30,12752425.0,22137.0,1697.0,1234976.0,0.0933,1933106.0,0.11140645618321202,17351831.0,8455462.0,3767.0,183.0,3584.0,2,,0,0,0,0,0,0.663047381184363,20440.0,-16856.0,-18370.0,-1514.0,50.0,False,False,PASS_SUBSET_GROSS_FLOWS
761806,2008-09-30,12851651.0,42054.0,855.0,1234335.0,0.0925,1885452.0,0.10843762225064377,17387434.0,8389384.0,21938.0,440.0,21498.0,3,,0,0,0,0,0,0.6527864785621708,41199.0,-19701.0,-20116.0,-415.0,50.0,False,False,PASS_SUBSET_GROSS_FLOWS
761806,2008-12-31,12194130.0,54247.0,1407.0,1248727.0,0.0957,1697428.0,0.09710595392583274,17480164.0,7769632.0,13233.0,657.0,12576.0,3,,0,0,0,0,0,0.6371616507286703,52840.0,-40264.0,-41014.0,-750.0,50.0,False,False,PASS_SUBSET_GROSS_FLOWS
761806,2009-03-31,12126368.0,32155.0,2055.0,1328116.0,0.0991,1802551.0,0.1050614278682634,17157115.0,9609753.0,20608.0,1187.0,19421.0,3,,0,0,0,0,0,0.7924675385078204,30100.0,-10679.0,-11547.0,-868.0,50.0,False,False,PASS_SUBSET_GROSS_FLOWS
761806,2009-06-30,11706661.0,52200.0,2270.0,1287605.0,0.1017,1811433.0,0.10418438125474498,17386800.0,9209370.0,36208.0,1103.0,35105.0,3,,0,0,0,0,0,0.7866777725945938,49930.0,-14825.0,-15992.0,-1167.0,50.0,False,False,PASS_SUBSET_GROSS_FLOWS
761806,2009-09-30,11344627.0,66963.0,2370.0,1194790.0,0.0967,1825806.0,0.10295357022388184,17734266.0,8882080.0,51533.0,1946.0,49587.0,3,,0,0,0,0,0,0.7829327486923986,64593.0,-15006.0,-15430.0,-424.0,50.0,False,False,PASS_SUBSET_GROSS_FLOWS
761806,2009-12-31,11036247.0,54581.0,2828.0,1265427.0,0.1047,1824163.0,0.10306462744251652,17699215.0,8661085.0,31705.0,1802.0,29903.0,3,,0,0,0,0,0,0.784785353209293,51753.0,-21850.0,-22876.0,-1026.0,50.0,False,False,PASS_SUBSET_GROSS_FLOWS
761806,2010-03-31,10909270.0,43076.0,2763.0,1364306.0,0.1138,1929982.0,0.10734825098588886,17978700.0,8525087.0,25530.0,1956.0,23574.0,3,,0,0,0,0,0,0.7814534794720454,40313.0,-16739.0,-17546.0,-807.0,50.0,False,False,PASS_SUBSET_GROSS_FLOWS
761806,2010-06-30,10849563.0,35977.0,4193.0,1375476.0,0.1174,1955702.0,0.11056255461483289,17688647.0,8519059.0,24055.0,3043.0,21012.0,3,,0,0,0,0,0,0.7851983531502605,31784.0,-10772.0,-11922.0,-1150.0,50.0,False,False,PASS_SUBSET_GROSS_FLOWS
761806,2010-09-30,10903131.0,34451.0,5705.0,1391002.0,0.1189,1986776.0,0.11196985636767495,17743847.0,8604020.0,24503.0,4355.0,20148.0,3,,0,0,0,0,0,0.7891329563957362,28746.0,-8598.0,-9948.0,-1350.0,50.0,False,False,PASS_SUBSET_GROSS_FLOWS
761806,2010-12-31,11057429.0,37171.0,3495.0,1457794.0,0.1239,2014403.0,0.11204611905727882,17978338.0,8794664.0,22714.0,2874.0,19840.0,3,,0,0,0,0,0,0.7953624662658924,33676.0,-13836.0,-14457.0,-621.0,50.0,False,False,PASS_SUBSET_GROSS_FLOWS
761806,2011-03-31,11005748.0,37943.0,4226.0,1485729.0,0.1284,2034145.0,0.11349032639254253,17923510.0,8792159.0,17091.0,672.0,16419.0,2,,0,0,0,0,0,0.7988697360688252,33717.0,-17298.0,-20852.0,-3554.0,50.0,False,False,PASS_SUBSET_GROSS_FLOWS
761806,2011-06-30,11021136.0,26397.0,4692.0,1509510.0,0.1307,2050958.0,0.11544335574984134,17765925.0,8813840.0,13320.0,949.0,12371.0,2,,0,0,0,0,0,0.7997215532046787,21705.0,-9334.0,-13077.0,-3743.0,50.0,False,False,PASS_SUBSET_GROSS_FLOWS
761806,2011-09-30,11078358.0,33815.0,4924.0,1492174.0,0.1269,2001749.0,0.11010836252460078,18179809.0,8881200.0,11508.0,983.0,10525.0,2,,0,0,0,0,0,0.8016711501830867,28891.0,-18366.0,-22307.0,-3941.0,50.0,False,False,PASS_SUBSET_GROSS_FLOWS
761806,2011-12-31,11282806.0,31175.0,4810.0,1494529.0,0.124,1975769.0,0.10580130996907305,18674334.0,9090421.0,14209.0,1652.0,12557.0,2,,0,0,0,0,0,0.8056879645010293,26365.0,-13808.0,-16966.0,-3158.0,50.0,False,False,PASS_SUBSET_GROSS_FLOWS
761806,2012-03-31,11371773.0,34643.0,7444.0,1471049.0,0.1171,1964630.0,0.10280903098080808,19109508.0,9176555.0,13012.0,2780.0,10232.0,2,,0,0,0,0,0,0.8069590379618025,27199.0,-16967.0,-21631.0,-4664.0,50.0,False,False,PASS_SUBSET_GROSS_FLOWS
761806,2012-06-30,11629232.0,22207.0,5676.0,1497991.0,0.1164,1993235.0,0.1027318767261804,19402303.0,9443071.0,11402.0,2276.0,9126.0,2,,0,0,0,0,0,0.8120115756569307,16531.0,-7405.0,-10805.0,-3400.0,50.0,False,False,PASS_SUBSET_GROSS_FLOWS
761806,2012-09-30,11818870.0,23980.0,6312.0,1528224.0,0.117,2037858.0,0.1034314112123605,19702506.0,9611865.0,10757.0,977.0,9780.0,2,,0,0,0,0,0,0.8132642968405609,17668.0,-7888.0,-13223.0,-5335.0,50.0,False,False,PASS_SUBSET_GROSS_FLOWS
761806,2012-12-31,12136339.0,23372.0,6912.0,1551238.0,0.116,2056523.0,0.10224799383128072,20113089.0,9896985.0,8538.0,558.0,7980.0,2,,0,0,0,0,0,0.8154835655134551,16460.0,-8480.0,-14834.0,-6354.0,50.0,False,False,PASS_SUBSET_GROSS_FLOWS
761806,2013-03-31,12098743.0,21529.0,4740.0,1578247.0,0.1184,2083109.0,0.1037627339925218,20075695.0,9838575.0,11506.0,1714.0,9792.0,2,,0,0,0,0,0,0.8131898495570986,16789.0,-6997.0,-10023.0,-3026.0,50.0,False,False,PASS_SUBSET_GROSS_FLOWS
761806,2013-06-30,12327291.0,18113.0,5215.0,1599922.0,0.1193,2069471.0,0.10197326326554254,20294251.0,10040747.0,7539.0,2031.0,5508.0,2,,0,0,0,0,0,0.8145136672769386,12898.0,-7390.0,-10574.0,-3184.0,50.0,False,False,PASS_SUBSET_GROSS_FLOWS
761806,2013-09-30,12518172.0,16952.0,2555.0,1629406.0,0.1202,2104850.0,0.10230804440106425,20573651.0,10239250.0,10203.0,921.0,9282.0,2,,0,0,0,0,0,0.8179508957058587,14397.0,-5115.0,-6749.0,-1634.0,50.0,False,False,PASS_SUBSET_GROSS_FLOWS
761806,2013-12-31,12720590.0,18865.0,4893.0,1658466.0,0.1202,2141389.0,0.10279861473186509,20830913.0,10336492.0,10076.0,1756.0,8320.0,2,,0,0,0,0,0,0.8125796051912686,13972.0,-5652.0,-8789.0,-3137.0,50.0,False,False,PASS_SUBSET_GROSS_FLOWS
761806,2014-03-31,13009388.0,11597.0,3624.0,,,2203872.0,0.10418725181701255,21152991.0,10582826.0,5648.0,1078.0,4570.0,2,,0,0,0,0,0,0.8134760835790277,7973.0,-3403.0,-5949.0,-2546.0,50.0,False,False,PASS_SUBSET_GROSS_FLOWS
761806,2014-06-30,13306964.0,11278.0,3296.0,,,2219399.0,0.10322040459124046,21501553.0,10776474.0,4335.0,1279.0,3056.0,2,,0,0,0,0,0,0.8098371649611437,7982.0,-4926.0,-6943.0,-2017.0,50.0,False,False,PASS_SUBSET_GROSS_FLOWS
761806,2014-09-30,13539348.0,11567.0,3681.0,,,2236185.0,0.10251138064117214,21814017.0,10974582.0,3345.0,1508.0,1837.0,2,,0,0,0,0,0,0.8105694602132983,7886.0,-6049.0,-8222.0,-2173.0,50.0,False,False,PASS_SUBSET_GROSS_FLOWS
761806,2014-12-31,13967994.0,9984.0,3266.0,,,2248776.0,0.09988783375587416,22513012.0,11391987.0,5055.0,1028.0,4027.0,2,,0,0,0,0,0,0.8155778846984041,6718.0,-2691.0,-4929.0,-2238.0,50.0,False,False,PASS_SUBSET_GROSS_FLOWS
761806,2015-03-31,14316102.0,9674.0,2630.0,1784448.0,,2288985.0,0.09915665606736147,23084532.0,11745200.0,6195.0,865.0,5330.0,2,,0,0,0,0,0,0.8204188542383953,7044.0,-1714.0,-3479.0,-1765.0,50.0,False,False,PASS_SUBSET_GROSS_FLOWS
761806,2015-06-30,14840822.0,8961.0,2101.0,1821152.0,,2314850.0,0.09801702312453973,23616816.0,12180148.0,3707.0,855.0,2852.0,2,,0,0,0,0,0,0.8207192297030448,6860.0,-4008.0,-5254.0,-1246.0,50.0,False,False,PASS_SUBSET_GROSS_FLOWS
761806,2015-09-30,15254866.0,9969.0,2101.0,1836515.0,,2330676.0,0.09688978387789275,24054920.0,12632014.0,4951.0,858.0,4093.0,2,,0,0,0,0,0,0.828064566414415,7868.0,-3775.0,-5018.0,-1243.0,50.0,False,False,PASS_SUBSET_GROSS_FLOWS
761806,2015-12-31,15708840.0,14957.0,3155.0,1869241.0,,2344255.0,0.09503912822598722,24666209.0,13008302.0,5747.0,1109.0,4638.0,2,,0,0,0,0,0,0.828088006498252,11802.0,-7164.0,-9210.0,-2046.0,50.0,False,False,PASS_SUBSET_GROSS_FLOWS
761806,2016-03-31,15888787.0,18900.0,2511.0,1888255.0,,2378012.0,0.09545348666987546,24912783.0,13225962.0,4883.0,1779.0,3104.0,2,,0,0,0,0,0,0.8324085406897329,16389.0,-13285.0,-14017.0,-732.0,50.0,False,False,PASS_SUBSET_GROSS_FLOWS
761806,2016-06-30,16325392.0,9784.0,2011.0,1891745.0,,2392264.0,0.0952756422002692,25108873.0,13519028.0,3219.0,1163.0,2056.0,2,,0,0,0,0,0,0.8280982165696236,7773.0,-5717.0,-6565.0,-848.0,50.0,False,False,PASS_SUBSET_GROSS_FLOWS
761806,2016-09-30,16689990.0,9424.0,2671.0,1919417.0,,2423041.0,0.0945690901378051,25621913.0,13860561.0,2558.0,1698.0,860.0,2,,0,0,0,0,0,0.8304714981854393,6753.0,-5893.0,-6866.0,-973.0,50.0,False,False,PASS_SUBSET_GROSS_FLOWS
761806,2016-12-31,17094176.0,8804.0,2699.0,1945332.0,,2424103.0,0.09304059441202128,26054251.0,14243449.0,2952.0,1357.0,1595.0,2,,0,0,0,0,0,0.8332340207565431,6105.0,-4510.0,-5852.0,-1342.0,50.0,False,False,PASS_SUBSET_GROSS_FLOWS
761806,2017-03-31,17123203.0,7616.0,1903.0,1995930.0,,2480192.0,0.09542193679763301,25991843.0,14201554.0,2611.0,1246.0,1365.0,2,,0,0,0,0,0,0.8293748546927815,5713.0,-4348.0,-5005.0,-657.0,50.0,False,False,PASS_SUBSET_GROSS_FLOWS
761806,2017-06-30,17313063.0,8640.0,1861.0,2042747.0,,2530767.0,0.09671253349328483,26167932.0,14438373.0,2195.0,1118.0,1077.0,2,,0,0,0,0,0,0.8339583238390572,6779.0,-5702.0,-6445.0,-743.0,50.0,False,False,PASS_SUBSET_GROSS_FLOWS
761806,2017-09-30,17479287.0,10654.0,2729.0,2061764.0,,2551603.0,0.09685149137874328,26345521.0,14671058.0,2666.0,1480.0,1186.0,2,,0,0,0,0,0,0.8393396137954597,7925.0,-6739.0,-7988.0,-1249.0,50.0,False,False,PASS_SUBSET_GROSS_FLOWS
761806,2017-12-31,17544754.0,18017.0,3208.0,2114224.0,,2584573.0,0.097575499482217,26487930.0,14681081.0,10520.0,1446.0,9074.0,2,,0,0,0,0,0,0.8367789596821933,14809.0,-5735.0,-7497.0,-1762.0,50.0,False,False,PASS_SUBSET_GROSS_FLOWS
761806,2018-03-31,17825326.0,7610.0,1965.0,2062650.0,,2545260.0,0.0951572665564301,26747931.0,15049952.0,2473.0,1319.0,1154.0,2,,0,0,0,0,0,0.8443016413837257,5645.0,-4491.0,-5137.0,-646.0,50.0,False,False,PASS_SUBSET_GROSS_FLOWS
761806,2018-06-30,18044284.0,11398.0,2871.0,2100537.0,,2574250.0,0.09518407585293602,27044965.0,15263820.0,2433.0,1141.0,1292.0,2,,0,0,0,0,0,0.845908876184835,8527.0,-7235.0,-8965.0,-1730.0,50.0,False,False,PASS_SUBSET_GROSS_FLOWS
761806,2018-09-30,18338168.0,8535.0,2545.0,2137249.0,,2598391.0,0.0949656517652602,27361377.0,15580281.0,3961.0,1110.0,2851.0,2,,0,0,0,0,0,0.8496094593527554,5990.0,-3139.0,-4574.0,-1435.0,50.0,False,False,PASS_SUBSET_GROSS_FLOWS
761806,2018-12-31,18480008.0,15844.0,6365.0,2170566.0,,2632162.0,0.09531690031570332,27614851.0,15700509.0,1994.0,1849.0,145.0,2,,0,0,0,0,0,0.8495942750674134,9479.0,-9334.0,-13850.0,-4516.0,50.0,False,False,PASS_SUBSET_GROSS_FLOWS
761806,2019-03-31,18837727.0,13033.0,3469.0,2496047.0,,2984852.0,0.10566926549244886,28247116.0,16143051.0,2115.0,1347.0,768.0,2,,0,0,0,0,0,0.8569532300791917,9564.0,-8796.0,-10918.0,-2122.0,50.0,False,False,PASS_SUBSET_GROSS_FLOWS
761806,2019-06-30,19291922.0,14382.0,2764.0,2574538.0,,3097146.0,0.10695504466966987,28957456.0,16501047.0,5645.0,1306.0,4339.0,2,,0,0,0,0,0,0.8553345280993776,11618.0,-7279.0,-8737.0,-1458.0,50.0,False,False,PASS_SUBSET_GROSS_FLOWS
761806,2019-09-30,19581367.0,15960.0,2141.0,2617731.0,,3168097.0,0.10586041061488112,29927118.0,16739923.0,1377.0,878.0,499.0,2,,0,0,0,0,0,0.8548904169969339,13819.0,-13320.0,-14583.0,-1263.0,50.0,False,False,PASS_SUBSET_GROSS_FLOWS
761806,2019-12-31,20075390.0,9103.0,3047.0,2527645.0,,3077699.0,0.10119914299157154,30412303.0,17287548.0,1462.0,1961.0,-499.0,2,,0,0,0,0,0,0.8611313653184322,6056.0,-6555.0,-7641.0,-1086.0,50.0,False,False,PASS_SUBSET_GROSS_FLOWS
761806,2020-03-31,20916392.0,10161.0,2343.0,2596274.0,,3085480.0,0.09746275835576813,31658041.0,18029672.0,2068.0,1220.0,848.0,2,,0,0,0,0,0,0.8619876697663728,7818.0,-6970.0,-8093.0,-1123.0,50.0,False,False,PASS_SUBSET_GROSS_FLOWS
761806,2020-06-30,21851630.0,18074.0,1662.0,2666184.0,,3213594.0,0.09820518204434564,32723263.0,18953853.0,417.0,799.0,-382.0,2,,0,0,1,0,1,0.8673885197580227,16412.0,-16794.0,-17657.0,-863.0,50.0,False,False,PASS_SUBSET_GROSS_FLOWS
761806,2020-09-30,21886260.0,15757.0,4293.0,2744235.0,,3301911.0,0.09995354547385311,33034456.0,18946324.0,2124.0,1504.0,620.0,2,,0,0,0,0,0,0.8656720700567387,11464.0,-10844.0,-13633.0,-2789.0,50.0,False,False,PASS_SUBSET_GROSS_FLOWS
761806,2020-12-31,21659945.0,11341.0,1954.0,2791474.0,,3338715.0,0.102341110981688,32623400.0,18779073.0,1164.0,1234.0,-70.0,2,,0,0,0,0,0,0.8669954148083017,9387.0,-9457.0,-10177.0,-720.0,50.0,False,False,PASS_SUBSET_GROSS_FLOWS
761806,2021-03-31,21324405.0,9295.0,3974.0,2842608.0,,3362135.0,0.10096633394460258,33299565.0,18663441.0,6144.0,1843.0,4301.0,2,,0,0,0,0,0,0.8752150880645908,5321.0,-1020.0,-3151.0,-2131.0,50.0,False,False,PASS_SUBSET_GROSS_FLOWS
761806,2021-06-30,21479336.0,3402.0,4570.0,2897545.0,,3418017.0,0.10131246713956253,33737378.0,18945801.0,1327.0,2958.0,-1631.0,2,,0,0,0,0,0,0.8820477970082502,-1168.0,-463.0,-2075.0,-1612.0,50.0,False,False,PASS_SUBSET_GROSS_FLOWS
761806,2021-09-30,21605304.0,3776.0,2855.0,2961510.0,,3473546.0,0.0982499409758603,35354179.0,19059767.0,435.0,1885.0,-1450.0,2,,0,0,0,0,0,0.8821799961713105,921.0,-2371.0,-3341.0,-970.0,50.0,False,False,PASS_SUBSET_GROSS_FLOWS
761806,2021-12-31,22276423.0,2181.0,3426.0,3034883.0,,3524521.0,0.10100930463683108,34893033.0,19603616.0,327.0,2519.0,-2192.0,2,,0,0,0,0,0,0.88001632937209,-1245.0,-947.0,-1854.0,-907.0,50.0,False,False,PASS_SUBSET_GROSS_FLOWS
761806,2022-03-31,43554455.0,12367.0,3437.0,6376845.0,,8722077.0,0.134156370220262,65014259.0,37712492.0,1318.0,1553.0,-235.0,2,,0,0,0,0,0,0.8658699092894171,8930.0,-9165.0,-11049.0,-1884.0,50.0,False,False,PASS_SUBSET_GROSS_FLOWS
761806,2022-06-30,45647131.0,19653.0,10055.0,6473249.0,,8604868.0,0.12753942410790584,67468299.0,38873745.0,8799.0,8505.0,294.0,2,,0,0,0,0,0,0.8516142011203289,9598.0,-9304.0,-10854.0,-1550.0,50.0,False,False,PASS_SUBSET_GROSS_FLOWS
761806,2022-09-30,47824773.0,32810.0,4283.0,6487577.0,,8354197.0,0.12116170889498863,68950802.0,40386006.0,5430.0,2396.0,3034.0,2,,0,0,0,0,0,0.8444578712375697,28527.0,-25493.0,-27380.0,-1887.0,50.0,False,False,PASS_SUBSET_GROSS_FLOWS
761806,2022-12-31,49766417.0,22692.0,2459.0,6661504.0,,8573469.0,0.12047079259487312,71166370.0,42380231.0,14197.0,951.0,13246.0,2,,0,0,0,0,0,0.8515829258915706,20233.0,-6987.0,-8495.0,-1508.0,50.0,False,False,PASS_SUBSET_GROSS_FLOWS
761806,2023-03-31,51137247.0,27508.0,2988.0,6605427.0,,8819329.0,0.11791618283816512,74793203.0,43470512.0,26688.0,2674.0,24014.0,3,,0,0,0,0,0,0.8500753276765173,24520.0,-506.0,-820.0,-314.0,50.0,False,False,PASS_SUBSET_GROSS_FLOWS
761806,2023-06-30,51637010.0,23030.0,2778.0,6780817.0,,8853402.0,0.11967769029328368,73977046.0,43620126.0,22116.0,2167.0,19949.0,3,,0,0,0,1,1,0.8447453870779892,20252.0,-303.0,-914.0,-611.0,50.0,False,False,PASS_SUBSET_GROSS_FLOWS
761806,2023-09-30,50134413.0,31002.0,1689.0,6790765.0,,8657607.0,0.11849567064668505,73062644.0,41323632.0,27739.0,1215.0,26524.0,3,,0,0,0,0,0,0.8242568233520556,29313.0,-2789.0,-3263.0,-474.0,50.0,False,False,PASS_SUBSET_GROSS_FLOWS
761806,2023-12-31,50732593.0,35672.0,1671.0,6913443.0,,9131026.0,0.12194942661762562,74875514.0,42190491.0,34036.0,1380.0,32656.0,3,,0,0,0,0,0,0.8316249674050763,34001.0,-1345.0,-1636.0,-291.0,50.0,False,False,PASS_SUBSET_GROSS_FLOWS
761806,2024-03-31,51338405.0,39791.0,2302.0,6588389.0,,9128855.0,0.11997314367261197,76090821.0,42709773.0,38532.0,1946.0,36586.0,3,,0,0,0,0,0,0.8319263716899659,37489.0,-903.0,-1259.0,-356.0,50.0,False,False,PASS_SUBSET_GROSS_FLOWS
761806,2024-06-30,51821602.0,34774.0,1646.0,6674116.0,,9193574.0,0.11976958411699912,76760507.0,43111748.0,33385.0,1201.0,32184.0,3,,0,0,0,0,0,0.831926191706694,33128.0,-944.0,-1389.0,-445.0,50.0,False,False,PASS_SUBSET_GROSS_FLOWS
761806,2024-09-30,52064630.0,37359.0,1933.0,6815676.0,,9562655.0,0.12047247069454652,79376267.0,43247154.0,36437.0,1367.0,35070.0,3,,0,0,0,0,0,0.8306436442552266,35426.0,-356.0,-922.0,-566.0,50.0,False,False,PASS_SUBSET_GROSS_FLOWS
761806,2024-12-31,52532802.0,64546.0,3675.0,6847474.0,,9377808.0,0.11877075752407826,78957213.0,43201194.0,63641.0,3438.0,60203.0,3,,0,0,0,0,0,0.8223660713928794,60871.0,-668.0,-905.0,-237.0,50.0,False,False,PASS_SUBSET_GROSS_FLOWS
761806,2025-03-31,53120072.0,56618.0,1661.0,6988372.0,,9632458.0,0.12008735241346523,80212094.0,40816535.0,55640.0,1330.0,54310.0,3,,0,0,0,0,0,0.7683825240297114,54957.0,-647.0,-978.0,-331.0,50.0,False,False,PASS_SUBSET_GROSS_FLOWS
761806,2025-06-30,53950367.0,41238.0,4837.0,7076737.0,,9724100.0,0.11881481413419397,81842488.0,41209831.0,39559.0,4302.0,35257.0,3,,0,0,0,0,0,0.7638470930142144,36401.0,-1144.0,-1679.0,-535.0,50.0,False,False,PASS_SUBSET_GROSS_FLOWS
761806,2025-09-30,55127467.0,40323.0,1599.0,7161572.0,,9859502.0,0.11864993858713158,83097405.0,41508518.0,38311.0,968.0,37343.0,3,,0,0,0,0,0,0.7529552917785974,38724.0,-1381.0,-2012.0,-631.0,50.0,False,False,PASS_SUBSET_GROSS_FLOWS
761806,2025-12-31,56611996.0,51481.0,1991.0,7007352.0,,9774130.0,0.11637882678414858,83985466.0,42160875.0,47870.0,1182.0,46688.0,3,,0,0,0,0,0,0.7447339429614882,49490.0,-2802.0,-3611.0,-809.0,50.0,False,False,PASS_SUBSET_GROSS_FLOWS
936855,2005-03-31,2480868.0,3013.0,457.0,515407.0,0.1439,536933.0,0.09242637458353452,5809305.0,1185207.0,1425.0,12.0,1413.0,3,,0,0,0,0,0,0.47773883979316917,2556.0,-1143.0,-1588.0,-445.0,50.0,False,False,PASS_SUBSET_GROSS_FLOWS
936855,2005-06-30,2717063.0,2407.0,618.0,526582.0,0.1366,555348.0,0.093782755900685,5921643.0,1342009.0,557.0,139.0,418.0,3,,0,0,0,0,0,0.49391898531612993,1789.0,-1371.0,-1850.0,-479.0,50.0,False,False,PASS_SUBSET_GROSS_FLOWS
936855,2005-09-30,2847342.0,2014.0,500.0,525467.0,0.131296,548494.0,0.09085388679995363,6037100.0,1384961.0,187.0,73.0,114.0,3,,0,0,0,0,0,0.4864048646070616,1514.0,-1400.0,-1827.0,-427.0,50.0,False,False,PASS_SUBSET_GROSS_FLOWS
936855,2005-12-31,2864092.0,2305.0,615.0,529155.0,0.12368,549326.0,0.07743636717845834,7093902.0,1368625.0,43.0,159.0,-116.0,3,,0,0,0,0,0,0.47785650740269514,1690.0,-1806.0,-2262.0,-456.0,50.0,False,False,PASS_SUBSET_GROSS_FLOWS
936855,2006-03-31,2872013.0,3955.0,616.0,528001.0,0.124804,545107.0,0.08360775322731599,6519814.0,1390960.0,2597.0,83.0,2514.0,3,,0,0,0,0,0,0.4843153565112693,3339.0,-825.0,-1358.0,-533.0,50.0,False,False,PASS_SUBSET_GROSS_FLOWS
936855,2006-06-30,3011742.0,2286.0,617.0,529943.0,0.118671,539480.0,0.08256421040130296,6534066.0,1455856.0,930.0,133.0,797.0,3,,0,0,0,0,0,0.4833933318325408,1669.0,-872.0,-1356.0,-484.0,50.0,False,False,PASS_SUBSET_GROSS_FLOWS
936855,2006-09-30,3034572.0,3527.0,1048.0,531284.0,0.12243,558214.0,0.08944603336339897,6240791.0,1389673.0,1437.0,156.0,1281.0,3,,0,0,0,0,0,0.4579469526509834,2479.0,-1198.0,-2090.0,-892.0,50.0,False,False,PASS_SUBSET_GROSS_FLOWS
936855,2006-12-31,2977766.0,2531.0,2303.0,530123.0,0.11614,555429.0,0.0736036055137539,7546220.0,1356035.0,492.0,1847.0,-1355.0,3,,0,0,0,0,0,0.4553866892160096,228.0,-1583.0,-2039.0,-456.0,50.0,False,False,PASS_SUBSET_GROSS_FLOWS
936855,2007-03-31,3087766.0,2544.0,822.0,526896.0,0.119172,557908.0,0.0848736588739394,6573394.0,1463986.0,23.0,72.0,-49.0,3,,0,0,0,0,0,0.47412465840999607,1722.0,-1771.0,-2521.0,-750.0,50.0,False,False,PASS_SUBSET_GROSS_FLOWS
936855,2007-06-30,3168295.0,2384.0,818.0,529645.0,0.116366,549546.0,0.08291369489831513,6627928.0,1545034.0,124.0,37.0,87.0,3,,0,0,0,0,0,0.48765471649578085,1566.0,-1479.0,-2260.0,-781.0,50.0,False,False,PASS_SUBSET_GROSS_FLOWS
936855,2007-09-30,3204294.0,2805.0,777.0,532631.0,0.118111,569274.0,0.0862088600042281,6603428.0,1559640.0,572.0,64.0,508.0,3,,0,0,0,0,0,0.4867343633262116,2028.0,-1520.0,-2233.0,-713.0,50.0,False,False,PASS_SUBSET_GROSS_FLOWS
936855,2007-12-31,3176669.0,3708.0,1141.0,533871.0,0.113276,581985.0,0.0716390186678615,8123855.0,1567570.0,1320.0,311.0,1009.0,3,,0,0,0,0,0,0.4934634360709284,2567.0,-1558.0,-2388.0,-830.0,50.0,False,False,PASS_SUBSET_GROSS_FLOWS
936855,2008-03-31,3374264.0,2767.0,1225.0,562663.0,0.118319,629357.0,0.0815636881747381,7716142.0,1683586.0,16.0,353.0,-337.0,3,,0,0,0,0,0,0.4989491041601961,1542.0,-1879.0,-2751.0,-872.0,50.0,False,False,PASS_SUBSET_GROSS_FLOWS
936855,2008-06-30,3299812.0,5261.0,1004.0,554421.0,0.116836,603833.0,0.07848360493268104,7693747.0,1670603.0,2404.0,119.0,2285.0,3,,0,0,0,0,0,0.5062721755057561,4257.0,-1972.0,-2857.0,-885.0,50.0,False,False,PASS_SUBSET_GROSS_FLOWS
936855,2008-09-30,3432280.0,3334.0,1036.0,553917.0,0.112508,604308.0,0.07506733051659627,8050213.0,1749901.0,258.0,130.0,128.0,3,,0,0,0,0,0,0.5098363187152564,2298.0,-2170.0,-3076.0,-906.0,50.0,False,False,PASS_SUBSET_GROSS_FLOWS
936855,2008-12-31,3583977.0,4160.0,1050.0,556357.0,0.10884,626164.0,0.06760034348390011,9262734.0,1892495.0,753.0,303.0,450.0,3,,0,0,0,0,0,0.5280432882242269,3110.0,-2660.0,-3407.0,-747.0,50.0,False,False,PASS_SUBSET_GROSS_FLOWS
936855,2009-03-31,3513256.0,5427.0,1176.0,559978.0,0.11503,635056.0,0.07300278823068916,8699065.0,2487070.0,1289.0,351.0,938.0,3,,0,0,0,0,0,0.7079102689926382,4251.0,-3313.0,-4138.0,-825.0,50.0,False,False,PASS_SUBSET_GROSS_FLOWS
936855,2009-06-30,3543144.0,5845.0,1016.0,555350.0,0.11465,629212.0,0.07504065618534546,8384948.0,2540100.0,675.0,241.0,434.0,3,,0,0,0,0,0,0.7169056634446694,4829.0,-4395.0,-5170.0,-775.0,50.0,False,False,PASS_SUBSET_GROSS_FLOWS
936855,2009-09-30,3506824.0,5158.0,1028.0,523827.0,0.10839,611146.0,0.0708930894126455,8620671.0,2508187.0,868.0,101.0,767.0,3,,0,0,0,0,0,0.7152303622879278,4130.0,-3363.0,-4290.0,-927.0,50.0,False,False,PASS_SUBSET_GROSS_FLOWS
936855,2009-12-31,3504026.0,6752.0,817.0,528556.0,0.104694,615581.0,0.06023574469667392,10219530.0,2474374.0,2110.0,126.0,1984.0,3,,0,0,0,0,0,0.7061517237600405,5935.0,-3951.0,-4642.0,-691.0,50.0,False,False,PASS_SUBSET_GROSS_FLOWS
936855,2010-03-31,3491894.0,5615.0,895.0,549763.0,0.109595,633166.0,0.06949179366721477,9111378.0,2490904.0,1032.0,78.0,954.0,3,,0,0,0,0,0,0.7133389501514078,4720.0,-3766.0,-4583.0,-817.0,50.0,False,False,PASS_SUBSET_GROSS_FLOWS
936855,2010-06-30,3612706.0,5828.0,868.0,562268.0,0.108136,673680.0,0.07124726390010662,9455521.0,2570674.0,1369.0,61.0,1308.0,3,,0,0,0,0,0,0.7115646830935038,4960.0,-3652.0,-4459.0,-807.0,50.0,False,False,PASS_SUBSET_GROSS_FLOWS
936855,2010-09-30,3739838.0,5569.0,849.0,580671.0,0.111735,696762.0,0.07336336186777638,9497411.0,2673299.0,1168.0,127.0,1041.0,3,,0,0,0,0,0,0.7148167915294726,4720.0,-3679.0,-4401.0,-722.0,50.0,False,False,PASS_SUBSET_GROSS_FLOWS
936855,2010-12-31,3724658.0,6098.0,849.0,595432.0,0.108345,679793.0,0.0635654784468918,10694374.0,2629006.0,1369.0,116.0,1253.0,3,,0,0,0,0,0,0.7058382272949624,5249.0,-3996.0,-4729.0,-733.0,50.0,False,False,PASS_SUBSET_GROSS_FLOWS
936855,2011-03-31,3793246.0,9345.0,1238.0,617996.0,0.111944,696009.0,0.06128467932765941,11356982.0,2739818.0,5179.0,70.0,5109.0,3,,0,0,0,0,0,0.7222885096300108,8107.0,-2998.0,-4166.0,-1168.0,50.0,False,False,PASS_SUBSET_GROSS_FLOWS
936855,2011-06-30,3830967.0,6218.0,1180.0,627343.0,0.111055,729282.0,0.06825508809176226,10684654.0,2723262.0,2244.0,101.0,2143.0,3,,0,0,1,0,1,0.7108549877876786,5038.0,-2895.0,-3974.0,-1079.0,50.0,False,False,PASS_SUBSET_GROSS_FLOWS
936855,2011-09-30,3874924.0,4204.0,835.0,638385.0,0.108621,754460.0,0.0764446809564836,9869359.0,2576825.0,604.0,29.0,575.0,3,,0,0,0,0,0,0.665000139357572,3369.0,-2794.0,-3600.0,-806.0,50.0,False,False,PASS_SUBSET_GROSS_FLOWS
936855,2011-12-31,3999475.0,6638.0,665.0,643972.0,0.1068,762823.0,0.0680731541246465,11205930.0,2825440.0,3379.0,50.0,3329.0,3,,0,0,0,0,0,0.706452721919752,5973.0,-2644.0,-3259.0,-615.0,50.0,False,False,PASS_SUBSET_GROSS_FLOWS
936855,2012-03-31,4118735.0,3970.0,979.0,662972.0,0.1055,764786.0,0.06696570037746825,11420563.0,2977038.0,275.0,161.0,114.0,3,,0,0,0,0,0,0.7228039677230994,2991.0,-2877.0,-3695.0,-818.0,50.0,False,False,PASS_SUBSET_GROSS_FLOWS
936855,2012-06-30,4251944.0,4998.0,772.0,671264.0,0.106443,786331.0,0.07118670705158782,11046037.0,3060234.0,1951.0,-12.0,1963.0,3,,0,0,0,1,1,0.7197258477534041,4226.0,-2263.0,-3047.0,-784.0,50.0,False,False,PASS_SUBSET_GROSS_FLOWS
936855,2012-09-30,4322791.0,6207.0,664.0,677128.0,0.104133,805477.0,0.07223935109542377,11150114.0,3114521.0,2907.0,70.0,2837.0,3,,0,0,0,0,0,0.7204884529462563,5543.0,-2706.0,-3300.0,-594.0,50.0,False,False,PASS_SUBSET_GROSS_FLOWS
936855,2012-12-31,5690162.0,6881.0,1550.0,875645.0,0.105384,1062651.0,0.07233906810431112,14689863.0,4169416.0,3785.0,941.0,2844.0,3,,0,0,0,0,0,0.7327411767889912,5331.0,-2487.0,-3096.0,-609.0,50.0,False,False,PASS_SUBSET_GROSS_FLOWS
936855,2013-03-31,6016647.0,4849.0,1304.0,893532.0,0.102781,1057029.0,0.06837575047119432,15459121.0,4440934.0,1444.0,381.0,1063.0,3,,0,0,0,0,0,0.7381077866127097,3545.0,-2482.0,-3405.0,-923.0,50.0,False,False,PASS_SUBSET_GROSS_FLOWS
936855,2013-06-30,6345284.0,4084.0,850.0,904348.0,0.099032,980803.0,0.06541228588096001,14994171.0,4738954.0,976.0,143.0,833.0,3,,0,0,0,0,0,0.7468466344453613,3234.0,-2401.0,-3108.0,-707.0,50.0,False,False,PASS_SUBSET_GROSS_FLOWS
936855,2013-09-30,6509634.0,3880.0,671.0,1076017.0,0.114861,1157669.0,0.07278534732686973,15905248.0,4878466.0,596.0,249.0,347.0,3,,0,0,0,0,0,0.7494224713708942,3209.0,-2862.0,-3284.0,-422.0,50.0,False,False,PASS_SUBSET_GROSS_FLOWS
936855,2013-12-31,6521579.0,4842.0,655.0,1095446.0,0.117314,1159097.0,0.06964678276216334,16642506.0,4846364.0,1703.0,127.0,1576.0,3,,0,0,0,0,0,0.7431273929212542,4187.0,-2611.0,-3139.0,-528.0,50.0,False,False,PASS_SUBSET_GROSS_FLOWS
936855,2014-03-31,6759916.0,4685.0,948.0,,,1202437.0,0.07678950310086192,15658872.0,5065844.0,1489.0,70.0,1419.0,3,,0,0,0,0,0,0.7493945191034919,3737.0,-2318.0,-3196.0,-878.0,50.0,False,False,PASS_SUBSET_GROSS_FLOWS
936855,2014-06-30,6923566.0,4579.0,867.0,,,1256596.0,0.08217025369803284,15292590.0,5148658.0,1470.0,202.0,1268.0,3,,0,0,0,0,0,0.7436425102324438,3712.0,-2444.0,-3109.0,-665.0,50.0,False,False,PASS_SUBSET_GROSS_FLOWS
936855,2014-09-30,7104616.0,4835.0,849.0,,,1266080.0,0.07915266239665245,15995419.0,5242558.0,2038.0,397.0,1641.0,3,,0,0,0,0,0,0.7379087061144473,3986.0,-2345.0,-2797.0,-452.0,50.0,False,False,PASS_SUBSET_GROSS_FLOWS
936855,2014-12-31,7466162.0,4894.0,718.0,,,1312575.0,0.07625682365166177,17212558.0,5490969.0,2328.0,188.0,2140.0,3,,0,0,0,0,0,0.7354473422891172,4176.0,-2036.0,-2566.0,-530.0,50.0,False,False,PASS_SUBSET_GROSS_FLOWS
936855,2015-03-31,7501201.0,3148.0,1487.0,1239364.0,,1353036.0,0.08226650659680178,16446985.0,5620658.0,412.0,817.0,-405.0,3,,0,0,0,0,0,0.7493010785872822,1661.0,-2066.0,-2736.0,-670.0,50.0,False,False,PASS_SUBSET_GROSS_FLOWS
936855,2015-06-30,8914726.0,5602.0,844.0,1438190.0,,1545688.0,0.08535977627469085,18107920.0,6703491.0,3092.0,157.0,2935.0,3,,0,0,0,0,0,0.7519570427627277,4758.0,-1823.0,-2510.0,-687.0,50.0,False,False,PASS_SUBSET_GROSS_FLOWS
936855,2015-09-30,9045566.0,3455.0,1264.0,1462883.0,,1598162.0,0.08730590949196007,18305313.0,6831901.0,1153.0,614.0,539.0,3,,0,0,0,0,0,0.755276231470756,2191.0,-1652.0,-2302.0,-650.0,50.0,False,False,PASS_SUBSET_GROSS_FLOWS
936855,2015-12-31,9431123.0,2906.0,1019.0,1491833.0,,1596292.0,0.08480305490152745,18823520.0,7096916.0,603.0,524.0,79.0,3,,0,0,0,0,0,0.7524995697755188,1887.0,-1808.0,-2303.0,-495.0,50.0,False,False,PASS_SUBSET_GROSS_FLOWS
936855,2016-03-31,9704247.0,9035.0,3290.0,1519147.0,,1664742.0,0.08747450498046153,19031168.0,7330105.0,6459.0,2555.0,3904.0,3,,0,0,0,0,0,0.7553502090373421,5745.0,-1841.0,-2576.0,-735.0,50.0,False,False,PASS_SUBSET_GROSS_FLOWS
936855,2016-06-30,10093557.0,4252.0,1520.0,1550774.0,,1720214.0,0.08836344294088322,19467485.0,7640400.0,2004.0,883.0,1121.0,3,,0,0,0,0,0,0.7569581268526051,2732.0,-1611.0,-2248.0,-637.0,50.0,False,False,PASS_SUBSET_GROSS_FLOWS
936855,2016-09-30,10305180.0,8144.0,882.0,1583199.0,,1737446.0,0.08931958977000583,19452015.0,7631762.0,5780.0,243.0,5537.0,3,,0,0,0,0,0,0.7405753223136325,7262.0,-1725.0,-2364.0,-639.0,50.0,False,False,PASS_SUBSET_GROSS_FLOWS
936855,2016-12-31,10545467.0,7392.0,1137.0,1613024.0,,1662326.0,0.08148823434282945,20399583.0,7697451.0,4987.0,516.0,4471.0,3,,0,0,0,0,0,0.7299298362035556,6255.0,-1784.0,-2405.0,-621.0,50.0,False,False,PASS_SUBSET_GROSS_FLOWS
936855,2017-03-31,10759067.0,8704.0,1378.0,1644054.0,,1707280.0,0.0841408901572733,20290729.0,7942077.0,6028.0,745.0,5283.0,3,,0,0,0,0,0,0.7381752525567505,7326.0,-2043.0,-2676.0,-633.0,50.0,False,False,PASS_SUBSET_GROSS_FLOWS
936855,2017-06-30,10851923.0,12490.0,2464.0,1677058.0,,1762172.0,0.08775239110640135,20081185.0,8154626.0,6342.0,1940.0,4402.0,3,,0,0,0,0,0,0.7514452507633901,10026.0,-5624.0,-6148.0,-524.0,50.0,False,False,PASS_SUBSET_GROSS_FLOWS
936855,2017-09-30,11001457.0,11870.0,962.0,1716049.0,,1801723.0,0.09007143683079369,20003267.0,8206445.0,5589.0,294.0,5295.0,3,,0,0,0,0,0,0.7459416511831115,10908.0,-5613.0,-6281.0,-668.0,50.0,False,False,PASS_SUBSET_GROSS_FLOWS
936855,2017-12-31,11281880.0,5542.0,1757.0,1750297.0,,1815953.0,0.08423593202652313,21557938.0,8577151.0,3315.0,1365.0,1950.0,3,,0,0,0,0,0,0.7602590171141689,3785.0,-1835.0,-2227.0,-392.0,50.0,False,False,PASS_SUBSET_GROSS_FLOWS
936855,2018-03-31,11463289.0,11759.0,1457.0,1808714.0,,1801654.0,0.08664221559665103,20794182.0,8713755.0,9008.0,568.0,8440.0,3,,0,0,0,0,0,0.7601444053273018,10302.0,-1862.0,-2751.0,-889.0,50.0,False,False,PASS_SUBSET_GROSS_FLOWS
936855,2018-06-30,11635022.0,10278.0,1274.0,1854713.0,,1834412.0,0.09029994705299406,20314652.0,9003519.0,4437.0,500.0,3937.0,3,,0,0,0,0,0,0.7738291341434507,9004.0,-5067.0,-5841.0,-774.0,50.0,False,False,PASS_SUBSET_GROSS_FLOWS
936855,2018-09-30,11966860.0,3964.0,1218.0,1902131.0,,1853767.0,0.08729561534921387,21235511.0,9327169.0,1715.0,649.0,1066.0,3,,0,0,0,0,0,0.7794165720999494,2746.0,-1680.0,-2249.0,-569.0,50.0,False,False,PASS_SUBSET_GROSS_FLOWS
936855,2018-12-31,12181244.0,51542.0,5875.0,1921615.0,,1934082.0,0.08358989097902778,23137750.0,9544462.0,49038.0,2430.0,46608.0,3,,0,0,0,0,0,0.7835375434561528,45667.0,941.0,-2504.0,-3445.0,50.0,False,False,PASS_SUBSET_GROSS_FLOWS
936855,2019-03-31,12550904.0,13744.0,1420.0,1969930.0,,2061251.0,0.08844935071878768,23304309.0,9977399.0,11232.0,646.0,10586.0,3,,0,0,0,0,0,0.7949546104408097,12324.0,-1738.0,-2512.0,-774.0,50.0,False,False,PASS_SUBSET_GROSS_FLOWS
936855,2019-06-30,12902997.0,14443.0,1874.0,2017223.0,,2190246.0,0.09204179606576862,23796211.0,10310246.0,12304.0,1079.0,11225.0,3,,0,0,0,0,0,0.7990582343001398,12569.0,-1344.0,-2139.0,-795.0,50.0,False,False,PASS_SUBSET_GROSS_FLOWS
936855,2019-09-30,13054823.0,5395.0,3209.0,2066202.0,,2281219.0,0.09519067039052762,23964733.0,10524982.0,3317.0,2586.0,731.0,3,,0,0,0,0,0,0.8062140712286946,2186.0,-1455.0,-2078.0,-623.0,50.0,False,False,PASS_SUBSET_GROSS_FLOWS
936855,2019-12-31,13439484.0,12498.0,4880.0,2128608.0,,2338719.0,0.08873022940032366,26357635.0,10884439.0,10245.0,4298.0,5947.0,3,,0,0,0,0,0,0.8098851860681556,7618.0,-1671.0,-2253.0,-582.0,50.0,False,False,PASS_SUBSET_GROSS_FLOWS
936855,2020-03-31,13959255.0,9764.0,2092.0,2142649.0,,2466492.0,0.09431696115845542,26151097.0,11278382.0,5833.0,1459.0,4374.0,3,,0,0,0,0,0,0.8079501377401588,7672.0,-3298.0,-3931.0,-633.0,50.0,False,False,PASS_SUBSET_GROSS_FLOWS
936855,2020-06-30,15312271.0,6358.0,817.0,2183445.0,,2568372.0,0.08655323656658669,29673899.0,12650369.0,3934.0,321.0,3613.0,3,,0,0,0,0,0,0.8261589022294603,5541.0,-1928.0,-2424.0,-496.0,50.0,False,False,PASS_SUBSET_GROSS_FLOWS
936855,2020-09-30,15960117.0,9484.0,4373.0,2347798.0,,2742434.0,0.0910198440647344,30130067.0,13361046.0,7610.0,3937.0,3673.0,3,,0,0,0,0,0,0.8371521336591705,5111.0,-1438.0,-1874.0,-436.0,50.0,False,False,PASS_SUBSET_GROSS_FLOWS
936855,2020-12-31,16108572.0,3083.0,1282.0,2492571.0,,2902559.0,0.08802039617804255,32975982.0,13717836.0,1659.0,871.0,788.0,3,,0,0,0,0,0,0.8515860996244732,1801.0,-1013.0,-1424.0,-411.0,50.0,False,False,PASS_SUBSET_GROSS_FLOWS
936855,2021-03-31,16507627.0,6602.0,1292.0,2540326.0,,2814393.0,0.08179167575820526,34409284.0,14127095.0,0.0,557.0,-557.0,2,,0,0,0,0,0,0.855791992392365,5310.0,-5867.0,-6602.0,-735.0,50.0,False,False,PASS_SUBSET_GROSS_FLOWS
936855,2021-06-30,16916061.0,33572.0,5198.0,2604806.0,,2936734.0,0.08073203010815994,36376318.0,15000532.0,9.0,417.0,-408.0,2,,0,0,0,0,0,0.8867627043908153,28374.0,-28782.0,-33563.0,-4781.0,50.0,False,False,PASS_SUBSET_GROSS_FLOWS
936855,2021-09-30,16474077.0,5069.0,1942.0,2674648.0,,2949743.0,0.07900871158991646,37334402.0,14606912.0,77.0,75.0,2.0,2,,0,0,0,0,0,0.8866604180616614,3127.0,-3125.0,-4992.0,-1867.0,50.0,False,False,PASS_SUBSET_GROSS_FLOWS
936855,2021-12-31,17172120.0,10420.0,2359.0,2734377.0,,2970227.0,0.07006527249002974,42392285.0,15311803.0,1132.0,7.0,1125.0,2,,0,0,0,0,0,0.8916664337309546,8061.0,-6936.0,-9288.0,-2352.0,50.0,False,False,PASS_SUBSET_GROSS_FLOWS
936855,2022-03-31,17732056.0,9857.0,1479.0,2797813.0,,2576485.0,0.06394641445415293,40291313.0,15830537.0,0.0,10.0,-10.0,2,,0,0,0,0,0,0.8927637607280284,8378.0,-8388.0,-9857.0,-1469.0,50.0,False,False,PASS_SUBSET_GROSS_FLOWS
936855,2022-06-30,18972880.0,29669.0,1541.0,2870910.0,,2423126.0,0.06505579217336556,37246891.0,16862731.0,25.0,29.0,-4.0,2,,0,0,0,0,0,0.8887807755069341,28128.0,-28132.0,-29644.0,-1512.0,50.0,False,False,PASS_SUBSET_GROSS_FLOWS
936855,2022-09-30,19886428.0,2093.0,920.0,3135267.0,,2489284.0,0.0667108836023605,37314511.0,17657153.0,0.0,6.0,-6.0,2,,0,0,0,0,0,0.8878996771064165,1173.0,-1179.0,-2093.0,-914.0,50.0,False,False,PASS_SUBSET_GROSS_FLOWS
936855,2022-12-31,21033167.0,2686.0,497.0,3184837.0,,2685783.0,0.07016325246273712,38279055.0,18419409.0,29.0,6.0,23.0,2,,0,0,0,0,0,0.8757316004765235,2189.0,-2166.0,-2657.0,-491.0,50.0,False,False,PASS_SUBSET_GROSS_FLOWS
936855,2023-03-31,21814394.0,5834.0,1191.0,3274890.0,,2857915.0,0.0708211046825046,40354002.0,19012863.0,1120.0,12.0,1108.0,2,,0,0,0,0,0,0.871574200044246,4643.0,-3535.0,-4714.0,-1179.0,50.0,False,False,PASS_SUBSET_GROSS_FLOWS
936855,2023-06-30,22487361.0,2498.0,2637.0,3352423.0,,2873672.0,0.07013057196569389,40976024.0,19285761.0,22.0,4.0,18.0,2,,0,0,0,0,0,0.8576266908331307,-139.0,157.0,-2476.0,-2633.0,50.0,False,False,PASS_SUBSET_GROSS_FLOWS
936855,2023-09-30,22884513.0,5446.0,828.0,3428388.0,,2838053.0,0.06890050324347068,41190599.0,19307750.0,0.0,4.0,-4.0,2,,0,0,0,0,0,0.8437037746881483,4618.0,-4622.0,-5446.0,-824.0,50.0,False,False,PASS_SUBSET_GROSS_FLOWS
936855,2023-12-31,23176904.0,3895.0,2543.0,3477634.0,,3123374.0,0.07142413347665844,43729953.0,19333319.0,277.0,95.0,182.0,2,,0,0,0,0,0,0.8341631393045421,1352.0,-1170.0,-3618.0,-2448.0,50.0,False,False,PASS_SUBSET_GROSS_FLOWS
936855,2024-03-31,23642064.0,5477.0,2460.0,3563956.0,,3176063.0,0.07047586798596235,45065965.0,19621365.0,250.0,605.0,-355.0,2,,0,0,0,0,0,0.8299345184075299,3017.0,-3372.0,-5227.0,-1855.0,50.0,False,False,PASS_SUBSET_GROSS_FLOWS
936855,2024-06-30,24201673.0,3858.0,1002.0,3657987.0,,3256437.0,0.07367131001344479,44202241.0,20098480.0,2.0,2.0,0.0,2,,0,0,0,0,0,0.8304582910445902,2856.0,-2856.0,-3856.0,-1000.0,50.0,False,False,PASS_SUBSET_GROSS_FLOWS
936855,2024-09-30,24995967.0,9237.0,783.0,3763131.0,,3571744.0,0.07562450639139576,47229981.0,20863693.0,132.0,3.0,129.0,2,,0,0,0,0,0,0.8346823709600832,8454.0,-8325.0,-9105.0,-780.0,50.0,False,False,PASS_SUBSET_GROSS_FLOWS
936855,2024-12-31,25645057.0,9831.0,896.0,3835875.0,,3462767.0,0.06904800678809711,50150137.0,21696900.0,120.0,3.0,117.0,2,,0,0,0,0,0,0.8460460820968345,8935.0,-8818.0,-9711.0,-893.0,50.0,False,False,PASS_SUBSET_GROSS_FLOWS
936855,2025-03-31,35941380.0,36967.0,1095.0,4940187.0,,6773981.0,0.09815343798812419,69014200.0,30035383.0,3508.0,3.0,3505.0,2,,0,0,0,0,0,0.83567695508631,35872.0,-32367.0,-33459.0,-1092.0,50.0,False,False,PASS_SUBSET_GROSS_FLOWS
936855,2025-06-30,36813671.0,16895.0,1433.0,5144056.0,,7016315.0,0.09821408311883913,71438991.0,31073010.0,4232.0,320.0,3912.0,2,,0,0,0,0,0,0.8440617074021224,15462.0,-11550.0,-12663.0,-1113.0,50.0,False,False,PASS_SUBSET_GROSS_FLOWS
936855,2025-09-30,37709677.0,19577.0,1194.0,5398915.0,,7284913.0,0.1018596323386844,71519137.0,30367505.0,4653.0,13.0,4640.0,2,,0,0,0,0,0,0.805297404164984,18383.0,-13743.0,-14924.0,-1181.0,50.0,False,False,PASS_SUBSET_GROSS_FLOWS
936855,2025-12-31,38781438.0,14280.0,1626.0,5625218.0,,7527586.0,0.10342929850413883,72780016.0,31057980.0,774.0,15.0,759.0,2,,0,0,1,0,1,0.8008465286924121,12654.0,-11895.0,-13506.0,-1611.0,50.0,False,False,PASS_SUBSET_GROSS_FLOWS
940311,2005-03-31,13356000.0,30000.0,12000.0,1453000.0,0.0978,1474000.0,0.06155773647943203,23945000.0,8091000.0,8000.0,2000.0,6000.0,3,,0,0,0,0,0,0.6057951482479784,18000.0,-12000.0,-22000.0,-10000.0,50.0,False,False,PASS_SUBSET_GROSS_FLOWS
940311,2005-06-30,13549000.0,32000.0,14000.0,1519000.0,0.0965,1637000.0,0.06522172198095541,25099000.0,8112000.0,10000.0,6000.0,4000.0,3,,0,0,0,0,0,0.5987157723817256,18000.0,-14000.0,-22000.0,-8000.0,50.0,False,False,PASS_SUBSET_GROSS_FLOWS
940311,2005-09-30,14088000.0,36000.0,11000.0,1557000.0,0.0964,1575000.0,0.06202985309755425,25391000.0,7305000.0,7000.0,2000.0,5000.0,3,,0,0,0,0,0,0.518526405451448,25000.0,-20000.0,-29000.0,-9000.0,50.0,False,False,PASS_SUBSET_GROSS_FLOWS
940311,2005-12-31,14730000.0,38000.0,13000.0,1611000.0,0.0973,1597000.0,0.06216184656105251,25691000.0,6496000.0,7000.0,4000.0,3000.0,3,,0,0,0,0,0,0.4410047522063815,25000.0,-22000.0,-31000.0,-9000.0,50.0,False,False,PASS_SUBSET_GROSS_FLOWS
940311,2006-03-31,14759000.0,32000.0,12000.0,1666000.0,0.0963,1578000.0,0.0604042259990813,26124000.0,6251000.0,7000.0,2000.0,5000.0,3,,0,0,0,0,0,0.42353818009350225,20000.0,-15000.0,-25000.0,-10000.0,50.0,False,False,PASS_SUBSET_GROSS_FLOWS
940311,2006-06-30,15261000.0,36000.0,13000.0,1711000.0,0.0965,1554000.0,0.06032608695652174,25760000.0,6231000.0,4000.0,3000.0,1000.0,3,,0,0,0,0,0,0.40829565559268727,23000.0,-22000.0,-32000.0,-10000.0,50.0,False,False,PASS_SUBSET_GROSS_FLOWS
940311,2006-09-30,14938000.0,43000.0,11000.0,1714000.0,0.0959,1701000.0,0.06911824461600975,24610000.0,5651000.0,5000.0,2000.0,3000.0,3,,0,0,0,0,0,0.3782969607711876,32000.0,-29000.0,-38000.0,-9000.0,50.0,False,False,PASS_SUBSET_GROSS_FLOWS
940311,2006-12-31,15448000.0,49000.0,11000.0,1701000.0,0.0922,1691000.0,0.067585931254996,25020000.0,5793000.0,7000.0,3000.0,4000.0,3,,0,0,0,0,0,0.375,38000.0,-34000.0,-42000.0,-8000.0,50.0,False,False,PASS_SUBSET_GROSS_FLOWS
940311,2007-03-31,15648000.0,52000.0,11000.0,1742000.0,0.0936,1760000.0,0.0701251095704837,25098000.0,5963000.0,10000.0,2000.0,8000.0,3,,0,0,0,0,0,0.38107106339468305,41000.0,-33000.0,-42000.0,-9000.0,50.0,False,False,PASS_SUBSET_GROSS_FLOWS
940311,2007-06-30,15872000.0,59000.0,11000.0,1765000.0,0.0935,1731000.0,0.0683433354390398,25328000.0,5998000.0,11000.0,2000.0,9000.0,3,,0,0,0,0,0,0.37789818548387094,48000.0,-39000.0,-48000.0,-9000.0,50.0,False,False,PASS_SUBSET_GROSS_FLOWS
940311,2007-09-30,16237000.0,61000.0,12000.0,1782000.0,0.0929,1859000.0,0.07227276261565975,25722000.0,6050000.0,11000.0,5000.0,6000.0,3,,0,0,0,0,0,0.3726057769292357,49000.0,-43000.0,-50000.0,-7000.0,50.0,False,False,PASS_SUBSET_GROSS_FLOWS
940311,2007-12-31,16559000.0,69000.0,15000.0,1498000.0,0.0769,1818000.0,0.06798294817141574,26742000.0,6116000.0,20000.0,3000.0,17000.0,3,,0,0,0,0,0,0.36934597499849026,54000.0,-37000.0,-49000.0,-12000.0,50.0,False,False,PASS_SUBSET_GROSS_FLOWS
940311,2008-03-31,16578000.0,67000.0,8000.0,1597000.0,0.082,1948000.0,0.074530359260818,26137000.0,4852000.0,3000.0,1000.0,2000.0,2,,0,0,0,0,0,0.2926770418627096,59000.0,-57000.0,-64000.0,-7000.0,50.0,False,False,PASS_SUBSET_GROSS_FLOWS
940311,2008-06-30,16226000.0,80000.0,9000.0,1608000.0,0.0826,1869000.0,0.071606451860082,26101000.0,4383000.0,4000.0,0.0,4000.0,2,,0,0,0,0,0,0.27012202637741894,71000.0,-67000.0,-76000.0,-9000.0,50.0,False,False,PASS_SUBSET_GROSS_FLOWS
940311,2008-09-30,16238000.0,113000.0,9000.0,1598000.0,0.0828,1847000.0,0.0712110112966033,25937000.0,4309000.0,25000.0,3000.0,22000.0,3,,0,0,0,0,0,0.2653651927577288,104000.0,-82000.0,-88000.0,-6000.0,50.0,False,False,PASS_SUBSET_GROSS_FLOWS
940311,2008-12-31,16013000.0,128000.0,10000.0,1518000.0,0.078,1900000.0,0.0744455763654886,25522000.0,4214000.0,33000.0,3000.0,30000.0,3,,0,0,0,0,0,0.26316118153999873,118000.0,-88000.0,-95000.0,-7000.0,50.0,False,False,PASS_SUBSET_GROSS_FLOWS
940311,2009-03-31,15856000.0,101000.0,13000.0,1691000.0,0.0898,1976000.0,0.08124665926565519,24321000.0,8173000.0,16000.0,5000.0,11000.0,3,,0,0,0,0,0,0.5154515640766902,88000.0,-77000.0,-85000.0,-8000.0,50.0,False,False,PASS_SUBSET_GROSS_FLOWS
940311,2009-06-30,15486000.0,150000.0,11000.0,1677000.0,0.0907,1944000.0,0.0814343163538874,23872000.0,8007000.0,28000.0,2000.0,26000.0,3,,0,0,0,0,0,0.5170476559473073,139000.0,-113000.0,-122000.0,-9000.0,50.0,False,False,PASS_SUBSET_GROSS_FLOWS
940311,2009-09-30,15456000.0,151000.0,11000.0,1634000.0,0.0894,1980000.0,0.0842911877394636,23490000.0,7829000.0,31000.0,5000.0,26000.0,3,,0,0,0,0,0,0.5065346790890269,140000.0,-114000.0,-120000.0,-6000.0,50.0,False,False,PASS_SUBSET_GROSS_FLOWS
940311,2009-12-31,15118000.0,161000.0,16000.0,1576000.0,0.0886,1913000.0,0.08220531992608826,23271000.0,7650000.0,51000.0,8000.0,43000.0,3,,0,0,0,0,0,0.5060193147241698,145000.0,-102000.0,-110000.0,-8000.0,50.0,False,False,PASS_SUBSET_GROSS_FLOWS
940311,2010-03-31,14920000.0,113000.0,12000.0,1567000.0,0.0891,1956000.0,0.08554559370216488,22865000.0,7511000.0,47000.0,4000.0,43000.0,3,,0,0,0,0,0,0.5034182305630027,101000.0,-58000.0,-66000.0,-8000.0,50.0,False,False,PASS_SUBSET_GROSS_FLOWS
940311,2010-06-30,18801000.0,123000.0,21000.0,2067000.0,0.1049,2622000.0,0.08207600325549365,31946000.0,10933000.0,46000.0,9000.0,37000.0,3,,0,0,0,0,0,0.5815116217222488,102000.0,-65000.0,-77000.0,-12000.0,50.0,False,False,PASS_SUBSET_GROSS_FLOWS
940311,2010-09-30,18723000.0,164000.0,12000.0,2036000.0,0.1066,2629000.0,0.08531282450674973,30816000.0,10776000.0,69000.0,5000.0,64000.0,3,,0,0,0,0,0,0.5755487902579715,152000.0,-88000.0,-95000.0,-7000.0,50.0,False,False,PASS_SUBSET_GROSS_FLOWS
940311,2010-12-31,19501000.0,468000.0,12000.0,2029000.0,0.1089,2523000.0,0.08706905476757429,28977000.0,11347000.0,183000.0,5000.0,178000.0,3,,0,0,0,0,0,0.5818675965335111,456000.0,-278000.0,-285000.0,-7000.0,50.0,False,False,PASS_SUBSET_GROSS_FLOWS
940311,2011-03-31,19513000.0,108000.0,18000.0,2107000.0,0.1139,2502000.0,0.08629669230503914,28993000.0,11208000.0,36000.0,3000.0,33000.0,2,,0,0,0,0,0,0.5743863065648542,90000.0,-57000.0,-72000.0,-15000.0,50.0,False,False,PASS_SUBSET_GROSS_FLOWS
940311,2011-06-30,19569000.0,101000.0,21000.0,2108000.0,0.1126,2657000.0,0.09046338224779545,29371000.0,11309000.0,36000.0,9000.0,27000.0,2,,0,0,0,0,0,0.5779038274822423,80000.0,-53000.0,-65000.0,-12000.0,50.0,False,False,PASS_SUBSET_GROSS_FLOWS
940311,2011-09-30,19575000.0,123000.0,19000.0,2187000.0,0.1188,2704000.0,0.0941766508776818,28712000.0,11223000.0,55000.0,5000.0,50000.0,2,,0,0,0,0,0,0.5733333333333334,104000.0,-54000.0,-68000.0,-14000.0,50.0,False,False,PASS_SUBSET_GROSS_FLOWS
940311,2011-12-31,19507000.0,112000.0,22000.0,2178000.0,0.12,2627000.0,0.09401954117604953,27941000.0,11028000.0,37000.0,2000.0,35000.0,2,,0,0,0,0,0,0.565335520582355,90000.0,-55000.0,-75000.0,-20000.0,50.0,False,False,PASS_SUBSET_GROSS_FLOWS
940311,2012-03-31,19406000.0,99000.0,21000.0,2227000.0,0.1243,2679000.0,0.09699141957206474,27621000.0,10796000.0,33000.0,7000.0,26000.0,2,,0,0,0,0,0,0.5563227867669793,78000.0,-52000.0,-66000.0,-14000.0,50.0,False,False,PASS_SUBSET_GROSS_FLOWS
940311,2012-06-30,19263000.0,146000.0,20000.0,2168000.0,0.1205,2742000.0,0.10042484617638442,27304000.0,10580000.0,63000.0,5000.0,58000.0,2,,0,0,0,0,0,0.5492394746405025,126000.0,-68000.0,-83000.0,-15000.0,50.0,False,False,PASS_SUBSET_GROSS_FLOWS
940311,2012-09-30,19247000.0,107000.0,21000.0,2257000.0,0.1257,2798000.0,0.10261488245864965,27267000.0,10676000.0,45000.0,4000.0,41000.0,2,,0,0,0,0,0,0.5546838468332728,86000.0,-45000.0,-62000.0,-17000.0,50.0,False,False,PASS_SUBSET_GROSS_FLOWS
940311,2012-12-31,19308000.0,113000.0,22000.0,2288000.0,0.1293,2810000.0,0.10329363328922217,27204000.0,13685000.0,55000.0,6000.0,49000.0,2,,0,0,0,0,0,0.7087735653615082,91000.0,-42000.0,-58000.0,-16000.0,50.0,False,False,PASS_SUBSET_GROSS_FLOWS
940311,2013-03-31,19476000.0,271000.0,19000.0,2128000.0,0.1186,2677000.0,0.09729238597128839,27515000.0,14034000.0,200000.0,7000.0,193000.0,2,,0,0,0,0,0,0.7205791743684535,252000.0,-59000.0,-71000.0,-12000.0,50.0,False,False,PASS_SUBSET_GROSS_FLOWS
940311,2013-06-30,19075000.0,298000.0,18000.0,2071000.0,0.1173,2773000.0,0.10164956011730206,27280000.0,13870000.0,247000.0,4000.0,243000.0,2,,0,0,0,0,0,0.727129750982962,280000.0,-37000.0,-51000.0,-14000.0,50.0,False,False,PASS_SUBSET_GROSS_FLOWS
940311,2013-09-30,18680000.0,77000.0,25000.0,2130000.0,0.1221,2806000.0,0.10517241379310345,26680000.0,13390000.0,36000.0,10000.0,26000.0,2,,0,0,0,0,0,0.7168094218415417,52000.0,-26000.0,-41000.0,-15000.0,50.0,False,False,PASS_SUBSET_GROSS_FLOWS
940311,2013-12-31,18814000.0,87000.0,29000.0,2381000.0,0.1348,3128000.0,0.11775778338290102,26563000.0,13470000.0,44000.0,9000.0,35000.0,2,,0,0,0,0,0,0.7159562028276815,58000.0,-23000.0,-43000.0,-20000.0,50.0,False,False,PASS_SUBSET_GROSS_FLOWS
940311,2014-03-31,18786000.0,94000.0,18000.0,,,3198000.0,0.11671532846715328,27400000.0,13465000.0,44000.0,7000.0,37000.0,2,,0,0,0,0,0,0.7167571595869264,76000.0,-39000.0,-50000.0,-11000.0,50.0,False,False,PASS_SUBSET_GROSS_FLOWS
940311,2014-06-30,18556000.0,72000.0,18000.0,,,3373000.0,0.12348978545800689,27314000.0,13462000.0,32000.0,7000.0,25000.0,2,,0,0,0,0,0,0.7254796292304376,54000.0,-29000.0,-40000.0,-11000.0,50.0,False,False,PASS_SUBSET_GROSS_FLOWS
940311,2014-09-30,18450000.0,82000.0,21000.0,,,3414000.0,0.12891288751274402,26483000.0,13329000.0,40000.0,5000.0,35000.0,2,,0,0,0,0,0,0.7224390243902439,61000.0,-26000.0,-42000.0,-16000.0,50.0,False,False,PASS_SUBSET_GROSS_FLOWS
940311,2014-12-31,18465000.0,76000.0,20000.0,,,3390000.0,0.12513380827581116,27091000.0,13266000.0,27000.0,7000.0,20000.0,2,,0,0,0,0,0,0.7184402924451665,56000.0,-36000.0,-49000.0,-13000.0,50.0,False,False,PASS_SUBSET_GROSS_FLOWS
940311,2015-03-31,19123000.0,77000.0,21000.0,3191000.0,,3493000.0,0.1225270099621159,28508000.0,14025000.0,39000.0,11000.0,28000.0,2,,0,0,0,0,0,0.7334100298070386,56000.0,-28000.0,-38000.0,-10000.0,50.0,False,False,PASS_SUBSET_GROSS_FLOWS
940311,2015-06-30,18736000.0,136000.0,23000.0,3240000.0,,3525000.0,0.1200817577925396,29355000.0,13773000.0,62000.0,8000.0,54000.0,2,,0,0,0,0,0,0.7351088812980359,113000.0,-59000.0,-74000.0,-15000.0,50.0,False,False,PASS_SUBSET_GROSS_FLOWS
940311,2015-09-30,18594000.0,65000.0,18000.0,3301000.0,,3595000.0,0.13003689503002241,27646000.0,13684000.0,26000.0,7000.0,19000.0,2,,0,0,0,0,0,0.7359363235452296,47000.0,-28000.0,-39000.0,-11000.0,50.0,False,False,PASS_SUBSET_GROSS_FLOWS
940311,2015-12-31,18316000.0,120000.0,28000.0,3339000.0,,3598000.0,0.12965765765765766,27750000.0,13453000.0,70000.0,16000.0,54000.0,2,,0,0,0,0,0,0.7344944310984931,92000.0,-38000.0,-50000.0,-12000.0,50.0,False,False,PASS_SUBSET_GROSS_FLOWS
940311,2016-03-31,17949000.0,56000.0,14000.0,3362000.0,,3714000.0,0.13298005657202192,27929000.0,13481000.0,20000.0,3000.0,17000.0,2,,0,0,0,0,0,0.7510724831466934,42000.0,-25000.0,-36000.0,-11000.0,50.0,False,False,PASS_SUBSET_GROSS_FLOWS
940311,2016-06-30,17732000.0,67000.0,36000.0,3443000.0,,3803000.0,0.1309618099796825,29039000.0,13229000.0,33000.0,22000.0,11000.0,2,,0,0,0,0,0,0.7460523347620122,31000.0,-20000.0,-34000.0,-14000.0,50.0,False,False,PASS_SUBSET_GROSS_FLOWS
940311,2016-09-30,17635000.0,60000.0,26000.0,3477000.0,,3819000.0,0.12628968253968254,30240000.0,13135000.0,25000.0,5000.0,20000.0,2,,0,0,0,0,0,0.744825630847746,34000.0,-14000.0,-35000.0,-21000.0,50.0,False,False,PASS_SUBSET_GROSS_FLOWS
940311,2016-12-31,17506000.0,67000.0,13000.0,3437000.0,,3658000.0,0.12316498316498317,29700000.0,13043000.0,32000.0,5000.0,27000.0,2,,0,0,0,0,0,0.7450588369701816,54000.0,-27000.0,-35000.0,-8000.0,50.0,False,False,PASS_SUBSET_GROSS_FLOWS
940311,2017-03-31,17313000.0,54000.0,20000.0,3366000.0,,3621000.0,0.11647955737124843,31087000.0,12863000.0,28000.0,12000.0,16000.0,2,,0,0,0,0,0,0.7429677121238376,34000.0,-18000.0,-26000.0,-8000.0,50.0,False,False,PASS_SUBSET_GROSS_FLOWS
940311,2017-06-30,17345000.0,79000.0,20000.0,3462000.0,,3703000.0,0.11615432873274781,31880000.0,12793000.0,40000.0,9000.0,31000.0,2,,0,0,0,0,0,0.7375612568463534,59000.0,-28000.0,-39000.0,-11000.0,50.0,False,False,PASS_SUBSET_GROSS_FLOWS
940311,2017-09-30,17398000.0,58000.0,11000.0,3475465.0,,3725000.0,0.11315653573923874,32919000.0,12688000.0,19000.0,5000.0,14000.0,2,,0,0,0,0,0,0.7292792274974135,47000.0,-33000.0,-39000.0,-6000.0,50.0,False,False,PASS_SUBSET_GROSS_FLOWS
940311,2017-12-31,18414000.0,68000.0,8000.0,3545000.0,,3724000.0,0.10723953233888153,34726000.0,13561000.0,33000.0,3000.0,30000.0,2,,0,0,0,0,0,0.7364505267731074,60000.0,-30000.0,-35000.0,-5000.0,50.0,False,False,PASS_SUBSET_GROSS_FLOWS
940311,2018-03-31,18019000.0,52000.0,10000.0,3622000.0,,3694000.0,0.1022645479209346,36122000.0,13204000.0,18000.0,2000.0,16000.0,2,,0,0,0,0,0,0.7327820633775459,42000.0,-26000.0,-34000.0,-8000.0,50.0,False,False,PASS_SUBSET_GROSS_FLOWS
940311,2018-06-30,17808000.0,58000.0,13000.0,3445000.0,,3619000.0,0.0958523148638627,37756000.0,12954000.0,21000.0,4000.0,17000.0,2,,0,0,0,0,0,0.7274258760107817,45000.0,-28000.0,-37000.0,-9000.0,50.0,False,False,PASS_SUBSET_GROSS_FLOWS
940311,2018-09-30,19578000.0,75000.0,16000.0,3493000.0,,3664000.0,0.09590367752911923,38205000.0,13208000.0,27000.0,4000.0,23000.0,2,,0,0,0,0,0,0.6746347941567065,59000.0,-36000.0,-48000.0,-12000.0,50.0,False,False,PASS_SUBSET_GROSS_FLOWS
940311,2018-12-31,19637000.0,114000.0,18000.0,3637000.0,,3808000.0,0.10042458925604578,37919000.0,13064000.0,73000.0,4000.0,69000.0,2,,0,0,0,0,0,0.6652747364668737,96000.0,-27000.0,-41000.0,-14000.0,50.0,False,False,PASS_SUBSET_GROSS_FLOWS
940311,2019-03-31,19743000.0,70000.0,16000.0,3626000.0,,3851000.0,0.09932169293064762,38773000.0,13014000.0,18000.0,2000.0,16000.0,2,,0,0,0,0,0,0.6591703388542774,54000.0,-38000.0,-52000.0,-14000.0,50.0,False,False,PASS_SUBSET_GROSS_FLOWS
940311,2019-06-30,19799000.0,56000.0,19000.0,3759000.0,,4066000.0,0.10021442831439627,40573000.0,12855000.0,12000.0,5000.0,7000.0,2,,0,0,0,0,0,0.6492752159199959,37000.0,-30000.0,-44000.0,-14000.0,50.0,False,False,PASS_SUBSET_GROSS_FLOWS
940311,2019-09-30,19708000.0,80000.0,19000.0,3831000.0,,4155000.0,0.09908663820857082,41933000.0,12569000.0,27000.0,7000.0,20000.0,2,,0,0,0,0,0,0.6377613152019485,61000.0,-41000.0,-53000.0,-12000.0,50.0,False,False,PASS_SUBSET_GROSS_FLOWS
940311,2019-12-31,19959000.0,75000.0,17000.0,3959000.0,,4227000.0,0.10154467052634107,41627000.0,12558000.0,18000.0,5000.0,13000.0,2,,0,0,0,0,0,0.6291898391702991,58000.0,-45000.0,-57000.0,-12000.0,50.0,False,False,PASS_SUBSET_GROSS_FLOWS
940311,2020-03-31,20021000.0,73000.0,14000.0,3414000.0,,3922000.0,0.0927910663165117,42267000.0,12631000.0,9000.0,5000.0,4000.0,2,,0,0,0,0,0,0.6308875680535437,59000.0,-55000.0,-64000.0,-9000.0,50.0,False,False,PASS_SUBSET_GROSS_FLOWS
940311,2020-06-30,21206000.0,74000.0,12000.0,3632000.0,,4044000.0,0.07803484939119695,51823000.0,13977000.0,10000.0,2000.0,8000.0,2,,0,0,0,0,0,0.65910591342073,62000.0,-54000.0,-64000.0,-10000.0,50.0,False,False,PASS_SUBSET_GROSS_FLOWS
940311,2020-09-30,21501000.0,34000.0,20000.0,3784000.0,,4192000.0,0.07585682747638522,55262000.0,14239000.0,7000.0,6000.0,1000.0,2,,0,0,0,0,0,0.6622482675224408,14000.0,-13000.0,-27000.0,-14000.0,50.0,False,False,PASS_SUBSET_GROSS_FLOWS
940311,2020-12-31,21408000.0,57000.0,16000.0,3941000.0,,4322000.0,0.07828433769856365,55209000.0,14038000.0,24000.0,5000.0,19000.0,2,,0,0,0,0,0,0.6557361733931241,41000.0,-22000.0,-33000.0,-11000.0,50.0,False,False,PASS_SUBSET_GROSS_FLOWS
940311,2021-03-31,21152000.0,45000.0,25000.0,4170000.0,,4184000.0,0.07491092689739137,55853000.0,13764000.0,19000.0,6000.0,13000.0,2,,0,0,0,0,0,0.6507186081694403,20000.0,-7000.0,-26000.0,-19000.0,50.0,False,False,PASS_SUBSET_GROSS_FLOWS
940311,2021-06-30,20963000.0,26000.0,27000.0,3785000.0,,3879000.0,0.06259884452764419,61966000.0,13394000.0,6000.0,13000.0,-7000.0,2,,0,0,0,0,0,0.6389352668988217,-1000.0,-6000.0,-20000.0,-14000.0,50.0,False,False,PASS_SUBSET_GROSS_FLOWS
940311,2021-09-30,21003000.0,30000.0,21000.0,4005000.0,,4037000.0,0.06373137155847436,63344000.0,13306000.0,7000.0,7000.0,0.0,2,,0,0,0,0,0,0.6335285435413989,9000.0,-9000.0,-23000.0,-14000.0,50.0,False,False,PASS_SUBSET_GROSS_FLOWS
940311,2021-12-31,20710000.0,23000.0,31000.0,3998000.0,,3856000.0,0.060022103575486825,64243000.0,12936000.0,2000.0,18000.0,-16000.0,2,,0,0,0,0,0,0.624625784645099,-8000.0,-8000.0,-21000.0,-13000.0,50.0,False,False,PASS_SUBSET_GROSS_FLOWS
940311,2022-03-31,20852000.0,24000.0,18000.0,3694000.0,,2555000.0,0.043614079410057696,58582000.0,12995000.0,1000.0,7000.0,-6000.0,2,,0,0,0,0,0,0.6232016113562249,6000.0,-12000.0,-23000.0,-11000.0,50.0,False,False,PASS_SUBSET_GROSS_FLOWS
940311,2022-06-30,21294000.0,26000.0,21000.0,3873000.0,,2193000.0,0.03635851183765502,60316000.0,13025000.0,3000.0,10000.0,-7000.0,2,,0,0,0,0,0,0.6116746501361886,5000.0,-12000.0,-23000.0,-11000.0,50.0,False,False,PASS_SUBSET_GROSS_FLOWS
940311,2022-09-30,22097000.0,37000.0,19000.0,4070000.0,,1765000.0,0.0296558908528799,59516000.0,13672000.0,1000.0,6000.0,-5000.0,2,,0,0,0,0,0,0.6187265239625288,18000.0,-23000.0,-36000.0,-13000.0,50.0,False,False,PASS_SUBSET_GROSS_FLOWS
940311,2022-12-31,22329000.0,39000.0,19000.0,4231000.0,,2115000.0,0.037734165923282784,56050000.0,13843000.0,1000.0,9000.0,-8000.0,2,,0,0,0,0,0,0.619956110887187,20000.0,-28000.0,-38000.0,-10000.0,50.0,False,False,PASS_SUBSET_GROSS_FLOWS
940311,2023-03-31,22619000.0,49000.0,18000.0,4301000.0,,2433000.0,0.04374483081016937,55618000.0,13932000.0,1000.0,7000.0,-6000.0,2,,0,0,0,0,0,0.6159423493523144,31000.0,-37000.0,-48000.0,-11000.0,50.0,False,False,PASS_SUBSET_GROSS_FLOWS
940311,2023-06-30,22981000.0,39000.0,19000.0,4380000.0,,2472000.0,0.04241956241956242,58275000.0,14010000.0,0.0,3000.0,-3000.0,2,,0,0,0,0,0,0.609634045515861,20000.0,-23000.0,-39000.0,-16000.0,50.0,False,False,PASS_SUBSET_GROSS_FLOWS
940311,2023-09-30,23592000.0,53000.0,28000.0,4448000.0,,2355000.0,0.041396403522649367,56889000.0,14449000.0,1000.0,6000.0,-5000.0,2,,0,0,0,0,0,0.6124533740250933,25000.0,-30000.0,-52000.0,-22000.0,50.0,False,False,PASS_SUBSET_GROSS_FLOWS
940311,2023-12-31,24338000.0,69000.0,17000.0,4478000.0,,3001000.0,0.05276390744778114,56876000.0,14796000.0,5000.0,5000.0,0.0,2,,0,0,0,0,0,0.6079382036321801,52000.0,-52000.0,-64000.0,-12000.0,50.0,False,False,PASS_SUBSET_GROSS_FLOWS
940311,2024-03-31,24463000.0,77000.0,20000.0,4416000.0,,2943000.0,0.051528521903561296,57114000.0,14784000.0,9000.0,6000.0,3000.0,2,,0,0,0,0,0,0.6043412500510976,57000.0,-54000.0,-68000.0,-14000.0,50.0,False,False,PASS_SUBSET_GROSS_FLOWS
940311,2024-06-30,24974000.0,69000.0,20000.0,4418000.0,,2999000.0,0.05142847343691052,58314000.0,15025000.0,0.0,5000.0,-5000.0,2,,0,0,0,0,0,0.601625690718347,49000.0,-54000.0,-69000.0,-15000.0,50.0,False,False,PASS_SUBSET_GROSS_FLOWS
940311,2024-09-30,25575000.0,76000.0,21000.0,4387000.0,,3311000.0,0.05832511273957159,56768000.0,15402000.0,0.0,5000.0,-5000.0,2,,0,0,0,0,0,0.6022287390029325,55000.0,-60000.0,-76000.0,-16000.0,50.0,False,False,PASS_SUBSET_GROSS_FLOWS
940311,2024-12-31,26026000.0,81000.0,18000.0,4384000.0,,3178000.0,0.05436567674832352,58456000.0,15659000.0,0.0,4000.0,-4000.0,2,,0,0,0,0,0,0.6016675632060248,63000.0,-67000.0,-81000.0,-14000.0,50.0,False,False,PASS_SUBSET_GROSS_FLOWS
940311,2025-03-31,25972000.0,71000.0,24000.0,4318000.0,,3312000.0,0.05600270544470747,59140000.0,15698000.0,0.0,3000.0,-3000.0,2,,0,0,0,0,0,0.6044201447712921,47000.0,-50000.0,-71000.0,-21000.0,50.0,False,False,PASS_SUBSET_GROSS_FLOWS
940311,2025-06-30,26650000.0,61000.0,21000.0,4498000.0,,3580000.0,0.05890289249399454,60778000.0,15928000.0,1000.0,5000.0,-4000.0,2,,0,0,0,0,0,0.5976735459662289,40000.0,-44000.0,-60000.0,-16000.0,50.0,False,False,PASS_SUBSET_GROSS_FLOWS
940311,2025-09-30,27031000.0,78000.0,22000.0,4528000.0,,3733000.0,0.06263317729568296,59601000.0,16055000.0,15000.0,5000.0,10000.0,2,,0,0,0,0,0,0.5939476896896156,56000.0,-46000.0,-63000.0,-17000.0,50.0,False,False,PASS_SUBSET_GROSS_FLOWS
940311,2025-12-31,27528000.0,75000.0,26000.0,4484000.0,,3778000.0,0.06321319813941037,59766000.0,16470000.0,1000.0,4000.0,-3000.0,2,,0,0,0,0,0,0.5982999128160419,49000.0,-52000.0,-74000.0,-22000.0,50.0,False,False,PASS_SUBSET_GROSS_FLOWS
