bank_id,bank_name,scenario,scenario_type,model,formal_use,segment,cumulative_loss_thousands,cumulative_loss_thousands_unfloored,starting_tier1_thousands,exposure_thousands,modeled_credit_loss_burden,modeled_credit_loss_burden_unfloored
143662,COLUMBIA BANK,baseline,Fed official,ar_mean,FORMAL_BASELINE,CI,173163.24719419348,173163.24719419348,6338506.0,7690160.0,0.02731925270626761,0.02731925270626761
143662,COLUMBIA BANK,baseline,Fed official,ar_mean,FORMAL_BASELINE,CRE,209017.1482237406,209017.1482237406,6338506.0,27260493.0,0.032975775083866864,0.032975775083866864
143662,COLUMBIA BANK,baseline,Fed official,dynamic_fe,LIMITED_CHALLENGER,CI,126221.99317238055,126221.99317238055,6338506.0,7690160.0,0.01991352428669793,0.01991352428669793
143662,COLUMBIA BANK,researcher_cre_only,Researcher partial-shock sensitivity,ar_mean,FORMAL_BASELINE,CI,173163.24719419348,173163.24719419348,6338506.0,7690160.0,0.02731925270626761,0.02731925270626761
143662,COLUMBIA BANK,researcher_cre_only,Researcher partial-shock sensitivity,ar_mean,FORMAL_BASELINE,CRE,209017.1482237406,209017.1482237406,6338506.0,27260493.0,0.032975775083866864,0.032975775083866864
143662,COLUMBIA BANK,researcher_cre_only,Researcher partial-shock sensitivity,dynamic_fe,LIMITED_CHALLENGER,CI,126221.99317238055,126221.99317238055,6338506.0,7690160.0,0.01991352428669793,0.01991352428669793
143662,COLUMBIA BANK,researcher_high_for_longer_rates,Researcher partial-shock sensitivity,ar_mean,FORMAL_BASELINE,CI,173163.24719419348,173163.24719419348,6338506.0,7690160.0,0.02731925270626761,0.02731925270626761
143662,COLUMBIA BANK,researcher_high_for_longer_rates,Researcher partial-shock sensitivity,ar_mean,FORMAL_BASELINE,CRE,209017.1482237406,209017.1482237406,6338506.0,27260493.0,0.032975775083866864,0.032975775083866864
143662,COLUMBIA BANK,researcher_high_for_longer_rates,Researcher partial-shock sensitivity,dynamic_fe,LIMITED_CHALLENGER,CI,134223.13885764885,134223.13885764885,6338506.0,7690160.0,0.02117583210580677,0.02117583210580677
143662,COLUMBIA BANK,researcher_lambda_0.5,Researcher sensitivity scenario,ar_mean,FORMAL_BASELINE,CI,173163.24719419348,173163.24719419348,6338506.0,7690160.0,0.02731925270626761,0.02731925270626761
143662,COLUMBIA BANK,researcher_lambda_0.5,Researcher sensitivity scenario,ar_mean,FORMAL_BASELINE,CRE,209017.1482237406,209017.1482237406,6338506.0,27260493.0,0.032975775083866864,0.032975775083866864
143662,COLUMBIA BANK,researcher_lambda_0.5,Researcher sensitivity scenario,dynamic_fe,LIMITED_CHALLENGER,CI,214417.51485439108,214417.51485439108,6338506.0,7690160.0,0.03382776869729098,0.03382776869729098
143662,COLUMBIA BANK,researcher_lambda_1,Researcher sensitivity scenario,ar_mean,FORMAL_BASELINE,CI,173163.24719419348,173163.24719419348,6338506.0,7690160.0,0.02731925270626761,0.02731925270626761
143662,COLUMBIA BANK,researcher_lambda_1,Researcher sensitivity scenario,ar_mean,FORMAL_BASELINE,CRE,209017.1482237406,209017.1482237406,6338506.0,27260493.0,0.032975775083866864,0.032975775083866864
143662,COLUMBIA BANK,researcher_lambda_1,Researcher sensitivity scenario,dynamic_fe,LIMITED_CHALLENGER,CI,302601.3315056957,302601.3315056957,6338506.0,7690160.0,0.04774016645337177,0.04774016645337177
143662,COLUMBIA BANK,researcher_lambda_1.25,Researcher sensitivity scenario,ar_mean,FORMAL_BASELINE,CI,173163.24719419348,173163.24719419348,6338506.0,7690160.0,0.02731925270626761,0.02731925270626761
143662,COLUMBIA BANK,researcher_lambda_1.25,Researcher sensitivity scenario,ar_mean,FORMAL_BASELINE,CRE,209017.1482237406,209017.1482237406,6338506.0,27260493.0,0.032975775083866864,0.032975775083866864
143662,COLUMBIA BANK,researcher_lambda_1.25,Researcher sensitivity scenario,dynamic_fe,LIMITED_CHALLENGER,CI,346688.6465962278,346688.6465962278,6338506.0,7690160.0,0.05469564067561469,0.05469564067561469
143662,COLUMBIA BANK,researcher_unemployment_only,Researcher partial-shock sensitivity,ar_mean,FORMAL_BASELINE,CI,173163.24719419348,173163.24719419348,6338506.0,7690160.0,0.02731925270626761,0.02731925270626761
143662,COLUMBIA BANK,researcher_unemployment_only,Researcher partial-shock sensitivity,ar_mean,FORMAL_BASELINE,CRE,209017.1482237406,209017.1482237406,6338506.0,27260493.0,0.032975775083866864,0.032975775083866864
143662,COLUMBIA BANK,researcher_unemployment_only,Researcher partial-shock sensitivity,dynamic_fe,LIMITED_CHALLENGER,CI,141741.89642190462,141741.89642190462,6338506.0,7690160.0,0.02236203553675024,0.02236203553675024
143662,COLUMBIA BANK,severely_adverse,Fed official,ar_mean,FORMAL_BASELINE,CI,173163.24719419348,173163.24719419348,6338506.0,7690160.0,0.02731925270626761,0.02731925270626761
143662,COLUMBIA BANK,severely_adverse,Fed official,ar_mean,FORMAL_BASELINE,CRE,209017.1482237406,209017.1482237406,6338506.0,27260493.0,0.032975775083866864,0.032975775083866864
143662,COLUMBIA BANK,severely_adverse,Fed official,dynamic_fe,LIMITED_CHALLENGER,CI,302601.3315056957,302601.3315056957,6338506.0,7690160.0,0.04774016645337177,0.04774016645337177
1842065,CIBC BANK USA,baseline,Fed official,ar_mean,FORMAL_BASELINE,CI,92790.90039287882,92790.90039287882,8311267.0,11258083.0,0.011164471120092619,0.011164471120092619
1842065,CIBC BANK USA,baseline,Fed official,ar_mean,FORMAL_BASELINE,CRE,136093.49913251717,136093.49913251717,8311267.0,17124047.0,0.016374579126445722,0.016374579126445722
1842065,CIBC BANK USA,baseline,Fed official,dynamic_fe,LIMITED_CHALLENGER,CI,24035.877264756826,10843.793547282463,8311267.0,11258083.0,0.002891963074313077,0.0013047100456864715
1842065,CIBC BANK USA,researcher_cre_only,Researcher partial-shock sensitivity,ar_mean,FORMAL_BASELINE,CI,92790.90039287882,92790.90039287882,8311267.0,11258083.0,0.011164471120092619,0.011164471120092619
1842065,CIBC BANK USA,researcher_cre_only,Researcher partial-shock sensitivity,ar_mean,FORMAL_BASELINE,CRE,136093.49913251717,136093.49913251717,8311267.0,17124047.0,0.016374579126445722,0.016374579126445722
1842065,CIBC BANK USA,researcher_cre_only,Researcher partial-shock sensitivity,dynamic_fe,LIMITED_CHALLENGER,CI,24035.877264756826,10843.793547282463,8311267.0,11258083.0,0.002891963074313077,0.0013047100456864715
1842065,CIBC BANK USA,researcher_high_for_longer_rates,Researcher partial-shock sensitivity,ar_mean,FORMAL_BASELINE,CI,92790.90039287882,92790.90039287882,8311267.0,11258083.0,0.011164471120092619,0.011164471120092619
1842065,CIBC BANK USA,researcher_high_for_longer_rates,Researcher partial-shock sensitivity,ar_mean,FORMAL_BASELINE,CRE,136093.49913251717,136093.49913251717,8311267.0,17124047.0,0.016374579126445722,0.016374579126445722
1842065,CIBC BANK USA,researcher_high_for_longer_rates,Researcher partial-shock sensitivity,dynamic_fe,LIMITED_CHALLENGER,CI,25862.13860272749,22557.147004147137,8311267.0,11258083.0,0.003111696279607849,0.0027140443212986826
1842065,CIBC BANK USA,researcher_lambda_0.5,Researcher sensitivity scenario,ar_mean,FORMAL_BASELINE,CI,92790.90039287882,92790.90039287882,8311267.0,11258083.0,0.011164471120092619,0.011164471120092619
1842065,CIBC BANK USA,researcher_lambda_0.5,Researcher sensitivity scenario,ar_mean,FORMAL_BASELINE,CRE,136093.49913251717,136093.49913251717,8311267.0,17124047.0,0.016374579126445722,0.016374579126445722
1842065,CIBC BANK USA,researcher_lambda_0.5,Researcher sensitivity scenario,dynamic_fe,LIMITED_CHALLENGER,CI,139958.46779650144,139958.46779650144,8311267.0,11258083.0,0.016839606740645132,0.016839606740645132
1842065,CIBC BANK USA,researcher_lambda_1,Researcher sensitivity scenario,ar_mean,FORMAL_BASELINE,CI,92790.90039287882,92790.90039287882,8311267.0,11258083.0,0.011164471120092619,0.011164471120092619
1842065,CIBC BANK USA,researcher_lambda_1,Researcher sensitivity scenario,ar_mean,FORMAL_BASELINE,CRE,136093.49913251717,136093.49913251717,8311267.0,17124047.0,0.016374579126445722,0.016374579126445722
1842065,CIBC BANK USA,researcher_lambda_1,Researcher sensitivity scenario,dynamic_fe,LIMITED_CHALLENGER,CI,269056.0063544989,269056.0063544989,8311267.0,11258083.0,0.032372441693245914,0.032372441693245914
1842065,CIBC BANK USA,researcher_lambda_1.25,Researcher sensitivity scenario,ar_mean,FORMAL_BASELINE,CI,92790.90039287882,92790.90039287882,8311267.0,11258083.0,0.011164471120092619,0.011164471120092619
1842065,CIBC BANK USA,researcher_lambda_1.25,Researcher sensitivity scenario,ar_mean,FORMAL_BASELINE,CRE,136093.49913251717,136093.49913251717,8311267.0,17124047.0,0.016374579126445722,0.016374579126445722
1842065,CIBC BANK USA,researcher_lambda_1.25,Researcher sensitivity scenario,dynamic_fe,LIMITED_CHALLENGER,CI,333598.05132318137,333598.05132318137,8311267.0,11258083.0,0.04013805010995091,0.04013805010995091
1842065,CIBC BANK USA,researcher_unemployment_only,Researcher partial-shock sensitivity,ar_mean,FORMAL_BASELINE,CI,92790.90039287882,92790.90039287882,8311267.0,11258083.0,0.011164471120092619,0.011164471120092619
1842065,CIBC BANK USA,researcher_unemployment_only,Researcher partial-shock sensitivity,ar_mean,FORMAL_BASELINE,CRE,136093.49913251717,136093.49913251717,8311267.0,17124047.0,0.016374579126445722,0.016374579126445722
1842065,CIBC BANK USA,researcher_unemployment_only,Researcher partial-shock sensitivity,dynamic_fe,LIMITED_CHALLENGER,CI,33564.30377530266,33564.30377530266,8311267.0,11258083.0,0.004038410001183052,0.004038410001183052
1842065,CIBC BANK USA,severely_adverse,Fed official,ar_mean,FORMAL_BASELINE,CI,92790.90039287882,92790.90039287882,8311267.0,11258083.0,0.011164471120092619,0.011164471120092619
1842065,CIBC BANK USA,severely_adverse,Fed official,ar_mean,FORMAL_BASELINE,CRE,136093.49913251717,136093.49913251717,8311267.0,17124047.0,0.016374579126445722,0.016374579126445722
1842065,CIBC BANK USA,severely_adverse,Fed official,dynamic_fe,LIMITED_CHALLENGER,CI,269056.0063544989,269056.0063544989,8311267.0,11258083.0,0.032372441693245914,0.032372441693245914
1929247,SOUTHSTATE BANK NA,baseline,Fed official,ar_mean,FORMAL_BASELINE,CI,63875.316556728205,63875.316556728205,6496379.0,7030269.0,0.009832449208509573,0.009832449208509573
1929247,SOUTHSTATE BANK NA,baseline,Fed official,ar_mean,FORMAL_BASELINE,CRE,118816.34653536408,118816.34653536408,6496379.0,26757495.0,0.018289626657460114,0.018289626657460114
1929247,SOUTHSTATE BANK NA,baseline,Fed official,dynamic_fe,LIMITED_CHALLENGER,CI,10437.060232705437,6167.681611439487,6496379.0,7030269.0,0.0016065965721374072,0.0009494029845610127
1929247,SOUTHSTATE BANK NA,researcher_cre_only,Researcher partial-shock sensitivity,ar_mean,FORMAL_BASELINE,CI,63875.316556728205,63875.316556728205,6496379.0,7030269.0,0.009832449208509573,0.009832449208509573
1929247,SOUTHSTATE BANK NA,researcher_cre_only,Researcher partial-shock sensitivity,ar_mean,FORMAL_BASELINE,CRE,118816.34653536408,118816.34653536408,6496379.0,26757495.0,0.018289626657460114,0.018289626657460114
1929247,SOUTHSTATE BANK NA,researcher_cre_only,Researcher partial-shock sensitivity,dynamic_fe,LIMITED_CHALLENGER,CI,10437.060232705437,6167.681611439487,6496379.0,7030269.0,0.0016065965721374072,0.0009494029845610127
1929247,SOUTHSTATE BANK NA,researcher_high_for_longer_rates,Researcher partial-shock sensitivity,ar_mean,FORMAL_BASELINE,CI,63875.316556728205,63875.316556728205,6496379.0,7030269.0,0.009832449208509573,0.009832449208509573
1929247,SOUTHSTATE BANK NA,researcher_high_for_longer_rates,Researcher partial-shock sensitivity,ar_mean,FORMAL_BASELINE,CRE,118816.34653536408,118816.34653536408,6496379.0,26757495.0,0.018289626657460114,0.018289626657460114
1929247,SOUTHSTATE BANK NA,researcher_high_for_longer_rates,Researcher partial-shock sensitivity,dynamic_fe,LIMITED_CHALLENGER,CI,13738.164331228743,13482.250680955012,6496379.0,7030269.0,0.0021147418171305497,0.0020753485412342803
1929247,SOUTHSTATE BANK NA,researcher_lambda_0.5,Researcher sensitivity scenario,ar_mean,FORMAL_BASELINE,CI,63875.316556728205,63875.316556728205,6496379.0,7030269.0,0.009832449208509573,0.009832449208509573
1929247,SOUTHSTATE BANK NA,researcher_lambda_0.5,Researcher sensitivity scenario,ar_mean,FORMAL_BASELINE,CRE,118816.34653536408,118816.34653536408,6496379.0,26757495.0,0.018289626657460114,0.018289626657460114
1929247,SOUTHSTATE BANK NA,researcher_lambda_0.5,Researcher sensitivity scenario,dynamic_fe,LIMITED_CHALLENGER,CI,86795.16426717959,86795.16426717959,6496379.0,7030269.0,0.013360545046275716,0.013360545046275716
1929247,SOUTHSTATE BANK NA,researcher_lambda_1,Researcher sensitivity scenario,ar_mean,FORMAL_BASELINE,CI,63875.316556728205,63875.316556728205,6496379.0,7030269.0,0.009832449208509573,0.009832449208509573
1929247,SOUTHSTATE BANK NA,researcher_lambda_1,Researcher sensitivity scenario,ar_mean,FORMAL_BASELINE,CRE,118816.34653536408,118816.34653536408,6496379.0,26757495.0,0.018289626657460114,0.018289626657460114
1929247,SOUTHSTATE BANK NA,researcher_lambda_1,Researcher sensitivity scenario,dynamic_fe,LIMITED_CHALLENGER,CI,167411.94629841833,167411.94629841833,6496379.0,7030269.0,0.025770039940468118,0.025770039940468118
1929247,SOUTHSTATE BANK NA,researcher_lambda_1.25,Researcher sensitivity scenario,ar_mean,FORMAL_BASELINE,CI,63875.316556728205,63875.316556728205,6496379.0,7030269.0,0.009832449208509573,0.009832449208509573
1929247,SOUTHSTATE BANK NA,researcher_lambda_1.25,Researcher sensitivity scenario,ar_mean,FORMAL_BASELINE,CRE,118816.34653536408,118816.34653536408,6496379.0,26757495.0,0.018289626657460114,0.018289626657460114
1929247,SOUTHSTATE BANK NA,researcher_lambda_1.25,Researcher sensitivity scenario,dynamic_fe,LIMITED_CHALLENGER,CI,207716.13822344982,207716.13822344982,6496379.0,7030269.0,0.031974141013547674,0.031974141013547674
1929247,SOUTHSTATE BANK NA,researcher_unemployment_only,Researcher partial-shock sensitivity,ar_mean,FORMAL_BASELINE,CI,63875.316556728205,63875.316556728205,6496379.0,7030269.0,0.009832449208509573,0.009832449208509573
1929247,SOUTHSTATE BANK NA,researcher_unemployment_only,Researcher partial-shock sensitivity,ar_mean,FORMAL_BASELINE,CRE,118816.34653536408,118816.34653536408,6496379.0,26757495.0,0.018289626657460114,0.018289626657460114
1929247,SOUTHSTATE BANK NA,researcher_unemployment_only,Researcher partial-shock sensitivity,dynamic_fe,LIMITED_CHALLENGER,CI,20355.825251900595,20355.825251900595,6496379.0,7030269.0,0.003133410974313628,0.003133410974313628
1929247,SOUTHSTATE BANK NA,severely_adverse,Fed official,ar_mean,FORMAL_BASELINE,CI,63875.316556728205,63875.316556728205,6496379.0,7030269.0,0.009832449208509573,0.009832449208509573
1929247,SOUTHSTATE BANK NA,severely_adverse,Fed official,ar_mean,FORMAL_BASELINE,CRE,118816.34653536408,118816.34653536408,6496379.0,26757495.0,0.018289626657460114,0.018289626657460114
1929247,SOUTHSTATE BANK NA,severely_adverse,Fed official,dynamic_fe,LIMITED_CHALLENGER,CI,167411.94629841833,167411.94629841833,6496379.0,7030269.0,0.025770039940468118,0.025770039940468118
197478,EAST WEST BANK,baseline,Fed official,ar_mean,FORMAL_BASELINE,CI,156601.50701613145,156601.50701613145,7973536.0,9975903.0,0.01964015801974575,0.01964015801974575
197478,EAST WEST BANK,baseline,Fed official,ar_mean,FORMAL_BASELINE,CRE,12903.079744220784,12903.079744220784,7973536.0,21277817.0,0.0016182380996612774,0.0016182380996612774
197478,EAST WEST BANK,baseline,Fed official,dynamic_fe,LIMITED_CHALLENGER,CI,67893.70449318275,67893.70449318275,7973536.0,9975903.0,0.008514880285632718,0.008514880285632718
197478,EAST WEST BANK,researcher_cre_only,Researcher partial-shock sensitivity,ar_mean,FORMAL_BASELINE,CI,156601.50701613145,156601.50701613145,7973536.0,9975903.0,0.01964015801974575,0.01964015801974575
197478,EAST WEST BANK,researcher_cre_only,Researcher partial-shock sensitivity,ar_mean,FORMAL_BASELINE,CRE,12903.079744220784,12903.079744220784,7973536.0,21277817.0,0.0016182380996612774,0.0016182380996612774
197478,EAST WEST BANK,researcher_cre_only,Researcher partial-shock sensitivity,dynamic_fe,LIMITED_CHALLENGER,CI,67893.70449318275,67893.70449318275,7973536.0,9975903.0,0.008514880285632718,0.008514880285632718
197478,EAST WEST BANK,researcher_high_for_longer_rates,Researcher partial-shock sensitivity,ar_mean,FORMAL_BASELINE,CI,156601.50701613145,156601.50701613145,7973536.0,9975903.0,0.01964015801974575,0.01964015801974575
197478,EAST WEST BANK,researcher_high_for_longer_rates,Researcher partial-shock sensitivity,ar_mean,FORMAL_BASELINE,CRE,12903.079744220784,12903.079744220784,7973536.0,21277817.0,0.0016182380996612774,0.0016182380996612774
197478,EAST WEST BANK,researcher_high_for_longer_rates,Researcher partial-shock sensitivity,dynamic_fe,LIMITED_CHALLENGER,CI,78273.02732198023,78273.02732198023,7973536.0,9975903.0,0.009816601733782883,0.009816601733782883
197478,EAST WEST BANK,researcher_lambda_0.5,Researcher sensitivity scenario,ar_mean,FORMAL_BASELINE,CI,156601.50701613145,156601.50701613145,7973536.0,9975903.0,0.01964015801974575,0.01964015801974575
197478,EAST WEST BANK,researcher_lambda_0.5,Researcher sensitivity scenario,ar_mean,FORMAL_BASELINE,CRE,12903.079744220784,12903.079744220784,7973536.0,21277817.0,0.0016182380996612774,0.0016182380996612774
197478,EAST WEST BANK,researcher_lambda_0.5,Researcher sensitivity scenario,dynamic_fe,LIMITED_CHALLENGER,CI,182303.5437337361,182303.5437337361,7973536.0,9975903.0,0.02286357567505008,0.02286357567505008
197478,EAST WEST BANK,researcher_lambda_1,Researcher sensitivity scenario,ar_mean,FORMAL_BASELINE,CI,156601.50701613145,156601.50701613145,7973536.0,9975903.0,0.01964015801974575,0.01964015801974575
197478,EAST WEST BANK,researcher_lambda_1,Researcher sensitivity scenario,ar_mean,FORMAL_BASELINE,CRE,12903.079744220784,12903.079744220784,7973536.0,21277817.0,0.0016182380996612774,0.0016182380996612774
197478,EAST WEST BANK,researcher_lambda_1,Researcher sensitivity scenario,dynamic_fe,LIMITED_CHALLENGER,CI,296698.198862264,296698.198862264,7973536.0,9975903.0,0.03721036675099529,0.03721036675099529
197478,EAST WEST BANK,researcher_lambda_1.25,Researcher sensitivity scenario,ar_mean,FORMAL_BASELINE,CI,156601.50701613145,156601.50701613145,7973536.0,9975903.0,0.01964015801974575,0.01964015801974575
197478,EAST WEST BANK,researcher_lambda_1.25,Researcher sensitivity scenario,ar_mean,FORMAL_BASELINE,CRE,12903.079744220784,12903.079744220784,7973536.0,21277817.0,0.0016182380996612774,0.0016182380996612774
197478,EAST WEST BANK,researcher_lambda_1.25,Researcher sensitivity scenario,dynamic_fe,LIMITED_CHALLENGER,CI,353889.56794607814,353889.56794607814,7973536.0,9975903.0,0.0443830150069026,0.0443830150069026
197478,EAST WEST BANK,researcher_unemployment_only,Researcher partial-shock sensitivity,ar_mean,FORMAL_BASELINE,CI,156601.50701613145,156601.50701613145,7973536.0,9975903.0,0.01964015801974575,0.01964015801974575
197478,EAST WEST BANK,researcher_unemployment_only,Researcher partial-shock sensitivity,ar_mean,FORMAL_BASELINE,CRE,12903.079744220784,12903.079744220784,7973536.0,21277817.0,0.0016182380996612774,0.0016182380996612774
197478,EAST WEST BANK,researcher_unemployment_only,Researcher partial-shock sensitivity,dynamic_fe,LIMITED_CHALLENGER,CI,88026.58201284906,88026.58201284906,7973536.0,9975903.0,0.01103984255076406,0.01103984255076406
197478,EAST WEST BANK,severely_adverse,Fed official,ar_mean,FORMAL_BASELINE,CI,156601.50701613145,156601.50701613145,7973536.0,9975903.0,0.01964015801974575,0.01964015801974575
197478,EAST WEST BANK,severely_adverse,Fed official,ar_mean,FORMAL_BASELINE,CRE,12903.079744220784,12903.079744220784,7973536.0,21277817.0,0.0016182380996612774,0.0016182380996612774
197478,EAST WEST BANK,severely_adverse,Fed official,dynamic_fe,LIMITED_CHALLENGER,CI,296698.198862264,296698.198862264,7973536.0,9975903.0,0.03721036675099529,0.03721036675099529
208244,OLD NATIONAL BANK,baseline,Fed official,ar_mean,FORMAL_BASELINE,CI,130843.03805892072,130843.03805892072,5899410.0,10728457.0,0.022179004012082688,0.022179004012082688
208244,OLD NATIONAL BANK,baseline,Fed official,ar_mean,FORMAL_BASELINE,CRE,20240.059655474437,20240.059655474437,5899410.0,22476599.0,0.0034308616718408177,0.0034308616718408177
208244,OLD NATIONAL BANK,baseline,Fed official,dynamic_fe,LIMITED_CHALLENGER,CI,52659.26413857236,52659.26413857236,5899410.0,10728457.0,0.008926191625700259,0.008926191625700259
208244,OLD NATIONAL BANK,researcher_cre_only,Researcher partial-shock sensitivity,ar_mean,FORMAL_BASELINE,CI,130843.03805892072,130843.03805892072,5899410.0,10728457.0,0.022179004012082688,0.022179004012082688
208244,OLD NATIONAL BANK,researcher_cre_only,Researcher partial-shock sensitivity,ar_mean,FORMAL_BASELINE,CRE,20240.059655474437,20240.059655474437,5899410.0,22476599.0,0.0034308616718408177,0.0034308616718408177
208244,OLD NATIONAL BANK,researcher_cre_only,Researcher partial-shock sensitivity,dynamic_fe,LIMITED_CHALLENGER,CI,52659.26413857236,52659.26413857236,5899410.0,10728457.0,0.008926191625700259,0.008926191625700259
208244,OLD NATIONAL BANK,researcher_high_for_longer_rates,Researcher partial-shock sensitivity,ar_mean,FORMAL_BASELINE,CI,130843.03805892072,130843.03805892072,5899410.0,10728457.0,0.022179004012082688,0.022179004012082688
208244,OLD NATIONAL BANK,researcher_high_for_longer_rates,Researcher partial-shock sensitivity,ar_mean,FORMAL_BASELINE,CRE,20240.059655474437,20240.059655474437,5899410.0,22476599.0,0.0034308616718408177,0.0034308616718408177
208244,OLD NATIONAL BANK,researcher_high_for_longer_rates,Researcher partial-shock sensitivity,dynamic_fe,LIMITED_CHALLENGER,CI,63821.573822003724,63821.573822003724,5899410.0,10728457.0,0.010818297731807711,0.010818297731807711
208244,OLD NATIONAL BANK,researcher_lambda_0.5,Researcher sensitivity scenario,ar_mean,FORMAL_BASELINE,CI,130843.03805892072,130843.03805892072,5899410.0,10728457.0,0.022179004012082688,0.022179004012082688
208244,OLD NATIONAL BANK,researcher_lambda_0.5,Researcher sensitivity scenario,ar_mean,FORMAL_BASELINE,CRE,20240.059655474437,20240.059655474437,5899410.0,22476599.0,0.0034308616718408177,0.0034308616718408177
208244,OLD NATIONAL BANK,researcher_lambda_0.5,Researcher sensitivity scenario,dynamic_fe,LIMITED_CHALLENGER,CI,175699.85912723545,175699.85912723545,5899410.0,10728457.0,0.029782615401749573,0.029782615401749573
208244,OLD NATIONAL BANK,researcher_lambda_1,Researcher sensitivity scenario,ar_mean,FORMAL_BASELINE,CI,130843.03805892072,130843.03805892072,5899410.0,10728457.0,0.022179004012082688,0.022179004012082688
208244,OLD NATIONAL BANK,researcher_lambda_1,Researcher sensitivity scenario,ar_mean,FORMAL_BASELINE,CRE,20240.059655474437,20240.059655474437,5899410.0,22476599.0,0.0034308616718408177,0.0034308616718408177
208244,OLD NATIONAL BANK,researcher_lambda_1,Researcher sensitivity scenario,dynamic_fe,LIMITED_CHALLENGER,CI,298724.12455726624,298724.12455726624,5899410.0,10728457.0,0.050636271179196946,0.050636271179196946
208244,OLD NATIONAL BANK,researcher_lambda_1.25,Researcher sensitivity scenario,ar_mean,FORMAL_BASELINE,CI,130843.03805892072,130843.03805892072,5899410.0,10728457.0,0.022179004012082688,0.022179004012082688
208244,OLD NATIONAL BANK,researcher_lambda_1.25,Researcher sensitivity scenario,ar_mean,FORMAL_BASELINE,CRE,20240.059655474437,20240.059655474437,5899410.0,22476599.0,0.0034308616718408177,0.0034308616718408177
208244,OLD NATIONAL BANK,researcher_lambda_1.25,Researcher sensitivity scenario,dynamic_fe,LIMITED_CHALLENGER,CI,360229.8493008639,360229.8493008639,5899410.0,10728457.0,0.061062012862449624,0.061062012862449624
208244,OLD NATIONAL BANK,researcher_unemployment_only,Researcher partial-shock sensitivity,ar_mean,FORMAL_BASELINE,CI,130843.03805892072,130843.03805892072,5899410.0,10728457.0,0.022179004012082688,0.022179004012082688
208244,OLD NATIONAL BANK,researcher_unemployment_only,Researcher partial-shock sensitivity,ar_mean,FORMAL_BASELINE,CRE,20240.059655474437,20240.059655474437,5899410.0,22476599.0,0.0034308616718408177,0.0034308616718408177
208244,OLD NATIONAL BANK,researcher_unemployment_only,Researcher partial-shock sensitivity,dynamic_fe,LIMITED_CHALLENGER,CI,74310.90918323713,74310.90918323713,5899410.0,10728457.0,0.01259632898598964,0.01259632898598964
208244,OLD NATIONAL BANK,severely_adverse,Fed official,ar_mean,FORMAL_BASELINE,CI,130843.03805892072,130843.03805892072,5899410.0,10728457.0,0.022179004012082688,0.022179004012082688
208244,OLD NATIONAL BANK,severely_adverse,Fed official,ar_mean,FORMAL_BASELINE,CRE,20240.059655474437,20240.059655474437,5899410.0,22476599.0,0.0034308616718408177,0.0034308616718408177
208244,OLD NATIONAL BANK,severely_adverse,Fed official,dynamic_fe,LIMITED_CHALLENGER,CI,298724.12455726624,298724.12455726624,5899410.0,10728457.0,0.050636271179196946,0.050636271179196946
229801,VALLEY NATIONAL BANK,baseline,Fed official,ar_mean,FORMAL_BASELINE,CI,82640.5256829867,82640.5256829867,6297558.0,7892049.0,0.01312263034067915,0.01312263034067915
229801,VALLEY NATIONAL BANK,baseline,Fed official,ar_mean,FORMAL_BASELINE,CRE,66634.53794642835,66634.53794642835,6297558.0,29256828.0,0.010581012187014132,0.010581012187014132
229801,VALLEY NATIONAL BANK,baseline,Fed official,dynamic_fe,LIMITED_CHALLENGER,CI,25340.970072315016,25340.970072315016,6297558.0,7892049.0,0.004023935956177778,0.004023935956177778
229801,VALLEY NATIONAL BANK,researcher_cre_only,Researcher partial-shock sensitivity,ar_mean,FORMAL_BASELINE,CI,82640.5256829867,82640.5256829867,6297558.0,7892049.0,0.01312263034067915,0.01312263034067915
229801,VALLEY NATIONAL BANK,researcher_cre_only,Researcher partial-shock sensitivity,ar_mean,FORMAL_BASELINE,CRE,66634.53794642835,66634.53794642835,6297558.0,29256828.0,0.010581012187014132,0.010581012187014132
229801,VALLEY NATIONAL BANK,researcher_cre_only,Researcher partial-shock sensitivity,dynamic_fe,LIMITED_CHALLENGER,CI,25340.970072315016,25340.970072315016,6297558.0,7892049.0,0.004023935956177778,0.004023935956177778
229801,VALLEY NATIONAL BANK,researcher_high_for_longer_rates,Researcher partial-shock sensitivity,ar_mean,FORMAL_BASELINE,CI,82640.5256829867,82640.5256829867,6297558.0,7892049.0,0.01312263034067915,0.01312263034067915
229801,VALLEY NATIONAL BANK,researcher_high_for_longer_rates,Researcher partial-shock sensitivity,ar_mean,FORMAL_BASELINE,CRE,66634.53794642835,66634.53794642835,6297558.0,29256828.0,0.010581012187014132,0.010581012187014132
229801,VALLEY NATIONAL BANK,researcher_high_for_longer_rates,Researcher partial-shock sensitivity,dynamic_fe,LIMITED_CHALLENGER,CI,33552.1690336209,33552.1690336209,6297558.0,7892049.0,0.005327806275642225,0.005327806275642225
229801,VALLEY NATIONAL BANK,researcher_lambda_0.5,Researcher sensitivity scenario,ar_mean,FORMAL_BASELINE,CI,82640.5256829867,82640.5256829867,6297558.0,7892049.0,0.01312263034067915,0.01312263034067915
229801,VALLEY NATIONAL BANK,researcher_lambda_0.5,Researcher sensitivity scenario,ar_mean,FORMAL_BASELINE,CRE,66634.53794642835,66634.53794642835,6297558.0,29256828.0,0.010581012187014132,0.010581012187014132
229801,VALLEY NATIONAL BANK,researcher_lambda_0.5,Researcher sensitivity scenario,dynamic_fe,LIMITED_CHALLENGER,CI,115851.87994870111,115851.87994870111,6297558.0,7892049.0,0.018396318056729467,0.018396318056729467
229801,VALLEY NATIONAL BANK,researcher_lambda_1,Researcher sensitivity scenario,ar_mean,FORMAL_BASELINE,CI,82640.5256829867,82640.5256829867,6297558.0,7892049.0,0.01312263034067915,0.01312263034067915
229801,VALLEY NATIONAL BANK,researcher_lambda_1,Researcher sensitivity scenario,ar_mean,FORMAL_BASELINE,CRE,66634.53794642835,66634.53794642835,6297558.0,29256828.0,0.010581012187014132,0.010581012187014132
229801,VALLEY NATIONAL BANK,researcher_lambda_1,Researcher sensitivity scenario,dynamic_fe,LIMITED_CHALLENGER,CI,206350.77750338294,206350.77750338294,6297558.0,7892049.0,0.032766792700183615,0.032766792700183615
229801,VALLEY NATIONAL BANK,researcher_lambda_1.25,Researcher sensitivity scenario,ar_mean,FORMAL_BASELINE,CI,82640.5256829867,82640.5256829867,6297558.0,7892049.0,0.01312263034067915,0.01312263034067915
229801,VALLEY NATIONAL BANK,researcher_lambda_1.25,Researcher sensitivity scenario,ar_mean,FORMAL_BASELINE,CRE,66634.53794642835,66634.53794642835,6297558.0,29256828.0,0.010581012187014132,0.010581012187014132
229801,VALLEY NATIONAL BANK,researcher_lambda_1.25,Researcher sensitivity scenario,dynamic_fe,LIMITED_CHALLENGER,CI,251595.51245986228,251595.51245986228,6297558.0,7892049.0,0.039951281506238175,0.039951281506238175
229801,VALLEY NATIONAL BANK,researcher_unemployment_only,Researcher partial-shock sensitivity,ar_mean,FORMAL_BASELINE,CI,82640.5256829867,82640.5256829867,6297558.0,7892049.0,0.01312263034067915,0.01312263034067915
229801,VALLEY NATIONAL BANK,researcher_unemployment_only,Researcher partial-shock sensitivity,ar_mean,FORMAL_BASELINE,CRE,66634.53794642835,66634.53794642835,6297558.0,29256828.0,0.010581012187014132,0.010581012187014132
229801,VALLEY NATIONAL BANK,researcher_unemployment_only,Researcher partial-shock sensitivity,dynamic_fe,LIMITED_CHALLENGER,CI,41268.31578690394,41268.31578690394,6297558.0,7892049.0,0.006553066408741919,0.006553066408741919
229801,VALLEY NATIONAL BANK,severely_adverse,Fed official,ar_mean,FORMAL_BASELINE,CI,82640.5256829867,82640.5256829867,6297558.0,7892049.0,0.01312263034067915,0.01312263034067915
229801,VALLEY NATIONAL BANK,severely_adverse,Fed official,ar_mean,FORMAL_BASELINE,CRE,66634.53794642835,66634.53794642835,6297558.0,29256828.0,0.010581012187014132,0.010581012187014132
229801,VALLEY NATIONAL BANK,severely_adverse,Fed official,dynamic_fe,LIMITED_CHALLENGER,CI,206350.77750338294,206350.77750338294,6297558.0,7892049.0,0.032766792700183615,0.032766792700183615
233031,REGIONS BANK,baseline,Fed official,ar_mean,FORMAL_BASELINE,CI,392588.26928289677,392588.26928289677,14475000.0,25585000.0,0.027121814803654352,0.027121814803654352
233031,REGIONS BANK,baseline,Fed official,ar_mean,FORMAL_BASELINE,CRE,31463.814196631312,31463.814196631312,14475000.0,15164000.0,0.0021736659203199526,0.0021736659203199526
233031,REGIONS BANK,baseline,Fed official,dynamic_fe,LIMITED_CHALLENGER,CI,192454.21001579694,192454.21001579694,14475000.0,25585000.0,0.013295627634942794,0.013295627634942794
233031,REGIONS BANK,researcher_cre_only,Researcher partial-shock sensitivity,ar_mean,FORMAL_BASELINE,CI,392588.26928289677,392588.26928289677,14475000.0,25585000.0,0.027121814803654352,0.027121814803654352
233031,REGIONS BANK,researcher_cre_only,Researcher partial-shock sensitivity,ar_mean,FORMAL_BASELINE,CRE,31463.814196631312,31463.814196631312,14475000.0,15164000.0,0.0021736659203199526,0.0021736659203199526
233031,REGIONS BANK,researcher_cre_only,Researcher partial-shock sensitivity,dynamic_fe,LIMITED_CHALLENGER,CI,192454.21001579694,192454.21001579694,14475000.0,25585000.0,0.013295627634942794,0.013295627634942794
233031,REGIONS BANK,researcher_high_for_longer_rates,Researcher partial-shock sensitivity,ar_mean,FORMAL_BASELINE,CI,392588.26928289677,392588.26928289677,14475000.0,25585000.0,0.027121814803654352,0.027121814803654352
233031,REGIONS BANK,researcher_high_for_longer_rates,Researcher partial-shock sensitivity,ar_mean,FORMAL_BASELINE,CRE,31463.814196631312,31463.814196631312,14475000.0,15164000.0,0.0021736659203199526,0.0021736659203199526
233031,REGIONS BANK,researcher_high_for_longer_rates,Researcher partial-shock sensitivity,dynamic_fe,LIMITED_CHALLENGER,CI,219073.85282655637,219073.85282655637,14475000.0,25585000.0,0.015134635773855362,0.015134635773855362
233031,REGIONS BANK,researcher_lambda_0.5,Researcher sensitivity scenario,ar_mean,FORMAL_BASELINE,CI,392588.26928289677,392588.26928289677,14475000.0,25585000.0,0.027121814803654352,0.027121814803654352
233031,REGIONS BANK,researcher_lambda_0.5,Researcher sensitivity scenario,ar_mean,FORMAL_BASELINE,CRE,31463.814196631312,31463.814196631312,14475000.0,15164000.0,0.0021736659203199526,0.0021736659203199526
233031,REGIONS BANK,researcher_lambda_0.5,Researcher sensitivity scenario,dynamic_fe,LIMITED_CHALLENGER,CI,485878.8490654707,485878.8490654707,14475000.0,25585000.0,0.03356675986635376,0.03356675986635376
233031,REGIONS BANK,researcher_lambda_1,Researcher sensitivity scenario,ar_mean,FORMAL_BASELINE,CI,392588.26928289677,392588.26928289677,14475000.0,25585000.0,0.027121814803654352,0.027121814803654352
233031,REGIONS BANK,researcher_lambda_1,Researcher sensitivity scenario,ar_mean,FORMAL_BASELINE,CRE,31463.814196631312,31463.814196631312,14475000.0,15164000.0,0.0021736659203199526,0.0021736659203199526
233031,REGIONS BANK,researcher_lambda_1,Researcher sensitivity scenario,dynamic_fe,LIMITED_CHALLENGER,CI,779264.5457250499,779264.5457250499,14475000.0,25585000.0,0.05383520177720552,0.05383520177720552
233031,REGIONS BANK,researcher_lambda_1.25,Researcher sensitivity scenario,ar_mean,FORMAL_BASELINE,CI,392588.26928289677,392588.26928289677,14475000.0,25585000.0,0.027121814803654352,0.027121814803654352
233031,REGIONS BANK,researcher_lambda_1.25,Researcher sensitivity scenario,ar_mean,FORMAL_BASELINE,CRE,31463.814196631312,31463.814196631312,14475000.0,15164000.0,0.0021736659203199526,0.0021736659203199526
233031,REGIONS BANK,researcher_lambda_1.25,Researcher sensitivity scenario,dynamic_fe,LIMITED_CHALLENGER,CI,925942.1124585462,925942.1124585462,14475000.0,25585000.0,0.063968367009226,0.063968367009226
233031,REGIONS BANK,researcher_unemployment_only,Researcher partial-shock sensitivity,ar_mean,FORMAL_BASELINE,CI,392588.26928289677,392588.26928289677,14475000.0,25585000.0,0.027121814803654352,0.027121814803654352
233031,REGIONS BANK,researcher_unemployment_only,Researcher partial-shock sensitivity,ar_mean,FORMAL_BASELINE,CRE,31463.814196631312,31463.814196631312,14475000.0,15164000.0,0.0021736659203199526,0.0021736659203199526
233031,REGIONS BANK,researcher_unemployment_only,Researcher partial-shock sensitivity,dynamic_fe,LIMITED_CHALLENGER,CI,244088.60054071105,244088.60054071105,14475000.0,25585000.0,0.016862770330964495,0.016862770330964495
233031,REGIONS BANK,severely_adverse,Fed official,ar_mean,FORMAL_BASELINE,CI,392588.26928289677,392588.26928289677,14475000.0,25585000.0,0.027121814803654352,0.027121814803654352
233031,REGIONS BANK,severely_adverse,Fed official,ar_mean,FORMAL_BASELINE,CRE,31463.814196631312,31463.814196631312,14475000.0,15164000.0,0.0021736659203199526,0.0021736659203199526
233031,REGIONS BANK,severely_adverse,Fed official,dynamic_fe,LIMITED_CHALLENGER,CI,779264.5457250499,779264.5457250499,14475000.0,25585000.0,0.05383520177720552,0.05383520177720552
276579,ZIONS BCORP N A,baseline,Fed official,ar_mean,FORMAL_BASELINE,CI,189390.60912722052,189390.60912722052,8002555.0,14635445.0,0.02366626772664737,0.02366626772664737
276579,ZIONS BCORP N A,baseline,Fed official,ar_mean,FORMAL_BASELINE,CRE,6931.744297826129,6895.964252150039,8002555.0,23051368.0,0.0008661913973507372,0.0008617203195916853
276579,ZIONS BCORP N A,baseline,Fed official,dynamic_fe,LIMITED_CHALLENGER,CI,70929.86483248812,70929.86483248812,8002555.0,14635445.0,0.008863402354933908,0.008863402354933908
276579,ZIONS BCORP N A,researcher_cre_only,Researcher partial-shock sensitivity,ar_mean,FORMAL_BASELINE,CI,189390.60912722052,189390.60912722052,8002555.0,14635445.0,0.02366626772664737,0.02366626772664737
276579,ZIONS BCORP N A,researcher_cre_only,Researcher partial-shock sensitivity,ar_mean,FORMAL_BASELINE,CRE,6931.744297826129,6895.964252150039,8002555.0,23051368.0,0.0008661913973507372,0.0008617203195916853
276579,ZIONS BCORP N A,researcher_cre_only,Researcher partial-shock sensitivity,dynamic_fe,LIMITED_CHALLENGER,CI,70929.86483248812,70929.86483248812,8002555.0,14635445.0,0.008863402354933908,0.008863402354933908
276579,ZIONS BCORP N A,researcher_high_for_longer_rates,Researcher partial-shock sensitivity,ar_mean,FORMAL_BASELINE,CI,189390.60912722052,189390.60912722052,8002555.0,14635445.0,0.02366626772664737,0.02366626772664737
276579,ZIONS BCORP N A,researcher_high_for_longer_rates,Researcher partial-shock sensitivity,ar_mean,FORMAL_BASELINE,CRE,6931.744297826129,6895.964252150039,8002555.0,23051368.0,0.0008661913973507372,0.0008617203195916853
276579,ZIONS BCORP N A,researcher_high_for_longer_rates,Researcher partial-shock sensitivity,dynamic_fe,LIMITED_CHALLENGER,CI,86157.15888277206,86157.15888277206,8002555.0,14635445.0,0.010766206403176493,0.010766206403176493
276579,ZIONS BCORP N A,researcher_lambda_0.5,Researcher sensitivity scenario,ar_mean,FORMAL_BASELINE,CI,189390.60912722052,189390.60912722052,8002555.0,14635445.0,0.02366626772664737,0.02366626772664737
276579,ZIONS BCORP N A,researcher_lambda_0.5,Researcher sensitivity scenario,ar_mean,FORMAL_BASELINE,CRE,6931.744297826129,6895.964252150039,8002555.0,23051368.0,0.0008661913973507372,0.0008617203195916853
276579,ZIONS BCORP N A,researcher_lambda_0.5,Researcher sensitivity scenario,dynamic_fe,LIMITED_CHALLENGER,CI,238778.21998028381,238778.21998028381,8002555.0,14635445.0,0.02983774806674666,0.02983774806674666
276579,ZIONS BCORP N A,researcher_lambda_1,Researcher sensitivity scenario,ar_mean,FORMAL_BASELINE,CI,189390.60912722052,189390.60912722052,8002555.0,14635445.0,0.02366626772664737,0.02366626772664737
276579,ZIONS BCORP N A,researcher_lambda_1,Researcher sensitivity scenario,ar_mean,FORMAL_BASELINE,CRE,6931.744297826129,6895.964252150039,8002555.0,23051368.0,0.0008661913973507372,0.0008617203195916853
276579,ZIONS BCORP N A,researcher_lambda_1,Researcher sensitivity scenario,dynamic_fe,LIMITED_CHALLENGER,CI,406604.29882523016,406604.29882523016,8002555.0,14635445.0,0.05080931012973109,0.05080931012973109
276579,ZIONS BCORP N A,researcher_lambda_1.25,Researcher sensitivity scenario,ar_mean,FORMAL_BASELINE,CI,189390.60912722052,189390.60912722052,8002555.0,14635445.0,0.02366626772664737,0.02366626772664737
276579,ZIONS BCORP N A,researcher_lambda_1.25,Researcher sensitivity scenario,ar_mean,FORMAL_BASELINE,CRE,6931.744297826129,6895.964252150039,8002555.0,23051368.0,0.0008661913973507372,0.0008617203195916853
276579,ZIONS BCORP N A,researcher_lambda_1.25,Researcher sensitivity scenario,dynamic_fe,LIMITED_CHALLENGER,CI,490508.59668186156,490508.59668186156,8002555.0,14635445.0,0.06129399881436136,0.06129399881436136
276579,ZIONS BCORP N A,researcher_unemployment_only,Researcher partial-shock sensitivity,ar_mean,FORMAL_BASELINE,CI,189390.60912722052,189390.60912722052,8002555.0,14635445.0,0.02366626772664737,0.02366626772664737
276579,ZIONS BCORP N A,researcher_unemployment_only,Researcher partial-shock sensitivity,ar_mean,FORMAL_BASELINE,CRE,6931.744297826129,6895.964252150039,8002555.0,23051368.0,0.0008661913973507372,0.0008617203195916853
276579,ZIONS BCORP N A,researcher_unemployment_only,Researcher partial-shock sensitivity,dynamic_fe,LIMITED_CHALLENGER,CI,100466.40118722338,100466.40118722338,8002555.0,14635445.0,0.012554290621835574,0.012554290621835574
276579,ZIONS BCORP N A,severely_adverse,Fed official,ar_mean,FORMAL_BASELINE,CI,189390.60912722052,189390.60912722052,8002555.0,14635445.0,0.02366626772664737,0.02366626772664737
276579,ZIONS BCORP N A,severely_adverse,Fed official,ar_mean,FORMAL_BASELINE,CRE,6931.744297826129,6895.964252150039,8002555.0,23051368.0,0.0008661913973507372,0.0008617203195916853
276579,ZIONS BCORP N A,severely_adverse,Fed official,dynamic_fe,LIMITED_CHALLENGER,CI,406604.29882523016,406604.29882523016,8002555.0,14635445.0,0.05080931012973109,0.05080931012973109
280110,KEYBANK NATIONAL ASSN,baseline,Fed official,ar_mean,FORMAL_BASELINE,CI,505419.8314730888,505419.8314730888,18376004.0,34702974.0,0.027504338346524566,0.027504338346524566
280110,KEYBANK NATIONAL ASSN,baseline,Fed official,ar_mean,FORMAL_BASELINE,CRE,55995.48700711812,55995.48700711812,18376004.0,17197128.0,0.0030472069448351296,0.0030472069448351296
280110,KEYBANK NATIONAL ASSN,baseline,Fed official,dynamic_fe,LIMITED_CHALLENGER,CI,231243.26139193337,231243.26139193337,18376004.0,34702974.0,0.012583979704833182,0.012583979704833182
280110,KEYBANK NATIONAL ASSN,researcher_cre_only,Researcher partial-shock sensitivity,ar_mean,FORMAL_BASELINE,CI,505419.8314730888,505419.8314730888,18376004.0,34702974.0,0.027504338346524566,0.027504338346524566
280110,KEYBANK NATIONAL ASSN,researcher_cre_only,Researcher partial-shock sensitivity,ar_mean,FORMAL_BASELINE,CRE,55995.48700711812,55995.48700711812,18376004.0,17197128.0,0.0030472069448351296,0.0030472069448351296
280110,KEYBANK NATIONAL ASSN,researcher_cre_only,Researcher partial-shock sensitivity,dynamic_fe,LIMITED_CHALLENGER,CI,231243.26139193337,231243.26139193337,18376004.0,34702974.0,0.012583979704833182,0.012583979704833182
280110,KEYBANK NATIONAL ASSN,researcher_high_for_longer_rates,Researcher partial-shock sensitivity,ar_mean,FORMAL_BASELINE,CI,505419.8314730888,505419.8314730888,18376004.0,34702974.0,0.027504338346524566,0.027504338346524566
280110,KEYBANK NATIONAL ASSN,researcher_high_for_longer_rates,Researcher partial-shock sensitivity,ar_mean,FORMAL_BASELINE,CRE,55995.48700711812,55995.48700711812,18376004.0,17197128.0,0.0030472069448351296,0.0030472069448351296
280110,KEYBANK NATIONAL ASSN,researcher_high_for_longer_rates,Researcher partial-shock sensitivity,dynamic_fe,LIMITED_CHALLENGER,CI,267349.60387194395,267349.60387194395,18376004.0,34702974.0,0.014548843365072403,0.014548843365072403
280110,KEYBANK NATIONAL ASSN,researcher_lambda_0.5,Researcher sensitivity scenario,ar_mean,FORMAL_BASELINE,CI,505419.8314730888,505419.8314730888,18376004.0,34702974.0,0.027504338346524566,0.027504338346524566
280110,KEYBANK NATIONAL ASSN,researcher_lambda_0.5,Researcher sensitivity scenario,ar_mean,FORMAL_BASELINE,CRE,55995.48700711812,55995.48700711812,18376004.0,17197128.0,0.0030472069448351296,0.0030472069448351296
280110,KEYBANK NATIONAL ASSN,researcher_lambda_0.5,Researcher sensitivity scenario,dynamic_fe,LIMITED_CHALLENGER,CI,629238.478116585,629238.478116585,18376004.0,34702974.0,0.03424239993181244,0.03424239993181244
280110,KEYBANK NATIONAL ASSN,researcher_lambda_1,Researcher sensitivity scenario,ar_mean,FORMAL_BASELINE,CI,505419.8314730888,505419.8314730888,18376004.0,34702974.0,0.027504338346524566,0.027504338346524566
280110,KEYBANK NATIONAL ASSN,researcher_lambda_1,Researcher sensitivity scenario,ar_mean,FORMAL_BASELINE,CRE,55995.48700711812,55995.48700711812,18376004.0,17197128.0,0.0030472069448351296,0.0030472069448351296
280110,KEYBANK NATIONAL ASSN,researcher_lambda_1,Researcher sensitivity scenario,dynamic_fe,LIMITED_CHALLENGER,CI,1027180.8741747934,1027180.8741747934,18376004.0,34702974.0,0.05589794572175721,0.05589794572175721
280110,KEYBANK NATIONAL ASSN,researcher_lambda_1.25,Researcher sensitivity scenario,ar_mean,FORMAL_BASELINE,CI,505419.8314730888,505419.8314730888,18376004.0,34702974.0,0.027504338346524566,0.027504338346524566
280110,KEYBANK NATIONAL ASSN,researcher_lambda_1.25,Researcher sensitivity scenario,ar_mean,FORMAL_BASELINE,CRE,55995.48700711812,55995.48700711812,18376004.0,17197128.0,0.0030472069448351296,0.0030472069448351296
280110,KEYBANK NATIONAL ASSN,researcher_lambda_1.25,Researcher sensitivity scenario,dynamic_fe,LIMITED_CHALLENGER,CI,1226131.3445572748,1226131.3445572748,18376004.0,34702974.0,0.0667245906431711,0.0667245906431711
280110,KEYBANK NATIONAL ASSN,researcher_unemployment_only,Researcher partial-shock sensitivity,ar_mean,FORMAL_BASELINE,CI,505419.8314730888,505419.8314730888,18376004.0,34702974.0,0.027504338346524566,0.027504338346524566
280110,KEYBANK NATIONAL ASSN,researcher_unemployment_only,Researcher partial-shock sensitivity,ar_mean,FORMAL_BASELINE,CRE,55995.48700711812,55995.48700711812,18376004.0,17197128.0,0.0030472069448351296,0.0030472069448351296
280110,KEYBANK NATIONAL ASSN,researcher_unemployment_only,Researcher partial-shock sensitivity,dynamic_fe,LIMITED_CHALLENGER,CI,301279.09926146397,301279.09926146397,18376004.0,34702974.0,0.01639524562910761,0.01639524562910761
280110,KEYBANK NATIONAL ASSN,severely_adverse,Fed official,ar_mean,FORMAL_BASELINE,CI,505419.8314730888,505419.8314730888,18376004.0,34702974.0,0.027504338346524566,0.027504338346524566
280110,KEYBANK NATIONAL ASSN,severely_adverse,Fed official,ar_mean,FORMAL_BASELINE,CRE,55995.48700711812,55995.48700711812,18376004.0,17197128.0,0.0030472069448351296,0.0030472069448351296
280110,KEYBANK NATIONAL ASSN,severely_adverse,Fed official,dynamic_fe,LIMITED_CHALLENGER,CI,1027180.8741747934,1027180.8741747934,18376004.0,34702974.0,0.05589794572175721,0.05589794572175721
2925666,PINNACLE BANK,baseline,Fed official,ar_mean,FORMAL_BASELINE,CI,126770.35902378193,126770.35902378193,5173602.0,12525901.0,0.024503307178206195,0.024503307178206195
2925666,PINNACLE BANK,baseline,Fed official,ar_mean,FORMAL_BASELINE,CRE,111343.66320028584,111343.66320028584,5173602.0,16602402.0,0.021521497633618866,0.021521497633618866
2925666,PINNACLE BANK,baseline,Fed official,dynamic_fe,LIMITED_CHALLENGER,CI,42848.81846467768,42848.81846467768,5173602.0,12525901.0,0.008282202315655065,0.008282202315655065
2925666,PINNACLE BANK,researcher_cre_only,Researcher partial-shock sensitivity,ar_mean,FORMAL_BASELINE,CI,126770.35902378193,126770.35902378193,5173602.0,12525901.0,0.024503307178206195,0.024503307178206195
2925666,PINNACLE BANK,researcher_cre_only,Researcher partial-shock sensitivity,ar_mean,FORMAL_BASELINE,CRE,111343.66320028584,111343.66320028584,5173602.0,16602402.0,0.021521497633618866,0.021521497633618866
2925666,PINNACLE BANK,researcher_cre_only,Researcher partial-shock sensitivity,dynamic_fe,LIMITED_CHALLENGER,CI,42848.81846467768,42848.81846467768,5173602.0,12525901.0,0.008282202315655065,0.008282202315655065
2925666,PINNACLE BANK,researcher_high_for_longer_rates,Researcher partial-shock sensitivity,ar_mean,FORMAL_BASELINE,CI,126770.35902378193,126770.35902378193,5173602.0,12525901.0,0.024503307178206195,0.024503307178206195
2925666,PINNACLE BANK,researcher_high_for_longer_rates,Researcher partial-shock sensitivity,ar_mean,FORMAL_BASELINE,CRE,111343.66320028584,111343.66320028584,5173602.0,16602402.0,0.021521497633618866,0.021521497633618866
2925666,PINNACLE BANK,researcher_high_for_longer_rates,Researcher partial-shock sensitivity,dynamic_fe,LIMITED_CHALLENGER,CI,55881.25975851915,55881.25975851915,5173602.0,12525901.0,0.010801228961663295,0.010801228961663295
2925666,PINNACLE BANK,researcher_lambda_0.5,Researcher sensitivity scenario,ar_mean,FORMAL_BASELINE,CI,126770.35902378193,126770.35902378193,5173602.0,12525901.0,0.024503307178206195,0.024503307178206195
2925666,PINNACLE BANK,researcher_lambda_0.5,Researcher sensitivity scenario,ar_mean,FORMAL_BASELINE,CRE,111343.66320028584,111343.66320028584,5173602.0,16602402.0,0.021521497633618866,0.021521497633618866
2925666,PINNACLE BANK,researcher_lambda_0.5,Researcher sensitivity scenario,dynamic_fe,LIMITED_CHALLENGER,CI,186503.61540417143,186503.61540417143,5173602.0,12525901.0,0.03604908444912682,0.03604908444912682
2925666,PINNACLE BANK,researcher_lambda_1,Researcher sensitivity scenario,ar_mean,FORMAL_BASELINE,CI,126770.35902378193,126770.35902378193,5173602.0,12525901.0,0.024503307178206195,0.024503307178206195
2925666,PINNACLE BANK,researcher_lambda_1,Researcher sensitivity scenario,ar_mean,FORMAL_BASELINE,CRE,111343.66320028584,111343.66320028584,5173602.0,16602402.0,0.021521497633618866,0.021521497633618866
2925666,PINNACLE BANK,researcher_lambda_1,Researcher sensitivity scenario,dynamic_fe,LIMITED_CHALLENGER,CI,330139.3469333455,330139.3469333455,5173602.0,12525901.0,0.0638122814498188,0.0638122814498188
2925666,PINNACLE BANK,researcher_lambda_1.25,Researcher sensitivity scenario,ar_mean,FORMAL_BASELINE,CI,126770.35902378193,126770.35902378193,5173602.0,12525901.0,0.024503307178206195,0.024503307178206195
2925666,PINNACLE BANK,researcher_lambda_1.25,Researcher sensitivity scenario,ar_mean,FORMAL_BASELINE,CRE,111343.66320028584,111343.66320028584,5173602.0,16602402.0,0.021521497633618866,0.021521497633618866
2925666,PINNACLE BANK,researcher_lambda_1.25,Researcher sensitivity scenario,dynamic_fe,LIMITED_CHALLENGER,CI,401949.73113599035,401949.73113599035,5173602.0,12525901.0,0.07769243384705479,0.07769243384705479
2925666,PINNACLE BANK,researcher_unemployment_only,Researcher partial-shock sensitivity,ar_mean,FORMAL_BASELINE,CI,126770.35902378193,126770.35902378193,5173602.0,12525901.0,0.024503307178206195,0.024503307178206195
2925666,PINNACLE BANK,researcher_unemployment_only,Researcher partial-shock sensitivity,ar_mean,FORMAL_BASELINE,CRE,111343.66320028584,111343.66320028584,5173602.0,16602402.0,0.021521497633618866,0.021521497633618866
2925666,PINNACLE BANK,researcher_unemployment_only,Researcher partial-shock sensitivity,dynamic_fe,LIMITED_CHALLENGER,CI,68127.97671796718,68127.97671796718,5173602.0,12525901.0,0.013168383791015849,0.013168383791015849
2925666,PINNACLE BANK,severely_adverse,Fed official,ar_mean,FORMAL_BASELINE,CI,126770.35902378193,126770.35902378193,5173602.0,12525901.0,0.024503307178206195,0.024503307178206195
2925666,PINNACLE BANK,severely_adverse,Fed official,ar_mean,FORMAL_BASELINE,CRE,111343.66320028584,111343.66320028584,5173602.0,16602402.0,0.021521497633618866,0.021521497633618866
2925666,PINNACLE BANK,severely_adverse,Fed official,dynamic_fe,LIMITED_CHALLENGER,CI,330139.3469333455,330139.3469333455,5173602.0,12525901.0,0.0638122814498188,0.0638122814498188
3138146,WESTERN ALLIANCE BANK,baseline,Fed official,ar_mean,FORMAL_BASELINE,CI,139544.5159799493,139544.5159799493,7749556.0,11262949.0,0.018006775611396228,0.018006775611396228
3138146,WESTERN ALLIANCE BANK,baseline,Fed official,ar_mean,FORMAL_BASELINE,CRE,89800.7608306667,89800.7608306667,7749556.0,15846473.0,0.011587858818062182,0.011587858818062182
3138146,WESTERN ALLIANCE BANK,baseline,Fed official,dynamic_fe,LIMITED_CHALLENGER,CI,100328.01254901999,100328.01254901999,7749556.0,11262949.0,0.012946291703553079,0.012946291703553079
3138146,WESTERN ALLIANCE BANK,researcher_cre_only,Researcher partial-shock sensitivity,ar_mean,FORMAL_BASELINE,CI,139544.5159799493,139544.5159799493,7749556.0,11262949.0,0.018006775611396228,0.018006775611396228
3138146,WESTERN ALLIANCE BANK,researcher_cre_only,Researcher partial-shock sensitivity,ar_mean,FORMAL_BASELINE,CRE,89800.7608306667,89800.7608306667,7749556.0,15846473.0,0.011587858818062182,0.011587858818062182
3138146,WESTERN ALLIANCE BANK,researcher_cre_only,Researcher partial-shock sensitivity,dynamic_fe,LIMITED_CHALLENGER,CI,100328.01254901999,100328.01254901999,7749556.0,11262949.0,0.012946291703553079,0.012946291703553079
3138146,WESTERN ALLIANCE BANK,researcher_high_for_longer_rates,Researcher partial-shock sensitivity,ar_mean,FORMAL_BASELINE,CI,139544.5159799493,139544.5159799493,7749556.0,11262949.0,0.018006775611396228,0.018006775611396228
3138146,WESTERN ALLIANCE BANK,researcher_high_for_longer_rates,Researcher partial-shock sensitivity,ar_mean,FORMAL_BASELINE,CRE,89800.7608306667,89800.7608306667,7749556.0,15846473.0,0.011587858818062182,0.011587858818062182
3138146,WESTERN ALLIANCE BANK,researcher_high_for_longer_rates,Researcher partial-shock sensitivity,dynamic_fe,LIMITED_CHALLENGER,CI,112046.42878414995,112046.42878414995,7749556.0,11262949.0,0.014458432042319579,0.014458432042319579
3138146,WESTERN ALLIANCE BANK,researcher_lambda_0.5,Researcher sensitivity scenario,ar_mean,FORMAL_BASELINE,CI,139544.5159799493,139544.5159799493,7749556.0,11262949.0,0.018006775611396228,0.018006775611396228
3138146,WESTERN ALLIANCE BANK,researcher_lambda_0.5,Researcher sensitivity scenario,ar_mean,FORMAL_BASELINE,CRE,89800.7608306667,89800.7608306667,7749556.0,15846473.0,0.011587858818062182,0.011587858818062182
3138146,WESTERN ALLIANCE BANK,researcher_lambda_0.5,Researcher sensitivity scenario,dynamic_fe,LIMITED_CHALLENGER,CI,229498.49310246474,229498.49310246474,7749556.0,11262949.0,0.029614405406253562,0.029614405406253562
3138146,WESTERN ALLIANCE BANK,researcher_lambda_1,Researcher sensitivity scenario,ar_mean,FORMAL_BASELINE,CI,139544.5159799493,139544.5159799493,7749556.0,11262949.0,0.018006775611396228,0.018006775611396228
3138146,WESTERN ALLIANCE BANK,researcher_lambda_1,Researcher sensitivity scenario,ar_mean,FORMAL_BASELINE,CRE,89800.7608306667,89800.7608306667,7749556.0,15846473.0,0.011587858818062182,0.011587858818062182
3138146,WESTERN ALLIANCE BANK,researcher_lambda_1,Researcher sensitivity scenario,dynamic_fe,LIMITED_CHALLENGER,CI,358651.8305582517,358651.8305582517,7749556.0,11262949.0,0.046280306969618865,0.046280306969618865
3138146,WESTERN ALLIANCE BANK,researcher_lambda_1.25,Researcher sensitivity scenario,ar_mean,FORMAL_BASELINE,CI,139544.5159799493,139544.5159799493,7749556.0,11262949.0,0.018006775611396228,0.018006775611396228
3138146,WESTERN ALLIANCE BANK,researcher_lambda_1.25,Researcher sensitivity scenario,ar_mean,FORMAL_BASELINE,CRE,89800.7608306667,89800.7608306667,7749556.0,15846473.0,0.011587858818062182,0.011587858818062182
3138146,WESTERN ALLIANCE BANK,researcher_lambda_1.25,Researcher sensitivity scenario,dynamic_fe,LIMITED_CHALLENGER,CI,423221.7720694288,423221.7720694288,7749556.0,11262949.0,0.05461238967360566,0.05461238967360566
3138146,WESTERN ALLIANCE BANK,researcher_unemployment_only,Researcher partial-shock sensitivity,ar_mean,FORMAL_BASELINE,CI,139544.5159799493,139544.5159799493,7749556.0,11262949.0,0.018006775611396228,0.018006775611396228
3138146,WESTERN ALLIANCE BANK,researcher_unemployment_only,Researcher partial-shock sensitivity,ar_mean,FORMAL_BASELINE,CRE,89800.7608306667,89800.7608306667,7749556.0,15846473.0,0.011587858818062182,0.011587858818062182
3138146,WESTERN ALLIANCE BANK,researcher_unemployment_only,Researcher partial-shock sensitivity,dynamic_fe,LIMITED_CHALLENGER,CI,123058.34309927173,123058.34309927173,7749556.0,11262949.0,0.01587940562004736,0.01587940562004736
3138146,WESTERN ALLIANCE BANK,severely_adverse,Fed official,ar_mean,FORMAL_BASELINE,CI,139544.5159799493,139544.5159799493,7749556.0,11262949.0,0.018006775611396228,0.018006775611396228
3138146,WESTERN ALLIANCE BANK,severely_adverse,Fed official,ar_mean,FORMAL_BASELINE,CRE,89800.7608306667,89800.7608306667,7749556.0,15846473.0,0.011587858818062182,0.011587858818062182
3138146,WESTERN ALLIANCE BANK,severely_adverse,Fed official,dynamic_fe,LIMITED_CHALLENGER,CI,358651.8305582517,358651.8305582517,7749556.0,11262949.0,0.046280306969618865,0.046280306969618865
3212149,UBS BANK USA,baseline,Fed official,ar_mean,FORMAL_BASELINE,CI,327.41896299187425,327.41896299187425,10296486.0,714102.0,3.1799097574830314e-05,3.1799097574830314e-05
3212149,UBS BANK USA,baseline,Fed official,ar_mean,FORMAL_BASELINE,CRE,8283.7936128328,8283.7936128328,10296486.0,1601812.0,0.0008045262833196491,0.0008045262833196491
3212149,UBS BANK USA,baseline,Fed official,dynamic_fe,LIMITED_CHALLENGER,CI,0.0,-5001.445893621806,10296486.0,714102.0,0.0,-0.000485742989756098
3212149,UBS BANK USA,researcher_cre_only,Researcher partial-shock sensitivity,ar_mean,FORMAL_BASELINE,CI,327.41896299187425,327.41896299187425,10296486.0,714102.0,3.1799097574830314e-05,3.1799097574830314e-05
3212149,UBS BANK USA,researcher_cre_only,Researcher partial-shock sensitivity,ar_mean,FORMAL_BASELINE,CRE,8283.7936128328,8283.7936128328,10296486.0,1601812.0,0.0008045262833196491,0.0008045262833196491
3212149,UBS BANK USA,researcher_cre_only,Researcher partial-shock sensitivity,dynamic_fe,LIMITED_CHALLENGER,CI,0.0,-5001.445893621806,10296486.0,714102.0,0.0,-0.000485742989756098
3212149,UBS BANK USA,researcher_high_for_longer_rates,Researcher partial-shock sensitivity,ar_mean,FORMAL_BASELINE,CI,327.41896299187425,327.41896299187425,10296486.0,714102.0,3.1799097574830314e-05,3.1799097574830314e-05
3212149,UBS BANK USA,researcher_high_for_longer_rates,Researcher partial-shock sensitivity,ar_mean,FORMAL_BASELINE,CRE,8283.7936128328,8283.7936128328,10296486.0,1601812.0,0.0008045262833196491,0.0008045262833196491
3212149,UBS BANK USA,researcher_high_for_longer_rates,Researcher partial-shock sensitivity,dynamic_fe,LIMITED_CHALLENGER,CI,0.0,-4258.466015941567,10296486.0,714102.0,0.0,-0.00041358440306154615
3212149,UBS BANK USA,researcher_lambda_0.5,Researcher sensitivity scenario,ar_mean,FORMAL_BASELINE,CI,327.41896299187425,327.41896299187425,10296486.0,714102.0,3.1799097574830314e-05,3.1799097574830314e-05
3212149,UBS BANK USA,researcher_lambda_0.5,Researcher sensitivity scenario,ar_mean,FORMAL_BASELINE,CRE,8283.7936128328,8283.7936128328,10296486.0,1601812.0,0.0008045262833196491,0.0008045262833196491
3212149,UBS BANK USA,researcher_lambda_0.5,Researcher sensitivity scenario,dynamic_fe,LIMITED_CHALLENGER,CI,3319.100105122133,3188.3184837340714,10296486.0,714102.0,0.00032235270412858647,0.00030965112599910994
3212149,UBS BANK USA,researcher_lambda_1,Researcher sensitivity scenario,ar_mean,FORMAL_BASELINE,CI,327.41896299187425,327.41896299187425,10296486.0,714102.0,3.1799097574830314e-05,3.1799097574830314e-05
3212149,UBS BANK USA,researcher_lambda_1,Researcher sensitivity scenario,ar_mean,FORMAL_BASELINE,CRE,8283.7936128328,8283.7936128328,10296486.0,1601812.0,0.0008045262833196491,0.0008045262833196491
3212149,UBS BANK USA,researcher_lambda_1,Researcher sensitivity scenario,dynamic_fe,LIMITED_CHALLENGER,CI,11493.849942555387,11376.995941463161,10296486.0,714102.0,0.0011162886000675753,0.0011049396795628297
3212149,UBS BANK USA,researcher_lambda_1.25,Researcher sensitivity scenario,ar_mean,FORMAL_BASELINE,CI,327.41896299187425,327.41896299187425,10296486.0,714102.0,3.1799097574830314e-05,3.1799097574830314e-05
3212149,UBS BANK USA,researcher_lambda_1.25,Researcher sensitivity scenario,ar_mean,FORMAL_BASELINE,CRE,8283.7936128328,8283.7936128328,10296486.0,1601812.0,0.0008045262833196491,0.0008045262833196491
3212149,UBS BANK USA,researcher_lambda_1.25,Researcher sensitivity scenario,dynamic_fe,LIMITED_CHALLENGER,CI,15580.910745004883,15470.908146252028,10296486.0,714102.0,0.0015132260409041378,0.001502542532107753
3212149,UBS BANK USA,researcher_unemployment_only,Researcher partial-shock sensitivity,ar_mean,FORMAL_BASELINE,CI,327.41896299187425,327.41896299187425,10296486.0,714102.0,3.1799097574830314e-05,3.1799097574830314e-05
3212149,UBS BANK USA,researcher_unemployment_only,Researcher partial-shock sensitivity,ar_mean,FORMAL_BASELINE,CRE,8283.7936128328,8283.7936128328,10296486.0,1601812.0,0.0008045262833196491,0.0008045262833196491
3212149,UBS BANK USA,researcher_unemployment_only,Researcher partial-shock sensitivity,dynamic_fe,LIMITED_CHALLENGER,CI,0.0,-3560.280306652011,10296486.0,714102.0,0.0,-0.0003457762489699895
3212149,UBS BANK USA,severely_adverse,Fed official,ar_mean,FORMAL_BASELINE,CI,327.41896299187425,327.41896299187425,10296486.0,714102.0,3.1799097574830314e-05,3.1799097574830314e-05
3212149,UBS BANK USA,severely_adverse,Fed official,ar_mean,FORMAL_BASELINE,CRE,8283.7936128328,8283.7936128328,10296486.0,1601812.0,0.0008045262833196491,0.0008045262833196491
3212149,UBS BANK USA,severely_adverse,Fed official,dynamic_fe,LIMITED_CHALLENGER,CI,11493.849942555387,11376.995941463161,10296486.0,714102.0,0.0011162886000675753,0.0011049396795628297
3303298,CITIZENS BANK NATIONAL ASSN,baseline,Fed official,ar_mean,FORMAL_BASELINE,CI,247451.84477432564,247451.84477432564,20946432.0,26609508.0,0.01181355587311126,0.01181355587311126
3303298,CITIZENS BANK NATIONAL ASSN,baseline,Fed official,ar_mean,FORMAL_BASELINE,CRE,162224.48554093763,162224.48554093763,20946432.0,27557559.0,0.007744731204862844,0.007744731204862844
3303298,CITIZENS BANK NATIONAL ASSN,baseline,Fed official,dynamic_fe,LIMITED_CHALLENGER,CI,78580.3955073805,78580.3955073805,20946432.0,26609508.0,0.003751493118607527,0.003751493118607527
3303298,CITIZENS BANK NATIONAL ASSN,researcher_cre_only,Researcher partial-shock sensitivity,ar_mean,FORMAL_BASELINE,CI,247451.84477432564,247451.84477432564,20946432.0,26609508.0,0.01181355587311126,0.01181355587311126
3303298,CITIZENS BANK NATIONAL ASSN,researcher_cre_only,Researcher partial-shock sensitivity,ar_mean,FORMAL_BASELINE,CRE,162224.48554093763,162224.48554093763,20946432.0,27557559.0,0.007744731204862844,0.007744731204862844
3303298,CITIZENS BANK NATIONAL ASSN,researcher_cre_only,Researcher partial-shock sensitivity,dynamic_fe,LIMITED_CHALLENGER,CI,78580.3955073805,78580.3955073805,20946432.0,26609508.0,0.003751493118607527,0.003751493118607527
3303298,CITIZENS BANK NATIONAL ASSN,researcher_high_for_longer_rates,Researcher partial-shock sensitivity,ar_mean,FORMAL_BASELINE,CI,247451.84477432564,247451.84477432564,20946432.0,26609508.0,0.01181355587311126,0.01181355587311126
3303298,CITIZENS BANK NATIONAL ASSN,researcher_high_for_longer_rates,Researcher partial-shock sensitivity,ar_mean,FORMAL_BASELINE,CRE,162224.48554093763,162224.48554093763,20946432.0,27557559.0,0.007744731204862844,0.007744731204862844
3303298,CITIZENS BANK NATIONAL ASSN,researcher_high_for_longer_rates,Researcher partial-shock sensitivity,dynamic_fe,LIMITED_CHALLENGER,CI,106265.97683745845,106265.97683745845,20946432.0,26609508.0,0.005073225685284179,0.005073225685284179
3303298,CITIZENS BANK NATIONAL ASSN,researcher_lambda_0.5,Researcher sensitivity scenario,ar_mean,FORMAL_BASELINE,CI,247451.84477432564,247451.84477432564,20946432.0,26609508.0,0.01181355587311126,0.01181355587311126
3303298,CITIZENS BANK NATIONAL ASSN,researcher_lambda_0.5,Researcher sensitivity scenario,ar_mean,FORMAL_BASELINE,CRE,162224.48554093763,162224.48554093763,20946432.0,27557559.0,0.007744731204862844,0.007744731204862844
3303298,CITIZENS BANK NATIONAL ASSN,researcher_lambda_0.5,Researcher sensitivity scenario,dynamic_fe,LIMITED_CHALLENGER,CI,383754.72734984313,383754.72734984313,20946432.0,26609508.0,0.018320768298383378,0.018320768298383378
3303298,CITIZENS BANK NATIONAL ASSN,researcher_lambda_1,Researcher sensitivity scenario,ar_mean,FORMAL_BASELINE,CI,247451.84477432564,247451.84477432564,20946432.0,26609508.0,0.01181355587311126,0.01181355587311126
3303298,CITIZENS BANK NATIONAL ASSN,researcher_lambda_1,Researcher sensitivity scenario,ar_mean,FORMAL_BASELINE,CRE,162224.48554093763,162224.48554093763,20946432.0,27557559.0,0.007744731204862844,0.007744731204862844
3303298,CITIZENS BANK NATIONAL ASSN,researcher_lambda_1,Researcher sensitivity scenario,dynamic_fe,LIMITED_CHALLENGER,CI,688888.5574201437,688888.5574201437,20946432.0,26609508.0,0.03288810989003491,0.03288810989003491
3303298,CITIZENS BANK NATIONAL ASSN,researcher_lambda_1.25,Researcher sensitivity scenario,ar_mean,FORMAL_BASELINE,CI,247451.84477432564,247451.84477432564,20946432.0,26609508.0,0.01181355587311126,0.01181355587311126
3303298,CITIZENS BANK NATIONAL ASSN,researcher_lambda_1.25,Researcher sensitivity scenario,ar_mean,FORMAL_BASELINE,CRE,162224.48554093763,162224.48554093763,20946432.0,27557559.0,0.007744731204862844,0.007744731204862844
3303298,CITIZENS BANK NATIONAL ASSN,researcher_lambda_1.25,Researcher sensitivity scenario,dynamic_fe,LIMITED_CHALLENGER,CI,841439.5789333548,841439.5789333548,20946432.0,26609508.0,0.040171021915969024,0.040171021915969024
3303298,CITIZENS BANK NATIONAL ASSN,researcher_unemployment_only,Researcher partial-shock sensitivity,ar_mean,FORMAL_BASELINE,CI,247451.84477432564,247451.84477432564,20946432.0,26609508.0,0.01181355587311126,0.01181355587311126
3303298,CITIZENS BANK NATIONAL ASSN,researcher_unemployment_only,Researcher partial-shock sensitivity,ar_mean,FORMAL_BASELINE,CRE,162224.48554093763,162224.48554093763,20946432.0,27557559.0,0.007744731204862844,0.007744731204862844
3303298,CITIZENS BANK NATIONAL ASSN,researcher_unemployment_only,Researcher partial-shock sensitivity,dynamic_fe,LIMITED_CHALLENGER,CI,132282.39776447747,132282.39776447747,20946432.0,26609508.0,0.006315271152837747,0.006315271152837747
3303298,CITIZENS BANK NATIONAL ASSN,severely_adverse,Fed official,ar_mean,FORMAL_BASELINE,CI,247451.84477432564,247451.84477432564,20946432.0,26609508.0,0.01181355587311126,0.01181355587311126
3303298,CITIZENS BANK NATIONAL ASSN,severely_adverse,Fed official,ar_mean,FORMAL_BASELINE,CRE,162224.48554093763,162224.48554093763,20946432.0,27557559.0,0.007744731204862844,0.007744731204862844
3303298,CITIZENS BANK NATIONAL ASSN,severely_adverse,Fed official,dynamic_fe,LIMITED_CHALLENGER,CI,688888.5574201437,688888.5574201437,20946432.0,26609508.0,0.03288810989003491,0.03288810989003491
339858,BOKF NATIONAL ASSN,baseline,Fed official,ar_mean,FORMAL_BASELINE,CI,53967.475355430994,53967.475355430994,4640108.0,8781955.0,0.011630650699386952,0.011630650699386952
339858,BOKF NATIONAL ASSN,baseline,Fed official,ar_mean,FORMAL_BASELINE,CRE,2330.610683672152,2330.610683672152,4640108.0,11140949.0,0.000502275094388353,0.000502275094388353
339858,BOKF NATIONAL ASSN,baseline,Fed official,dynamic_fe,LIMITED_CHALLENGER,CI,5081.835177496338,-27030.915853856746,4640108.0,8781955.0,0.0010951976069299115,-0.005825492823412029
339858,BOKF NATIONAL ASSN,researcher_cre_only,Researcher partial-shock sensitivity,ar_mean,FORMAL_BASELINE,CI,53967.475355430994,53967.475355430994,4640108.0,8781955.0,0.011630650699386952,0.011630650699386952
339858,BOKF NATIONAL ASSN,researcher_cre_only,Researcher partial-shock sensitivity,ar_mean,FORMAL_BASELINE,CRE,2330.610683672152,2330.610683672152,4640108.0,11140949.0,0.000502275094388353,0.000502275094388353
339858,BOKF NATIONAL ASSN,researcher_cre_only,Researcher partial-shock sensitivity,dynamic_fe,LIMITED_CHALLENGER,CI,5081.835177496338,-27030.915853856746,4640108.0,8781955.0,0.0010951976069299115,-0.005825492823412029
339858,BOKF NATIONAL ASSN,researcher_high_for_longer_rates,Researcher partial-shock sensitivity,ar_mean,FORMAL_BASELINE,CI,53967.475355430994,53967.475355430994,4640108.0,8781955.0,0.011630650699386952,0.011630650699386952
339858,BOKF NATIONAL ASSN,researcher_high_for_longer_rates,Researcher partial-shock sensitivity,ar_mean,FORMAL_BASELINE,CRE,2330.610683672152,2330.610683672152,4640108.0,11140949.0,0.000502275094388353,0.000502275094388353
339858,BOKF NATIONAL ASSN,researcher_high_for_longer_rates,Researcher partial-shock sensitivity,dynamic_fe,LIMITED_CHALLENGER,CI,5081.835177496338,-17893.823601358694,4640108.0,8781955.0,0.0010951976069299115,-0.003856337740707478
339858,BOKF NATIONAL ASSN,researcher_lambda_0.5,Researcher sensitivity scenario,ar_mean,FORMAL_BASELINE,CI,53967.475355430994,53967.475355430994,4640108.0,8781955.0,0.011630650699386952,0.011630650699386952
339858,BOKF NATIONAL ASSN,researcher_lambda_0.5,Researcher sensitivity scenario,ar_mean,FORMAL_BASELINE,CRE,2330.610683672152,2330.610683672152,4640108.0,11140949.0,0.000502275094388353,0.000502275094388353
339858,BOKF NATIONAL ASSN,researcher_lambda_0.5,Researcher sensitivity scenario,dynamic_fe,LIMITED_CHALLENGER,CI,73685.98764528251,73685.98764528251,4640108.0,8781955.0,0.015880231159551138,0.015880231159551138
339858,BOKF NATIONAL ASSN,researcher_lambda_1,Researcher sensitivity scenario,ar_mean,FORMAL_BASELINE,CI,53967.475355430994,53967.475355430994,4640108.0,8781955.0,0.011630650699386952,0.011630650699386952
339858,BOKF NATIONAL ASSN,researcher_lambda_1,Researcher sensitivity scenario,ar_mean,FORMAL_BASELINE,CRE,2330.610683672152,2330.610683672152,4640108.0,11140949.0,0.000502275094388353,0.000502275094388353
339858,BOKF NATIONAL ASSN,researcher_lambda_1,Researcher sensitivity scenario,dynamic_fe,LIMITED_CHALLENGER,CI,174389.52431552188,174389.52431552188,4640108.0,8781955.0,0.03758307442747494,0.03758307442747494
339858,BOKF NATIONAL ASSN,researcher_lambda_1.25,Researcher sensitivity scenario,ar_mean,FORMAL_BASELINE,CI,53967.475355430994,53967.475355430994,4640108.0,8781955.0,0.011630650699386952,0.011630650699386952
339858,BOKF NATIONAL ASSN,researcher_lambda_1.25,Researcher sensitivity scenario,ar_mean,FORMAL_BASELINE,CRE,2330.610683672152,2330.610683672152,4640108.0,11140949.0,0.000502275094388353,0.000502275094388353
339858,BOKF NATIONAL ASSN,researcher_lambda_1.25,Researcher sensitivity scenario,dynamic_fe,LIMITED_CHALLENGER,CI,224736.0473002028,224736.0473002028,4640108.0,8781955.0,0.04843336562429211,0.04843336562429211
339858,BOKF NATIONAL ASSN,researcher_unemployment_only,Researcher partial-shock sensitivity,ar_mean,FORMAL_BASELINE,CI,53967.475355430994,53967.475355430994,4640108.0,8781955.0,0.011630650699386952,0.011630650699386952
339858,BOKF NATIONAL ASSN,researcher_unemployment_only,Researcher partial-shock sensitivity,ar_mean,FORMAL_BASELINE,CRE,2330.610683672152,2330.610683672152,4640108.0,11140949.0,0.000502275094388353,0.000502275094388353
339858,BOKF NATIONAL ASSN,researcher_unemployment_only,Researcher partial-shock sensitivity,dynamic_fe,LIMITED_CHALLENGER,CI,5678.315804451748,-9307.605553203148,4640108.0,8781955.0,0.0012237464741018415,-0.0020059027835565785
339858,BOKF NATIONAL ASSN,severely_adverse,Fed official,ar_mean,FORMAL_BASELINE,CI,53967.475355430994,53967.475355430994,4640108.0,8781955.0,0.011630650699386952,0.011630650699386952
339858,BOKF NATIONAL ASSN,severely_adverse,Fed official,ar_mean,FORMAL_BASELINE,CRE,2330.610683672152,2330.610683672152,4640108.0,11140949.0,0.000502275094388353,0.000502275094388353
339858,BOKF NATIONAL ASSN,severely_adverse,Fed official,dynamic_fe,LIMITED_CHALLENGER,CI,174389.52431552188,174389.52431552188,4640108.0,8781955.0,0.03758307442747494,0.03758307442747494
379920,FIRST NB OF PENNSYLVANIA,baseline,Fed official,ar_mean,FORMAL_BASELINE,CI,51047.47728283353,51047.47728283353,4371435.0,6873379.0,0.011677510310191855,0.011677510310191855
379920,FIRST NB OF PENNSYLVANIA,baseline,Fed official,ar_mean,FORMAL_BASELINE,CRE,77319.09915469105,77319.09915469105,4371435.0,12150541.0,0.01768734961281388,0.01768734961281388
379920,FIRST NB OF PENNSYLVANIA,baseline,Fed official,dynamic_fe,LIMITED_CHALLENGER,CI,7776.556999330245,-5905.795696995745,4371435.0,6873379.0,0.001778948331458719,-0.0013509970288922849
379920,FIRST NB OF PENNSYLVANIA,researcher_cre_only,Researcher partial-shock sensitivity,ar_mean,FORMAL_BASELINE,CI,51047.47728283353,51047.47728283353,4371435.0,6873379.0,0.011677510310191855,0.011677510310191855
379920,FIRST NB OF PENNSYLVANIA,researcher_cre_only,Researcher partial-shock sensitivity,ar_mean,FORMAL_BASELINE,CRE,77319.09915469105,77319.09915469105,4371435.0,12150541.0,0.01768734961281388,0.01768734961281388
379920,FIRST NB OF PENNSYLVANIA,researcher_cre_only,Researcher partial-shock sensitivity,dynamic_fe,LIMITED_CHALLENGER,CI,7776.556999330245,-5905.795696995745,4371435.0,6873379.0,0.001778948331458719,-0.0013509970288922849
379920,FIRST NB OF PENNSYLVANIA,researcher_high_for_longer_rates,Researcher partial-shock sensitivity,ar_mean,FORMAL_BASELINE,CI,51047.47728283353,51047.47728283353,4371435.0,6873379.0,0.011677510310191855,0.011677510310191855
379920,FIRST NB OF PENNSYLVANIA,researcher_high_for_longer_rates,Researcher partial-shock sensitivity,ar_mean,FORMAL_BASELINE,CRE,77319.09915469105,77319.09915469105,4371435.0,12150541.0,0.01768734961281388,0.01768734961281388
379920,FIRST NB OF PENNSYLVANIA,researcher_high_for_longer_rates,Researcher partial-shock sensitivity,dynamic_fe,LIMITED_CHALLENGER,CI,7776.556999330245,1245.5388303825903,4371435.0,6873379.0,0.001778948331458719,0.00028492676441090633
379920,FIRST NB OF PENNSYLVANIA,researcher_lambda_0.5,Researcher sensitivity scenario,ar_mean,FORMAL_BASELINE,CI,51047.47728283353,51047.47728283353,4371435.0,6873379.0,0.011677510310191855,0.011677510310191855
379920,FIRST NB OF PENNSYLVANIA,researcher_lambda_0.5,Researcher sensitivity scenario,ar_mean,FORMAL_BASELINE,CRE,77319.09915469105,77319.09915469105,4371435.0,12150541.0,0.01768734961281388,0.01768734961281388
379920,FIRST NB OF PENNSYLVANIA,researcher_lambda_0.5,Researcher sensitivity scenario,dynamic_fe,LIMITED_CHALLENGER,CI,72922.37518932857,72922.37518932857,4371435.0,6873379.0,0.016681564563885445,0.016681564563885445
379920,FIRST NB OF PENNSYLVANIA,researcher_lambda_1,Researcher sensitivity scenario,ar_mean,FORMAL_BASELINE,CI,51047.47728283353,51047.47728283353,4371435.0,6873379.0,0.011677510310191855,0.011677510310191855
379920,FIRST NB OF PENNSYLVANIA,researcher_lambda_1,Researcher sensitivity scenario,ar_mean,FORMAL_BASELINE,CRE,77319.09915469105,77319.09915469105,4371435.0,12150541.0,0.01768734961281388,0.01768734961281388
379920,FIRST NB OF PENNSYLVANIA,researcher_lambda_1,Researcher sensitivity scenario,dynamic_fe,LIMITED_CHALLENGER,CI,151740.08425011893,151740.08425011893,4371435.0,6873379.0,0.0347117329321193,0.0347117329321193
379920,FIRST NB OF PENNSYLVANIA,researcher_lambda_1.25,Researcher sensitivity scenario,ar_mean,FORMAL_BASELINE,CI,51047.47728283353,51047.47728283353,4371435.0,6873379.0,0.011677510310191855,0.011677510310191855
379920,FIRST NB OF PENNSYLVANIA,researcher_lambda_1.25,Researcher sensitivity scenario,ar_mean,FORMAL_BASELINE,CRE,77319.09915469105,77319.09915469105,4371435.0,12150541.0,0.01768734961281388,0.01768734961281388
379920,FIRST NB OF PENNSYLVANIA,researcher_lambda_1.25,Researcher sensitivity scenario,dynamic_fe,LIMITED_CHALLENGER,CI,191144.83339833512,191144.83339833512,4371435.0,6873379.0,0.043725877977903164,0.043725877977903164
379920,FIRST NB OF PENNSYLVANIA,researcher_unemployment_only,Researcher partial-shock sensitivity,ar_mean,FORMAL_BASELINE,CI,51047.47728283353,51047.47728283353,4371435.0,6873379.0,0.011677510310191855,0.011677510310191855
379920,FIRST NB OF PENNSYLVANIA,researcher_unemployment_only,Researcher partial-shock sensitivity,ar_mean,FORMAL_BASELINE,CRE,77319.09915469105,77319.09915469105,4371435.0,12150541.0,0.01768734961281388,0.01768734961281388
379920,FIRST NB OF PENNSYLVANIA,researcher_unemployment_only,Researcher partial-shock sensitivity,dynamic_fe,LIMITED_CHALLENGER,CI,9947.258906830877,7965.720250307112,4371435.0,6873379.0,0.0022755133970494535,0.0018222209069349337
379920,FIRST NB OF PENNSYLVANIA,severely_adverse,Fed official,ar_mean,FORMAL_BASELINE,CI,51047.47728283353,51047.47728283353,4371435.0,6873379.0,0.011677510310191855,0.011677510310191855
379920,FIRST NB OF PENNSYLVANIA,severely_adverse,Fed official,ar_mean,FORMAL_BASELINE,CRE,77319.09915469105,77319.09915469105,4371435.0,12150541.0,0.01768734961281388,0.01768734961281388
379920,FIRST NB OF PENNSYLVANIA,severely_adverse,Fed official,dynamic_fe,LIMITED_CHALLENGER,CI,151740.08425011893,151740.08425011893,4371435.0,6873379.0,0.0347117329321193,0.0347117329321193
395238,SYNOVUS BANK,baseline,Fed official,ar_mean,FORMAL_BASELINE,CI,167832.44611017816,167832.44611017816,5953376.0,10195299.0,0.02819113829030422,0.02819113829030422
395238,SYNOVUS BANK,baseline,Fed official,ar_mean,FORMAL_BASELINE,CRE,51366.67253779105,51366.67253779105,5953376.0,19698556.0,0.008628158634326312,0.008628158634326312
395238,SYNOVUS BANK,baseline,Fed official,dynamic_fe,LIMITED_CHALLENGER,CI,100421.12515987258,100421.12515987258,5953376.0,10195299.0,0.01686792924886192,0.01686792924886192
395238,SYNOVUS BANK,researcher_cre_only,Researcher partial-shock sensitivity,ar_mean,FORMAL_BASELINE,CI,167832.44611017816,167832.44611017816,5953376.0,10195299.0,0.02819113829030422,0.02819113829030422
395238,SYNOVUS BANK,researcher_cre_only,Researcher partial-shock sensitivity,ar_mean,FORMAL_BASELINE,CRE,51366.67253779105,51366.67253779105,5953376.0,19698556.0,0.008628158634326312,0.008628158634326312
395238,SYNOVUS BANK,researcher_cre_only,Researcher partial-shock sensitivity,dynamic_fe,LIMITED_CHALLENGER,CI,100421.12515987258,100421.12515987258,5953376.0,10195299.0,0.01686792924886192,0.01686792924886192
395238,SYNOVUS BANK,researcher_high_for_longer_rates,Researcher partial-shock sensitivity,ar_mean,FORMAL_BASELINE,CI,167832.44611017816,167832.44611017816,5953376.0,10195299.0,0.02819113829030422,0.02819113829030422
395238,SYNOVUS BANK,researcher_high_for_longer_rates,Researcher partial-shock sensitivity,ar_mean,FORMAL_BASELINE,CRE,51366.67253779105,51366.67253779105,5953376.0,19698556.0,0.008628158634326312,0.008628158634326312
395238,SYNOVUS BANK,researcher_high_for_longer_rates,Researcher partial-shock sensitivity,dynamic_fe,LIMITED_CHALLENGER,CI,111028.71623780466,111028.71623780466,5953376.0,10195299.0,0.018649706693782596,0.018649706693782596
395238,SYNOVUS BANK,researcher_lambda_0.5,Researcher sensitivity scenario,ar_mean,FORMAL_BASELINE,CI,167832.44611017816,167832.44611017816,5953376.0,10195299.0,0.02819113829030422,0.02819113829030422
395238,SYNOVUS BANK,researcher_lambda_0.5,Researcher sensitivity scenario,ar_mean,FORMAL_BASELINE,CRE,51366.67253779105,51366.67253779105,5953376.0,19698556.0,0.008628158634326312,0.008628158634326312
395238,SYNOVUS BANK,researcher_lambda_0.5,Researcher sensitivity scenario,dynamic_fe,LIMITED_CHALLENGER,CI,217347.13372264372,217347.13372264372,5953376.0,10195299.0,0.03650821546004212,0.03650821546004212
395238,SYNOVUS BANK,researcher_lambda_1,Researcher sensitivity scenario,ar_mean,FORMAL_BASELINE,CI,167832.44611017816,167832.44611017816,5953376.0,10195299.0,0.02819113829030422,0.02819113829030422
395238,SYNOVUS BANK,researcher_lambda_1,Researcher sensitivity scenario,ar_mean,FORMAL_BASELINE,CRE,51366.67253779105,51366.67253779105,5953376.0,19698556.0,0.008628158634326312,0.008628158634326312
395238,SYNOVUS BANK,researcher_lambda_1,Researcher sensitivity scenario,dynamic_fe,LIMITED_CHALLENGER,CI,334257.6242353547,334257.6242353547,5953376.0,10195299.0,0.05614589507455177,0.05614589507455177
395238,SYNOVUS BANK,researcher_lambda_1.25,Researcher sensitivity scenario,ar_mean,FORMAL_BASELINE,CI,167832.44611017816,167832.44611017816,5953376.0,10195299.0,0.02819113829030422,0.02819113829030422
395238,SYNOVUS BANK,researcher_lambda_1.25,Researcher sensitivity scenario,ar_mean,FORMAL_BASELINE,CRE,51366.67253779105,51366.67253779105,5953376.0,19698556.0,0.008628158634326312,0.008628158634326312
395238,SYNOVUS BANK,researcher_lambda_1.25,Researcher sensitivity scenario,dynamic_fe,LIMITED_CHALLENGER,CI,392706.77996880974,392706.77996880974,5953376.0,10195299.0,0.06596371201295026,0.06596371201295026
395238,SYNOVUS BANK,researcher_unemployment_only,Researcher partial-shock sensitivity,ar_mean,FORMAL_BASELINE,CI,167832.44611017816,167832.44611017816,5953376.0,10195299.0,0.02819113829030422,0.02819113829030422
395238,SYNOVUS BANK,researcher_unemployment_only,Researcher partial-shock sensitivity,ar_mean,FORMAL_BASELINE,CRE,51366.67253779105,51366.67253779105,5953376.0,19698556.0,0.008628158634326312,0.008628158634326312
395238,SYNOVUS BANK,researcher_unemployment_only,Researcher partial-shock sensitivity,dynamic_fe,LIMITED_CHALLENGER,CI,120996.77691223788,120996.77691223788,5953376.0,10195299.0,0.020324060988628618,0.020324060988628618
395238,SYNOVUS BANK,severely_adverse,Fed official,ar_mean,FORMAL_BASELINE,CI,167832.44611017816,167832.44611017816,5953376.0,10195299.0,0.02819113829030422,0.02819113829030422
395238,SYNOVUS BANK,severely_adverse,Fed official,ar_mean,FORMAL_BASELINE,CRE,51366.67253779105,51366.67253779105,5953376.0,19698556.0,0.008628158634326312,0.008628158634326312
395238,SYNOVUS BANK,severely_adverse,Fed official,dynamic_fe,LIMITED_CHALLENGER,CI,334257.6242353547,334257.6242353547,5953376.0,10195299.0,0.05614589507455177,0.05614589507455177
413208,HSBC BANK USA NATIONAL ASSN,baseline,Fed official,ar_mean,FORMAL_BASELINE,CI,161666.77561419207,161666.77561419207,17072130.0,19861662.0,0.00946963124192424,0.00946963124192424
413208,HSBC BANK USA NATIONAL ASSN,baseline,Fed official,ar_mean,FORMAL_BASELINE,CRE,20976.654259925268,20976.654259925268,17072130.0,2927212.0,0.0012287075051516869,0.0012287075051516869
413208,HSBC BANK USA NATIONAL ASSN,baseline,Fed official,dynamic_fe,LIMITED_CHALLENGER,CI,23581.75667270067,-14655.420993544569,17072130.0,19861662.0,0.0013813013767292465,-0.0008584412720348644
413208,HSBC BANK USA NATIONAL ASSN,researcher_cre_only,Researcher partial-shock sensitivity,ar_mean,FORMAL_BASELINE,CI,161666.77561419207,161666.77561419207,17072130.0,19861662.0,0.00946963124192424,0.00946963124192424
413208,HSBC BANK USA NATIONAL ASSN,researcher_cre_only,Researcher partial-shock sensitivity,ar_mean,FORMAL_BASELINE,CRE,20976.654259925268,20976.654259925268,17072130.0,2927212.0,0.0012287075051516869,0.0012287075051516869
413208,HSBC BANK USA NATIONAL ASSN,researcher_cre_only,Researcher partial-shock sensitivity,dynamic_fe,LIMITED_CHALLENGER,CI,23581.75667270067,-14655.420993544569,17072130.0,19861662.0,0.0013813013767292465,-0.0008584412720348644
413208,HSBC BANK USA NATIONAL ASSN,researcher_high_for_longer_rates,Researcher partial-shock sensitivity,ar_mean,FORMAL_BASELINE,CI,161666.77561419207,161666.77561419207,17072130.0,19861662.0,0.00946963124192424,0.00946963124192424
413208,HSBC BANK USA NATIONAL ASSN,researcher_high_for_longer_rates,Researcher partial-shock sensitivity,ar_mean,FORMAL_BASELINE,CRE,20976.654259925268,20976.654259925268,17072130.0,2927212.0,0.0012287075051516869,0.0012287075051516869
413208,HSBC BANK USA NATIONAL ASSN,researcher_high_for_longer_rates,Researcher partial-shock sensitivity,dynamic_fe,LIMITED_CHALLENGER,CI,23581.75667270067,6009.4352920928395,17072130.0,19861662.0,0.0013813013767292465,0.00035200266704229875
413208,HSBC BANK USA NATIONAL ASSN,researcher_lambda_0.5,Researcher sensitivity scenario,ar_mean,FORMAL_BASELINE,CI,161666.77561419207,161666.77561419207,17072130.0,19861662.0,0.00946963124192424,0.00946963124192424
413208,HSBC BANK USA NATIONAL ASSN,researcher_lambda_0.5,Researcher sensitivity scenario,ar_mean,FORMAL_BASELINE,CRE,20976.654259925268,20976.654259925268,17072130.0,2927212.0,0.0012287075051516869,0.0012287075051516869
413208,HSBC BANK USA NATIONAL ASSN,researcher_lambda_0.5,Researcher sensitivity scenario,dynamic_fe,LIMITED_CHALLENGER,CI,213130.43021914337,213130.43021914337,17072130.0,19861662.0,0.012484114765945629,0.012484114765945629
413208,HSBC BANK USA NATIONAL ASSN,researcher_lambda_1,Researcher sensitivity scenario,ar_mean,FORMAL_BASELINE,CI,161666.77561419207,161666.77561419207,17072130.0,19861662.0,0.00946963124192424,0.00946963124192424
413208,HSBC BANK USA NATIONAL ASSN,researcher_lambda_1,Researcher sensitivity scenario,ar_mean,FORMAL_BASELINE,CRE,20976.654259925268,20976.654259925268,17072130.0,2927212.0,0.0012287075051516869,0.0012287075051516869
413208,HSBC BANK USA NATIONAL ASSN,researcher_lambda_1,Researcher sensitivity scenario,dynamic_fe,LIMITED_CHALLENGER,CI,440886.0504140658,440886.0504140658,17072130.0,19861662.0,0.02582490002208663,0.02582490002208663
413208,HSBC BANK USA NATIONAL ASSN,researcher_lambda_1.25,Researcher sensitivity scenario,ar_mean,FORMAL_BASELINE,CI,161666.77561419207,161666.77561419207,17072130.0,19861662.0,0.00946963124192424,0.00946963124192424
413208,HSBC BANK USA NATIONAL ASSN,researcher_lambda_1.25,Researcher sensitivity scenario,ar_mean,FORMAL_BASELINE,CRE,20976.654259925268,20976.654259925268,17072130.0,2927212.0,0.0012287075051516869,0.0012287075051516869
413208,HSBC BANK USA NATIONAL ASSN,researcher_lambda_1.25,Researcher sensitivity scenario,dynamic_fe,LIMITED_CHALLENGER,CI,554751.9973924963,554751.9973924963,17072130.0,19861662.0,0.03249459776797015,0.03249459776797015
413208,HSBC BANK USA NATIONAL ASSN,researcher_unemployment_only,Researcher partial-shock sensitivity,ar_mean,FORMAL_BASELINE,CI,161666.77561419207,161666.77561419207,17072130.0,19861662.0,0.00946963124192424,0.00946963124192424
413208,HSBC BANK USA NATIONAL ASSN,researcher_unemployment_only,Researcher partial-shock sensitivity,ar_mean,FORMAL_BASELINE,CRE,20976.654259925268,20976.654259925268,17072130.0,2927212.0,0.0012287075051516869,0.0012287075051516869
413208,HSBC BANK USA NATIONAL ASSN,researcher_unemployment_only,Researcher partial-shock sensitivity,dynamic_fe,LIMITED_CHALLENGER,CI,30403.8033910001,25428.40985194483,17072130.0,19861662.0,0.0017809027573595152,0.0014894690851079994
413208,HSBC BANK USA NATIONAL ASSN,severely_adverse,Fed official,ar_mean,FORMAL_BASELINE,CI,161666.77561419207,161666.77561419207,17072130.0,19861662.0,0.00946963124192424,0.00946963124192424
413208,HSBC BANK USA NATIONAL ASSN,severely_adverse,Fed official,ar_mean,FORMAL_BASELINE,CRE,20976.654259925268,20976.654259925268,17072130.0,2927212.0,0.0012287075051516869,0.0012287075051516869
413208,HSBC BANK USA NATIONAL ASSN,severely_adverse,Fed official,dynamic_fe,LIMITED_CHALLENGER,CI,440886.0504140658,440886.0504140658,17072130.0,19861662.0,0.02582490002208663,0.02582490002208663
485559,FIRST HORIZON BANK,baseline,Fed official,ar_mean,FORMAL_BASELINE,CI,223918.0495510557,223918.0495510557,8228816.0,15291037.0,0.02721145418138596,0.02721145418138596
485559,FIRST HORIZON BANK,baseline,Fed official,ar_mean,FORMAL_BASELINE,CRE,38112.79783399511,38112.79783399511,8228816.0,22377855.0,0.004631625963442992,0.004631625963442992
485559,FIRST HORIZON BANK,baseline,Fed official,dynamic_fe,LIMITED_CHALLENGER,CI,97747.7644305054,97747.7644305054,8228816.0,15291037.0,0.011878715532162269,0.011878715532162269
485559,FIRST HORIZON BANK,researcher_cre_only,Researcher partial-shock sensitivity,ar_mean,FORMAL_BASELINE,CI,223918.0495510557,223918.0495510557,8228816.0,15291037.0,0.02721145418138596,0.02721145418138596
485559,FIRST HORIZON BANK,researcher_cre_only,Researcher partial-shock sensitivity,ar_mean,FORMAL_BASELINE,CRE,38112.79783399511,38112.79783399511,8228816.0,22377855.0,0.004631625963442992,0.004631625963442992
485559,FIRST HORIZON BANK,researcher_cre_only,Researcher partial-shock sensitivity,dynamic_fe,LIMITED_CHALLENGER,CI,97747.7644305054,97747.7644305054,8228816.0,15291037.0,0.011878715532162269,0.011878715532162269
485559,FIRST HORIZON BANK,researcher_high_for_longer_rates,Researcher partial-shock sensitivity,ar_mean,FORMAL_BASELINE,CI,223918.0495510557,223918.0495510557,8228816.0,15291037.0,0.02721145418138596,0.02721145418138596
485559,FIRST HORIZON BANK,researcher_high_for_longer_rates,Researcher partial-shock sensitivity,ar_mean,FORMAL_BASELINE,CRE,38112.79783399511,38112.79783399511,8228816.0,22377855.0,0.004631625963442992,0.004631625963442992
485559,FIRST HORIZON BANK,researcher_high_for_longer_rates,Researcher partial-shock sensitivity,dynamic_fe,LIMITED_CHALLENGER,CI,113657.16224743355,113657.16224743355,8228816.0,15291037.0,0.013812091830396202,0.013812091830396202
485559,FIRST HORIZON BANK,researcher_lambda_0.5,Researcher sensitivity scenario,ar_mean,FORMAL_BASELINE,CI,223918.0495510557,223918.0495510557,8228816.0,15291037.0,0.02721145418138596,0.02721145418138596
485559,FIRST HORIZON BANK,researcher_lambda_0.5,Researcher sensitivity scenario,ar_mean,FORMAL_BASELINE,CRE,38112.79783399511,38112.79783399511,8228816.0,22377855.0,0.004631625963442992,0.004631625963442992
485559,FIRST HORIZON BANK,researcher_lambda_0.5,Researcher sensitivity scenario,dynamic_fe,LIMITED_CHALLENGER,CI,273114.8550078049,273114.8550078049,8228816.0,15291037.0,0.03319005492501046,0.03319005492501046
485559,FIRST HORIZON BANK,researcher_lambda_1,Researcher sensitivity scenario,ar_mean,FORMAL_BASELINE,CI,223918.0495510557,223918.0495510557,8228816.0,15291037.0,0.02721145418138596,0.02721145418138596
485559,FIRST HORIZON BANK,researcher_lambda_1,Researcher sensitivity scenario,ar_mean,FORMAL_BASELINE,CRE,38112.79783399511,38112.79783399511,8228816.0,22377855.0,0.004631625963442992,0.004631625963442992
485559,FIRST HORIZON BANK,researcher_lambda_1,Researcher sensitivity scenario,dynamic_fe,LIMITED_CHALLENGER,CI,448458.67141946795,448458.67141946795,8228816.0,15291037.0,0.05449856594429477,0.05449856594429477
485559,FIRST HORIZON BANK,researcher_lambda_1.25,Researcher sensitivity scenario,ar_mean,FORMAL_BASELINE,CI,223918.0495510557,223918.0495510557,8228816.0,15291037.0,0.02721145418138596,0.02721145418138596
485559,FIRST HORIZON BANK,researcher_lambda_1.25,Researcher sensitivity scenario,ar_mean,FORMAL_BASELINE,CRE,38112.79783399511,38112.79783399511,8228816.0,22377855.0,0.004631625963442992,0.004631625963442992
485559,FIRST HORIZON BANK,researcher_lambda_1.25,Researcher sensitivity scenario,dynamic_fe,LIMITED_CHALLENGER,CI,536121.4464826636,536121.4464826636,8228816.0,15291037.0,0.06515171155639689,0.06515171155639689
485559,FIRST HORIZON BANK,researcher_unemployment_only,Researcher partial-shock sensitivity,ar_mean,FORMAL_BASELINE,CI,223918.0495510557,223918.0495510557,8228816.0,15291037.0,0.02721145418138596,0.02721145418138596
485559,FIRST HORIZON BANK,researcher_unemployment_only,Researcher partial-shock sensitivity,ar_mean,FORMAL_BASELINE,CRE,38112.79783399511,38112.79783399511,8228816.0,22377855.0,0.004631625963442992,0.004631625963442992
485559,FIRST HORIZON BANK,researcher_unemployment_only,Researcher partial-shock sensitivity,dynamic_fe,LIMITED_CHALLENGER,CI,128607.38436362681,128607.38436362681,8228816.0,15291037.0,0.015628905101733568,0.015628905101733568
485559,FIRST HORIZON BANK,severely_adverse,Fed official,ar_mean,FORMAL_BASELINE,CI,223918.0495510557,223918.0495510557,8228816.0,15291037.0,0.02721145418138596,0.02721145418138596
485559,FIRST HORIZON BANK,severely_adverse,Fed official,ar_mean,FORMAL_BASELINE,CRE,38112.79783399511,38112.79783399511,8228816.0,22377855.0,0.004631625963442992,0.004631625963442992
485559,FIRST HORIZON BANK,severely_adverse,Fed official,dynamic_fe,LIMITED_CHALLENGER,CI,448458.67141946795,448458.67141946795,8228816.0,15291037.0,0.05449856594429477,0.05449856594429477
491224,FIRST-CITIZENS BANK&TRUST CO,baseline,Fed official,ar_mean,FORMAL_BASELINE,CI,610791.2603743413,610791.2603743413,22796000.0,35657000.0,0.02679379103238907,0.02679379103238907
491224,FIRST-CITIZENS BANK&TRUST CO,baseline,Fed official,ar_mean,FORMAL_BASELINE,CRE,176105.59171202593,176105.59171202593,22796000.0,39031000.0,0.007725284774172045,0.007725284774172045
491224,FIRST-CITIZENS BANK&TRUST CO,baseline,Fed official,dynamic_fe,LIMITED_CHALLENGER,CI,397133.22821991844,397133.22821991844,22796000.0,35657000.0,0.01742118039217049,0.01742118039217049
491224,FIRST-CITIZENS BANK&TRUST CO,researcher_cre_only,Researcher partial-shock sensitivity,ar_mean,FORMAL_BASELINE,CI,610791.2603743413,610791.2603743413,22796000.0,35657000.0,0.02679379103238907,0.02679379103238907
491224,FIRST-CITIZENS BANK&TRUST CO,researcher_cre_only,Researcher partial-shock sensitivity,ar_mean,FORMAL_BASELINE,CRE,176105.59171202593,176105.59171202593,22796000.0,39031000.0,0.007725284774172045,0.007725284774172045
491224,FIRST-CITIZENS BANK&TRUST CO,researcher_cre_only,Researcher partial-shock sensitivity,dynamic_fe,LIMITED_CHALLENGER,CI,397133.22821991844,397133.22821991844,22796000.0,35657000.0,0.01742118039217049,0.01742118039217049
491224,FIRST-CITIZENS BANK&TRUST CO,researcher_high_for_longer_rates,Researcher partial-shock sensitivity,ar_mean,FORMAL_BASELINE,CI,610791.2603743413,610791.2603743413,22796000.0,35657000.0,0.02679379103238907,0.02679379103238907
491224,FIRST-CITIZENS BANK&TRUST CO,researcher_high_for_longer_rates,Researcher partial-shock sensitivity,ar_mean,FORMAL_BASELINE,CRE,176105.59171202593,176105.59171202593,22796000.0,39031000.0,0.007725284774172045,0.007725284774172045
491224,FIRST-CITIZENS BANK&TRUST CO,researcher_high_for_longer_rates,Researcher partial-shock sensitivity,dynamic_fe,LIMITED_CHALLENGER,CI,434232.1769673583,434232.1769673583,22796000.0,35657000.0,0.01904861278151247,0.01904861278151247
491224,FIRST-CITIZENS BANK&TRUST CO,researcher_lambda_0.5,Researcher sensitivity scenario,ar_mean,FORMAL_BASELINE,CI,610791.2603743413,610791.2603743413,22796000.0,35657000.0,0.02679379103238907,0.02679379103238907
491224,FIRST-CITIZENS BANK&TRUST CO,researcher_lambda_0.5,Researcher sensitivity scenario,ar_mean,FORMAL_BASELINE,CRE,176105.59171202593,176105.59171202593,22796000.0,39031000.0,0.007725284774172045,0.007725284774172045
491224,FIRST-CITIZENS BANK&TRUST CO,researcher_lambda_0.5,Researcher sensitivity scenario,dynamic_fe,LIMITED_CHALLENGER,CI,806069.806472575,806069.806472575,22796000.0,35657000.0,0.03536014241413296,0.03536014241413296
491224,FIRST-CITIZENS BANK&TRUST CO,researcher_lambda_1,Researcher sensitivity scenario,ar_mean,FORMAL_BASELINE,CI,610791.2603743413,610791.2603743413,22796000.0,35657000.0,0.02679379103238907,0.02679379103238907
491224,FIRST-CITIZENS BANK&TRUST CO,researcher_lambda_1,Researcher sensitivity scenario,ar_mean,FORMAL_BASELINE,CRE,176105.59171202593,176105.59171202593,22796000.0,39031000.0,0.007725284774172045,0.007725284774172045
491224,FIRST-CITIZENS BANK&TRUST CO,researcher_lambda_1,Researcher sensitivity scenario,dynamic_fe,LIMITED_CHALLENGER,CI,1214952.1119558897,1214952.1119558897,22796000.0,35657000.0,0.053296723633790566,0.053296723633790566
491224,FIRST-CITIZENS BANK&TRUST CO,researcher_lambda_1.25,Researcher sensitivity scenario,ar_mean,FORMAL_BASELINE,CI,610791.2603743413,610791.2603743413,22796000.0,35657000.0,0.02679379103238907,0.02679379103238907
491224,FIRST-CITIZENS BANK&TRUST CO,researcher_lambda_1.25,Researcher sensitivity scenario,ar_mean,FORMAL_BASELINE,CRE,176105.59171202593,176105.59171202593,22796000.0,39031000.0,0.007725284774172045,0.007725284774172045
491224,FIRST-CITIZENS BANK&TRUST CO,researcher_lambda_1.25,Researcher sensitivity scenario,dynamic_fe,LIMITED_CHALLENGER,CI,1419371.9672232838,1419371.9672232838,22796000.0,35657000.0,0.062264079979965074,0.062264079979965074
491224,FIRST-CITIZENS BANK&TRUST CO,researcher_unemployment_only,Researcher partial-shock sensitivity,ar_mean,FORMAL_BASELINE,CI,610791.2603743413,610791.2603743413,22796000.0,35657000.0,0.02679379103238907,0.02679379103238907
491224,FIRST-CITIZENS BANK&TRUST CO,researcher_unemployment_only,Researcher partial-shock sensitivity,ar_mean,FORMAL_BASELINE,CRE,176105.59171202593,176105.59171202593,22796000.0,39031000.0,0.007725284774172045,0.007725284774172045
491224,FIRST-CITIZENS BANK&TRUST CO,researcher_unemployment_only,Researcher partial-shock sensitivity,dynamic_fe,LIMITED_CHALLENGER,CI,469094.4345105912,469094.4345105912,22796000.0,35657000.0,0.020577927465809404,0.020577927465809404
491224,FIRST-CITIZENS BANK&TRUST CO,severely_adverse,Fed official,ar_mean,FORMAL_BASELINE,CI,610791.2603743413,610791.2603743413,22796000.0,35657000.0,0.02679379103238907,0.02679379103238907
491224,FIRST-CITIZENS BANK&TRUST CO,severely_adverse,Fed official,ar_mean,FORMAL_BASELINE,CRE,176105.59171202593,176105.59171202593,22796000.0,39031000.0,0.007725284774172045,0.007725284774172045
491224,FIRST-CITIZENS BANK&TRUST CO,severely_adverse,Fed official,dynamic_fe,LIMITED_CHALLENGER,CI,1214952.1119558897,1214952.1119558897,22796000.0,35657000.0,0.053296723633790566,0.053296723633790566
501105,MANUFACTURERS&TRADERS TR CO,baseline,Fed official,ar_mean,FORMAL_BASELINE,CI,290668.72003581165,290668.72003581165,19541812.0,33018844.0,0.014874194882020748,0.014874194882020748
501105,MANUFACTURERS&TRADERS TR CO,baseline,Fed official,ar_mean,FORMAL_BASELINE,CRE,93389.50268880442,93389.50268880442,19541812.0,33808431.0,0.004778958199413873,0.004778958199413873
501105,MANUFACTURERS&TRADERS TR CO,baseline,Fed official,dynamic_fe,LIMITED_CHALLENGER,CI,55808.45662669099,16518.742533279546,19541812.0,33018844.0,0.0028558486094683025,0.000845302499751791
501105,MANUFACTURERS&TRADERS TR CO,researcher_cre_only,Researcher partial-shock sensitivity,ar_mean,FORMAL_BASELINE,CI,290668.72003581165,290668.72003581165,19541812.0,33018844.0,0.014874194882020748,0.014874194882020748
501105,MANUFACTURERS&TRADERS TR CO,researcher_cre_only,Researcher partial-shock sensitivity,ar_mean,FORMAL_BASELINE,CRE,93389.50268880442,93389.50268880442,19541812.0,33808431.0,0.004778958199413873,0.004778958199413873
501105,MANUFACTURERS&TRADERS TR CO,researcher_cre_only,Researcher partial-shock sensitivity,dynamic_fe,LIMITED_CHALLENGER,CI,55808.45662669099,16518.742533279546,19541812.0,33018844.0,0.0028558486094683025,0.000845302499751791
501105,MANUFACTURERS&TRADERS TR CO,researcher_high_for_longer_rates,Researcher partial-shock sensitivity,ar_mean,FORMAL_BASELINE,CI,290668.72003581165,290668.72003581165,19541812.0,33018844.0,0.014874194882020748,0.014874194882020748
501105,MANUFACTURERS&TRADERS TR CO,researcher_high_for_longer_rates,Researcher partial-shock sensitivity,ar_mean,FORMAL_BASELINE,CRE,93389.50268880442,93389.50268880442,19541812.0,33808431.0,0.004778958199413873,0.004778958199413873
501105,MANUFACTURERS&TRADERS TR CO,researcher_high_for_longer_rates,Researcher partial-shock sensitivity,dynamic_fe,LIMITED_CHALLENGER,CI,61094.380201150314,50872.84975642541,19541812.0,33018844.0,0.0031263416207847213,0.002603282119202938
501105,MANUFACTURERS&TRADERS TR CO,researcher_lambda_0.5,Researcher sensitivity scenario,ar_mean,FORMAL_BASELINE,CI,290668.72003581165,290668.72003581165,19541812.0,33018844.0,0.014874194882020748,0.014874194882020748
501105,MANUFACTURERS&TRADERS TR CO,researcher_lambda_0.5,Researcher sensitivity scenario,ar_mean,FORMAL_BASELINE,CRE,93389.50268880442,93389.50268880442,19541812.0,33808431.0,0.004778958199413873,0.004778958199413873
501105,MANUFACTURERS&TRADERS TR CO,researcher_lambda_0.5,Researcher sensitivity scenario,dynamic_fe,LIMITED_CHALLENGER,CI,395199.31249761354,395199.31249761354,19541812.0,33018844.0,0.020223268573948697,0.020223268573948697
501105,MANUFACTURERS&TRADERS TR CO,researcher_lambda_1,Researcher sensitivity scenario,ar_mean,FORMAL_BASELINE,CI,290668.72003581165,290668.72003581165,19541812.0,33018844.0,0.014874194882020748,0.014874194882020748
501105,MANUFACTURERS&TRADERS TR CO,researcher_lambda_1,Researcher sensitivity scenario,ar_mean,FORMAL_BASELINE,CRE,93389.50268880442,93389.50268880442,19541812.0,33808431.0,0.004778958199413873,0.004778958199413873
501105,MANUFACTURERS&TRADERS TR CO,researcher_lambda_1,Researcher sensitivity scenario,dynamic_fe,LIMITED_CHALLENGER,CI,773829.6251743368,773829.6251743368,19541812.0,33018844.0,0.03959866286577401,0.03959866286577401
501105,MANUFACTURERS&TRADERS TR CO,researcher_lambda_1.25,Researcher sensitivity scenario,ar_mean,FORMAL_BASELINE,CI,290668.72003581165,290668.72003581165,19541812.0,33018844.0,0.014874194882020748,0.014874194882020748
501105,MANUFACTURERS&TRADERS TR CO,researcher_lambda_1.25,Researcher sensitivity scenario,ar_mean,FORMAL_BASELINE,CRE,93389.50268880442,93389.50268880442,19541812.0,33808431.0,0.004778958199413873,0.004778958199413873
501105,MANUFACTURERS&TRADERS TR CO,researcher_lambda_1.25,Researcher sensitivity scenario,dynamic_fe,LIMITED_CHALLENGER,CI,963125.0597755838,963125.0597755838,19541812.0,33018844.0,0.0492853508044998,0.0492853508044998
501105,MANUFACTURERS&TRADERS TR CO,researcher_unemployment_only,Researcher partial-shock sensitivity,ar_mean,FORMAL_BASELINE,CI,290668.72003581165,290668.72003581165,19541812.0,33018844.0,0.014874194882020748,0.014874194882020748
501105,MANUFACTURERS&TRADERS TR CO,researcher_unemployment_only,Researcher partial-shock sensitivity,ar_mean,FORMAL_BASELINE,CRE,93389.50268880442,93389.50268880442,19541812.0,33808431.0,0.004778958199413873,0.004778958199413873
501105,MANUFACTURERS&TRADERS TR CO,researcher_unemployment_only,Researcher partial-shock sensitivity,dynamic_fe,LIMITED_CHALLENGER,CI,83155.75194415379,83155.75194415379,19541812.0,33018844.0,0.004255273356644398,0.004255273356644398
501105,MANUFACTURERS&TRADERS TR CO,severely_adverse,Fed official,ar_mean,FORMAL_BASELINE,CI,290668.72003581165,290668.72003581165,19541812.0,33018844.0,0.014874194882020748,0.014874194882020748
501105,MANUFACTURERS&TRADERS TR CO,severely_adverse,Fed official,ar_mean,FORMAL_BASELINE,CRE,93389.50268880442,93389.50268880442,19541812.0,33808431.0,0.004778958199413873,0.004778958199413873
501105,MANUFACTURERS&TRADERS TR CO,severely_adverse,Fed official,dynamic_fe,LIMITED_CHALLENGER,CI,773829.6251743368,773829.6251743368,19541812.0,33018844.0,0.03959866286577401,0.03959866286577401
60143,COMERICA BANK,baseline,Fed official,ar_mean,FORMAL_BASELINE,CI,188774.48459106236,188774.48459106236,8571000.0,24497000.0,0.0220247911085127,0.0220247911085127
60143,COMERICA BANK,baseline,Fed official,ar_mean,FORMAL_BASELINE,CRE,0.0,-7016.838273550049,8571000.0,17692000.0,0.0,-0.0008186720655174482
60143,COMERICA BANK,baseline,Fed official,dynamic_fe,LIMITED_CHALLENGER,CI,28552.88876902048,-8270.277393328299,8571000.0,24497000.0,0.003331336923231884,-0.0009649139415853808
60143,COMERICA BANK,researcher_cre_only,Researcher partial-shock sensitivity,ar_mean,FORMAL_BASELINE,CI,188774.48459106236,188774.48459106236,8571000.0,24497000.0,0.0220247911085127,0.0220247911085127
60143,COMERICA BANK,researcher_cre_only,Researcher partial-shock sensitivity,ar_mean,FORMAL_BASELINE,CRE,0.0,-7016.838273550049,8571000.0,17692000.0,0.0,-0.0008186720655174482
60143,COMERICA BANK,researcher_cre_only,Researcher partial-shock sensitivity,dynamic_fe,LIMITED_CHALLENGER,CI,28552.88876902048,-8270.277393328299,8571000.0,24497000.0,0.003331336923231884,-0.0009649139415853808
60143,COMERICA BANK,researcher_high_for_longer_rates,Researcher partial-shock sensitivity,ar_mean,FORMAL_BASELINE,CI,188774.48459106236,188774.48459106236,8571000.0,24497000.0,0.0220247911085127,0.0220247911085127
60143,COMERICA BANK,researcher_high_for_longer_rates,Researcher partial-shock sensitivity,ar_mean,FORMAL_BASELINE,CRE,0.0,-7016.838273550049,8571000.0,17692000.0,0.0,-0.0008186720655174482
60143,COMERICA BANK,researcher_high_for_longer_rates,Researcher partial-shock sensitivity,dynamic_fe,LIMITED_CHALLENGER,CI,30356.031106585448,17217.367317837346,8571000.0,24497000.0,0.0035417140481373757,0.002008793293412361
60143,COMERICA BANK,researcher_lambda_0.5,Researcher sensitivity scenario,ar_mean,FORMAL_BASELINE,CI,188774.48459106236,188774.48459106236,8571000.0,24497000.0,0.0220247911085127,0.0220247911085127
60143,COMERICA BANK,researcher_lambda_0.5,Researcher sensitivity scenario,ar_mean,FORMAL_BASELINE,CRE,0.0,-7016.838273550049,8571000.0,17692000.0,0.0,-0.0008186720655174482
60143,COMERICA BANK,researcher_lambda_0.5,Researcher sensitivity scenario,dynamic_fe,LIMITED_CHALLENGER,CI,272676.5032515752,272676.5032515752,8571000.0,24497000.0,0.031813849405154034,0.031813849405154034
60143,COMERICA BANK,researcher_lambda_1,Researcher sensitivity scenario,ar_mean,FORMAL_BASELINE,CI,188774.48459106236,188774.48459106236,8571000.0,24497000.0,0.0220247911085127,0.0220247911085127
60143,COMERICA BANK,researcher_lambda_1,Researcher sensitivity scenario,ar_mean,FORMAL_BASELINE,CRE,0.0,-7016.838273550049,8571000.0,17692000.0,0.0,-0.0008186720655174482
60143,COMERICA BANK,researcher_lambda_1,Researcher sensitivity scenario,dynamic_fe,LIMITED_CHALLENGER,CI,553585.9975282886,553585.9975282886,8571000.0,24497000.0,0.0645882624580899,0.0645882624580899
60143,COMERICA BANK,researcher_lambda_1.25,Researcher sensitivity scenario,ar_mean,FORMAL_BASELINE,CI,188774.48459106236,188774.48459106236,8571000.0,24497000.0,0.0220247911085127,0.0220247911085127
60143,COMERICA BANK,researcher_lambda_1.25,Researcher sensitivity scenario,ar_mean,FORMAL_BASELINE,CRE,0.0,-7016.838273550049,8571000.0,17692000.0,0.0,-0.0008186720655174482
60143,COMERICA BANK,researcher_lambda_1.25,Researcher sensitivity scenario,dynamic_fe,LIMITED_CHALLENGER,CI,694026.112918965,694026.112918965,8571000.0,24497000.0,0.08097376186197236,0.08097376186197236
60143,COMERICA BANK,researcher_unemployment_only,Researcher partial-shock sensitivity,ar_mean,FORMAL_BASELINE,CI,188774.48459106236,188774.48459106236,8571000.0,24497000.0,0.0220247911085127,0.0220247911085127
60143,COMERICA BANK,researcher_unemployment_only,Researcher partial-shock sensitivity,ar_mean,FORMAL_BASELINE,CRE,0.0,-7016.838273550049,8571000.0,17692000.0,0.0,-0.0008186720655174482
60143,COMERICA BANK,researcher_unemployment_only,Researcher partial-shock sensitivity,dynamic_fe,LIMITED_CHALLENGER,CI,42693.36565613406,41168.36496308448,8571000.0,24497000.0,0.0049811417169681555,0.004803216073163514
60143,COMERICA BANK,severely_adverse,Fed official,ar_mean,FORMAL_BASELINE,CI,188774.48459106236,188774.48459106236,8571000.0,24497000.0,0.0220247911085127,0.0220247911085127
60143,COMERICA BANK,severely_adverse,Fed official,ar_mean,FORMAL_BASELINE,CRE,0.0,-7016.838273550049,8571000.0,17692000.0,0.0,-0.0008186720655174482
60143,COMERICA BANK,severely_adverse,Fed official,dynamic_fe,LIMITED_CHALLENGER,CI,553585.9975282886,553585.9975282886,8571000.0,24497000.0,0.0645882624580899,0.0645882624580899
606046,CADENCE BANK,baseline,Fed official,ar_mean,FORMAL_BASELINE,CI,82829.08910090945,82829.08910090945,5047638.0,7933792.0,0.01640947490705741,0.01640947490705741
606046,CADENCE BANK,baseline,Fed official,ar_mean,FORMAL_BASELINE,CRE,28838.777935597922,28838.777935597922,5047638.0,15442498.0,0.005713321346657174,0.005713321346657174
606046,CADENCE BANK,baseline,Fed official,dynamic_fe,LIMITED_CHALLENGER,CI,28171.349740024474,28171.349740024474,5047638.0,7933792.0,0.00558109550249532,0.00558109550249532
606046,CADENCE BANK,researcher_cre_only,Researcher partial-shock sensitivity,ar_mean,FORMAL_BASELINE,CI,82829.08910090945,82829.08910090945,5047638.0,7933792.0,0.01640947490705741,0.01640947490705741
606046,CADENCE BANK,researcher_cre_only,Researcher partial-shock sensitivity,ar_mean,FORMAL_BASELINE,CRE,28838.777935597922,28838.777935597922,5047638.0,15442498.0,0.005713321346657174,0.005713321346657174
606046,CADENCE BANK,researcher_cre_only,Researcher partial-shock sensitivity,dynamic_fe,LIMITED_CHALLENGER,CI,28171.349740024474,28171.349740024474,5047638.0,7933792.0,0.00558109550249532,0.00558109550249532
606046,CADENCE BANK,researcher_high_for_longer_rates,Researcher partial-shock sensitivity,ar_mean,FORMAL_BASELINE,CI,82829.08910090945,82829.08910090945,5047638.0,7933792.0,0.01640947490705741,0.01640947490705741
606046,CADENCE BANK,researcher_high_for_longer_rates,Researcher partial-shock sensitivity,ar_mean,FORMAL_BASELINE,CRE,28838.777935597922,28838.777935597922,5047638.0,15442498.0,0.005713321346657174,0.005713321346657174
606046,CADENCE BANK,researcher_high_for_longer_rates,Researcher partial-shock sensitivity,dynamic_fe,LIMITED_CHALLENGER,CI,36425.9797644474,36425.9797644474,5047638.0,7933792.0,0.007216440593490936,0.007216440593490936
606046,CADENCE BANK,researcher_lambda_0.5,Researcher sensitivity scenario,ar_mean,FORMAL_BASELINE,CI,82829.08910090945,82829.08910090945,5047638.0,7933792.0,0.01640947490705741,0.01640947490705741
606046,CADENCE BANK,researcher_lambda_0.5,Researcher sensitivity scenario,ar_mean,FORMAL_BASELINE,CRE,28838.777935597922,28838.777935597922,5047638.0,15442498.0,0.005713321346657174,0.005713321346657174
606046,CADENCE BANK,researcher_lambda_0.5,Researcher sensitivity scenario,dynamic_fe,LIMITED_CHALLENGER,CI,119160.99421511493,119160.99421511493,5047638.0,7933792.0,0.023607278139818055,0.023607278139818055
606046,CADENCE BANK,researcher_lambda_1,Researcher sensitivity scenario,ar_mean,FORMAL_BASELINE,CI,82829.08910090945,82829.08910090945,5047638.0,7933792.0,0.01640947490705741,0.01640947490705741
606046,CADENCE BANK,researcher_lambda_1,Researcher sensitivity scenario,ar_mean,FORMAL_BASELINE,CRE,28838.777935597922,28838.777935597922,5047638.0,15442498.0,0.005713321346657174,0.005713321346657174
606046,CADENCE BANK,researcher_lambda_1,Researcher sensitivity scenario,dynamic_fe,LIMITED_CHALLENGER,CI,210138.56283235922,210138.56283235922,5047638.0,7933792.0,0.04163106839919171,0.04163106839919171
606046,CADENCE BANK,researcher_lambda_1.25,Researcher sensitivity scenario,ar_mean,FORMAL_BASELINE,CI,82829.08910090945,82829.08910090945,5047638.0,7933792.0,0.01640947490705741,0.01640947490705741
606046,CADENCE BANK,researcher_lambda_1.25,Researcher sensitivity scenario,ar_mean,FORMAL_BASELINE,CRE,28838.777935597922,28838.777935597922,5047638.0,15442498.0,0.005713321346657174,0.005713321346657174
606046,CADENCE BANK,researcher_lambda_1.25,Researcher sensitivity scenario,dynamic_fe,LIMITED_CHALLENGER,CI,255622.6083875548,255622.6083875548,5047638.0,7933792.0,0.050642024722762365,0.050642024722762365
606046,CADENCE BANK,researcher_unemployment_only,Researcher partial-shock sensitivity,ar_mean,FORMAL_BASELINE,CI,82829.08910090945,82829.08910090945,5047638.0,7933792.0,0.01640947490705741,0.01640947490705741
606046,CADENCE BANK,researcher_unemployment_only,Researcher partial-shock sensitivity,ar_mean,FORMAL_BASELINE,CRE,28838.777935597922,28838.777935597922,5047638.0,15442498.0,0.005713321346657174,0.005713321346657174
606046,CADENCE BANK,researcher_unemployment_only,Researcher partial-shock sensitivity,dynamic_fe,LIMITED_CHALLENGER,CI,44182.93912722164,44182.93912722164,5047638.0,7933792.0,0.008753190923600631,0.008753190923600631
606046,CADENCE BANK,severely_adverse,Fed official,ar_mean,FORMAL_BASELINE,CI,82829.08910090945,82829.08910090945,5047638.0,7933792.0,0.01640947490705741,0.01640947490705741
606046,CADENCE BANK,severely_adverse,Fed official,ar_mean,FORMAL_BASELINE,CRE,28838.777935597922,28838.777935597922,5047638.0,15442498.0,0.005713321346657174,0.005713321346657174
606046,CADENCE BANK,severely_adverse,Fed official,dynamic_fe,LIMITED_CHALLENGER,CI,210138.56283235922,210138.56283235922,5047638.0,7933792.0,0.04163106839919171,0.04163106839919171
63069,CITY NATIONAL BANK,baseline,Fed official,ar_mean,FORMAL_BASELINE,CI,63711.750920416845,63711.750920416845,10955121.0,10647070.0,0.0058157049037082156,0.0058157049037082156
63069,CITY NATIONAL BANK,baseline,Fed official,ar_mean,FORMAL_BASELINE,CRE,0.0,-3969.3024424371647,10955121.0,16428548.0,0.0,-0.00036232392526172597
63069,CITY NATIONAL BANK,baseline,Fed official,dynamic_fe,LIMITED_CHALLENGER,CI,9087.9309626801,-25008.234544227467,10955121.0,10647070.0,0.0008295600717399744,-0.0022827894410502145
63069,CITY NATIONAL BANK,researcher_cre_only,Researcher partial-shock sensitivity,ar_mean,FORMAL_BASELINE,CI,63711.750920416845,63711.750920416845,10955121.0,10647070.0,0.0058157049037082156,0.0058157049037082156
63069,CITY NATIONAL BANK,researcher_cre_only,Researcher partial-shock sensitivity,ar_mean,FORMAL_BASELINE,CRE,0.0,-3969.3024424371647,10955121.0,16428548.0,0.0,-0.00036232392526172597
63069,CITY NATIONAL BANK,researcher_cre_only,Researcher partial-shock sensitivity,dynamic_fe,LIMITED_CHALLENGER,CI,9087.9309626801,-25008.234544227467,10955121.0,10647070.0,0.0008295600717399744,-0.0022827894410502145
63069,CITY NATIONAL BANK,researcher_high_for_longer_rates,Researcher partial-shock sensitivity,ar_mean,FORMAL_BASELINE,CI,63711.750920416845,63711.750920416845,10955121.0,10647070.0,0.0058157049037082156,0.0058157049037082156
63069,CITY NATIONAL BANK,researcher_high_for_longer_rates,Researcher partial-shock sensitivity,ar_mean,FORMAL_BASELINE,CRE,0.0,-3969.3024424371647,10955121.0,16428548.0,0.0,-0.00036232392526172597
63069,CITY NATIONAL BANK,researcher_high_for_longer_rates,Researcher partial-shock sensitivity,dynamic_fe,LIMITED_CHALLENGER,CI,9087.9309626801,-13930.60310466709,10955121.0,10647070.0,0.0008295600717399744,-0.0012716065029922618
63069,CITY NATIONAL BANK,researcher_lambda_0.5,Researcher sensitivity scenario,ar_mean,FORMAL_BASELINE,CI,63711.750920416845,63711.750920416845,10955121.0,10647070.0,0.0058157049037082156,0.0058157049037082156
63069,CITY NATIONAL BANK,researcher_lambda_0.5,Researcher sensitivity scenario,ar_mean,FORMAL_BASELINE,CRE,0.0,-3969.3024424371647,10955121.0,16428548.0,0.0,-0.00036232392526172597
63069,CITY NATIONAL BANK,researcher_lambda_0.5,Researcher sensitivity scenario,dynamic_fe,LIMITED_CHALLENGER,CI,97098.9638801075,97098.9638801075,10955121.0,10647070.0,0.008863340156636108,0.008863340156636108
63069,CITY NATIONAL BANK,researcher_lambda_1,Researcher sensitivity scenario,ar_mean,FORMAL_BASELINE,CI,63711.750920416845,63711.750920416845,10955121.0,10647070.0,0.0058157049037082156,0.0058157049037082156
63069,CITY NATIONAL BANK,researcher_lambda_1,Researcher sensitivity scenario,ar_mean,FORMAL_BASELINE,CRE,0.0,-3969.3024424371647,10955121.0,16428548.0,0.0,-0.00036232392526172597
63069,CITY NATIONAL BANK,researcher_lambda_1,Researcher sensitivity scenario,dynamic_fe,LIMITED_CHALLENGER,CI,219189.95662325015,219189.95662325015,10955121.0,10647070.0,0.02000799047525355,0.02000799047525355
63069,CITY NATIONAL BANK,researcher_lambda_1.25,Researcher sensitivity scenario,ar_mean,FORMAL_BASELINE,CI,63711.750920416845,63711.750920416845,10955121.0,10647070.0,0.0058157049037082156,0.0058157049037082156
63069,CITY NATIONAL BANK,researcher_lambda_1.25,Researcher sensitivity scenario,ar_mean,FORMAL_BASELINE,CRE,0.0,-3969.3024424371647,10955121.0,16428548.0,0.0,-0.00036232392526172597
63069,CITY NATIONAL BANK,researcher_lambda_1.25,Researcher sensitivity scenario,dynamic_fe,LIMITED_CHALLENGER,CI,280229.0936348275,280229.0936348275,10955121.0,10647070.0,0.025579735142571912,0.025579735142571912
63069,CITY NATIONAL BANK,researcher_unemployment_only,Researcher partial-shock sensitivity,ar_mean,FORMAL_BASELINE,CI,63711.750920416845,63711.750920416845,10955121.0,10647070.0,0.0058157049037082156,0.0058157049037082156
63069,CITY NATIONAL BANK,researcher_unemployment_only,Researcher partial-shock sensitivity,ar_mean,FORMAL_BASELINE,CRE,0.0,-3969.3024424371647,10955121.0,16428548.0,0.0,-0.00036232392526172597
63069,CITY NATIONAL BANK,researcher_unemployment_only,Researcher partial-shock sensitivity,dynamic_fe,LIMITED_CHALLENGER,CI,9811.092375923294,-3520.840746060684,10955121.0,10647070.0,0.0008955713383652534,-0.0003213876639117618
63069,CITY NATIONAL BANK,severely_adverse,Fed official,ar_mean,FORMAL_BASELINE,CI,63711.750920416845,63711.750920416845,10955121.0,10647070.0,0.0058157049037082156,0.0058157049037082156
63069,CITY NATIONAL BANK,severely_adverse,Fed official,ar_mean,FORMAL_BASELINE,CRE,0.0,-3969.3024424371647,10955121.0,16428548.0,0.0,-0.00036232392526172597
63069,CITY NATIONAL BANK,severely_adverse,Fed official,dynamic_fe,LIMITED_CHALLENGER,CI,219189.95662325015,219189.95662325015,10955121.0,10647070.0,0.02000799047525355,0.02000799047525355
682563,FROST BANK,baseline,Fed official,ar_mean,FORMAL_BASELINE,CI,48517.54641505027,48517.54641505027,4687844.0,5556888.0,0.010349650375535164,0.010349650375535164
682563,FROST BANK,baseline,Fed official,ar_mean,FORMAL_BASELINE,CRE,10950.063402314881,10950.063402314881,4687844.0,10047785.0,0.002335842106161144,0.002335842106161144
682563,FROST BANK,baseline,Fed official,dynamic_fe,LIMITED_CHALLENGER,CI,10132.616063054422,9576.53737803925,4687844.0,5556888.0,0.0021614661373233457,0.0020428447230836284
682563,FROST BANK,researcher_cre_only,Researcher partial-shock sensitivity,ar_mean,FORMAL_BASELINE,CI,48517.54641505027,48517.54641505027,4687844.0,5556888.0,0.010349650375535164,0.010349650375535164
682563,FROST BANK,researcher_cre_only,Researcher partial-shock sensitivity,ar_mean,FORMAL_BASELINE,CRE,10950.063402314881,10950.063402314881,4687844.0,10047785.0,0.002335842106161144,0.002335842106161144
682563,FROST BANK,researcher_cre_only,Researcher partial-shock sensitivity,dynamic_fe,LIMITED_CHALLENGER,CI,10132.616063054422,9576.53737803925,4687844.0,5556888.0,0.0021614661373233457,0.0020428447230836284
682563,FROST BANK,researcher_high_for_longer_rates,Researcher partial-shock sensitivity,ar_mean,FORMAL_BASELINE,CI,48517.54641505027,48517.54641505027,4687844.0,5556888.0,0.010349650375535164,0.010349650375535164
682563,FROST BANK,researcher_high_for_longer_rates,Researcher partial-shock sensitivity,ar_mean,FORMAL_BASELINE,CRE,10950.063402314881,10950.063402314881,4687844.0,10047785.0,0.002335842106161144,0.002335842106161144
682563,FROST BANK,researcher_high_for_longer_rates,Researcher partial-shock sensitivity,dynamic_fe,LIMITED_CHALLENGER,CI,15358.142760075414,15358.142760075414,4687844.0,5556888.0,0.003276163362107488,0.003276163362107488
682563,FROST BANK,researcher_lambda_0.5,Researcher sensitivity scenario,ar_mean,FORMAL_BASELINE,CI,48517.54641505027,48517.54641505027,4687844.0,5556888.0,0.010349650375535164,0.010349650375535164
682563,FROST BANK,researcher_lambda_0.5,Researcher sensitivity scenario,ar_mean,FORMAL_BASELINE,CRE,10950.063402314881,10950.063402314881,4687844.0,10047785.0,0.002335842106161144,0.002335842106161144
682563,FROST BANK,researcher_lambda_0.5,Researcher sensitivity scenario,dynamic_fe,LIMITED_CHALLENGER,CI,73306.3734397732,73306.3734397732,4687844.0,5556888.0,0.01563754541315223,0.01563754541315223
682563,FROST BANK,researcher_lambda_1,Researcher sensitivity scenario,ar_mean,FORMAL_BASELINE,CI,48517.54641505027,48517.54641505027,4687844.0,5556888.0,0.010349650375535164,0.010349650375535164
682563,FROST BANK,researcher_lambda_1,Researcher sensitivity scenario,ar_mean,FORMAL_BASELINE,CRE,10950.063402314881,10950.063402314881,4687844.0,10047785.0,0.002335842106161144,0.002335842106161144
682563,FROST BANK,researcher_lambda_1,Researcher sensitivity scenario,dynamic_fe,LIMITED_CHALLENGER,CI,137027.75147922037,137027.75147922037,4687844.0,5556888.0,0.029230441857540562,0.029230441857540562
682563,FROST BANK,researcher_lambda_1.25,Researcher sensitivity scenario,ar_mean,FORMAL_BASELINE,CI,48517.54641505027,48517.54641505027,4687844.0,5556888.0,0.010349650375535164,0.010349650375535164
682563,FROST BANK,researcher_lambda_1.25,Researcher sensitivity scenario,ar_mean,FORMAL_BASELINE,CRE,10950.063402314881,10950.063402314881,4687844.0,10047785.0,0.002335842106161144,0.002335842106161144
682563,FROST BANK,researcher_lambda_1.25,Researcher sensitivity scenario,dynamic_fe,LIMITED_CHALLENGER,CI,168885.12144015703,168885.12144015703,4687844.0,5556888.0,0.036026182065818965,0.036026182065818965
682563,FROST BANK,researcher_unemployment_only,Researcher partial-shock sensitivity,ar_mean,FORMAL_BASELINE,CI,48517.54641505027,48517.54641505027,4687844.0,5556888.0,0.010349650375535164,0.010349650375535164
682563,FROST BANK,researcher_unemployment_only,Researcher partial-shock sensitivity,ar_mean,FORMAL_BASELINE,CRE,10950.063402314881,10950.063402314881,4687844.0,10047785.0,0.002335842106161144,0.002335842106161144
682563,FROST BANK,researcher_unemployment_only,Researcher partial-shock sensitivity,dynamic_fe,LIMITED_CHALLENGER,CI,20791.17584179571,20791.17584179571,4687844.0,5556888.0,0.004435125367182805,0.004435125367182805
682563,FROST BANK,severely_adverse,Fed official,ar_mean,FORMAL_BASELINE,CI,48517.54641505027,48517.54641505027,4687844.0,5556888.0,0.010349650375535164,0.010349650375535164
682563,FROST BANK,severely_adverse,Fed official,ar_mean,FORMAL_BASELINE,CRE,10950.063402314881,10950.063402314881,4687844.0,10047785.0,0.002335842106161144,0.002335842106161144
682563,FROST BANK,severely_adverse,Fed official,dynamic_fe,LIMITED_CHALLENGER,CI,137027.75147922037,137027.75147922037,4687844.0,5556888.0,0.029230441857540562,0.029230441857540562
694904,FLAGSTAR BANK NATIONAL ASSN,baseline,Fed official,ar_mean,FORMAL_BASELINE,CI,182144.67686135432,182144.67686135432,8348457.0,10072478.0,0.021817765469877168,0.021817765469877168
694904,FLAGSTAR BANK NATIONAL ASSN,baseline,Fed official,ar_mean,FORMAL_BASELINE,CRE,133722.2298595613,133722.2298595613,8348457.0,38419670.0,0.016017598205220595,0.016017598205220595
694904,FLAGSTAR BANK NATIONAL ASSN,baseline,Fed official,dynamic_fe,LIMITED_CHALLENGER,CI,73830.26040507162,73830.26040507162,8348457.0,10072478.0,0.008843581563044718,0.008843581563044718
694904,FLAGSTAR BANK NATIONAL ASSN,researcher_cre_only,Researcher partial-shock sensitivity,ar_mean,FORMAL_BASELINE,CI,182144.67686135432,182144.67686135432,8348457.0,10072478.0,0.021817765469877168,0.021817765469877168
694904,FLAGSTAR BANK NATIONAL ASSN,researcher_cre_only,Researcher partial-shock sensitivity,ar_mean,FORMAL_BASELINE,CRE,133722.2298595613,133722.2298595613,8348457.0,38419670.0,0.016017598205220595,0.016017598205220595
694904,FLAGSTAR BANK NATIONAL ASSN,researcher_cre_only,Researcher partial-shock sensitivity,dynamic_fe,LIMITED_CHALLENGER,CI,73830.26040507162,73830.26040507162,8348457.0,10072478.0,0.008843581563044718,0.008843581563044718
694904,FLAGSTAR BANK NATIONAL ASSN,researcher_high_for_longer_rates,Researcher partial-shock sensitivity,ar_mean,FORMAL_BASELINE,CI,182144.67686135432,182144.67686135432,8348457.0,10072478.0,0.021817765469877168,0.021817765469877168
694904,FLAGSTAR BANK NATIONAL ASSN,researcher_high_for_longer_rates,Researcher partial-shock sensitivity,ar_mean,FORMAL_BASELINE,CRE,133722.2298595613,133722.2298595613,8348457.0,38419670.0,0.016017598205220595,0.016017598205220595
694904,FLAGSTAR BANK NATIONAL ASSN,researcher_high_for_longer_rates,Researcher partial-shock sensitivity,dynamic_fe,LIMITED_CHALLENGER,CI,84310.0636717995,84310.0636717995,8348457.0,10072478.0,0.010098879789618547,0.010098879789618547
694904,FLAGSTAR BANK NATIONAL ASSN,researcher_lambda_0.5,Researcher sensitivity scenario,ar_mean,FORMAL_BASELINE,CI,182144.67686135432,182144.67686135432,8348457.0,10072478.0,0.021817765469877168,0.021817765469877168
694904,FLAGSTAR BANK NATIONAL ASSN,researcher_lambda_0.5,Researcher sensitivity scenario,ar_mean,FORMAL_BASELINE,CRE,133722.2298595613,133722.2298595613,8348457.0,38419670.0,0.016017598205220595,0.016017598205220595
694904,FLAGSTAR BANK NATIONAL ASSN,researcher_lambda_0.5,Researcher sensitivity scenario,dynamic_fe,LIMITED_CHALLENGER,CI,189347.68160834617,189347.68160834617,8348457.0,10072478.0,0.022680560205118883,0.022680560205118883
694904,FLAGSTAR BANK NATIONAL ASSN,researcher_lambda_1,Researcher sensitivity scenario,ar_mean,FORMAL_BASELINE,CI,182144.67686135432,182144.67686135432,8348457.0,10072478.0,0.021817765469877168,0.021817765469877168
694904,FLAGSTAR BANK NATIONAL ASSN,researcher_lambda_1,Researcher sensitivity scenario,ar_mean,FORMAL_BASELINE,CRE,133722.2298595613,133722.2298595613,8348457.0,38419670.0,0.016017598205220595,0.016017598205220595
694904,FLAGSTAR BANK NATIONAL ASSN,researcher_lambda_1,Researcher sensitivity scenario,dynamic_fe,LIMITED_CHALLENGER,CI,304849.7717048201,304849.7717048201,8348457.0,10072478.0,0.036515702447149224,0.036515702447149224
694904,FLAGSTAR BANK NATIONAL ASSN,researcher_lambda_1.25,Researcher sensitivity scenario,ar_mean,FORMAL_BASELINE,CI,182144.67686135432,182144.67686135432,8348457.0,10072478.0,0.021817765469877168,0.021817765469877168
694904,FLAGSTAR BANK NATIONAL ASSN,researcher_lambda_1.25,Researcher sensitivity scenario,ar_mean,FORMAL_BASELINE,CRE,133722.2298595613,133722.2298595613,8348457.0,38419670.0,0.016017598205220595,0.016017598205220595
694904,FLAGSTAR BANK NATIONAL ASSN,researcher_lambda_1.25,Researcher sensitivity scenario,dynamic_fe,LIMITED_CHALLENGER,CI,362594.8005895836,362594.8005895836,8348457.0,10072478.0,0.043432552936378974,0.043432552936378974
694904,FLAGSTAR BANK NATIONAL ASSN,researcher_unemployment_only,Researcher partial-shock sensitivity,ar_mean,FORMAL_BASELINE,CI,182144.67686135432,182144.67686135432,8348457.0,10072478.0,0.021817765469877168,0.021817765469877168
694904,FLAGSTAR BANK NATIONAL ASSN,researcher_unemployment_only,Researcher partial-shock sensitivity,ar_mean,FORMAL_BASELINE,CRE,133722.2298595613,133722.2298595613,8348457.0,38419670.0,0.016017598205220595,0.016017598205220595
694904,FLAGSTAR BANK NATIONAL ASSN,researcher_unemployment_only,Researcher partial-shock sensitivity,dynamic_fe,LIMITED_CHALLENGER,CI,94158.04084695576,94158.04084695576,8348457.0,10072478.0,0.011278496235526608,0.011278496235526608
694904,FLAGSTAR BANK NATIONAL ASSN,severely_adverse,Fed official,ar_mean,FORMAL_BASELINE,CI,182144.67686135432,182144.67686135432,8348457.0,10072478.0,0.021817765469877168,0.021817765469877168
694904,FLAGSTAR BANK NATIONAL ASSN,severely_adverse,Fed official,ar_mean,FORMAL_BASELINE,CRE,133722.2298595613,133722.2298595613,8348457.0,38419670.0,0.016017598205220595,0.016017598205220595
694904,FLAGSTAR BANK NATIONAL ASSN,severely_adverse,Fed official,dynamic_fe,LIMITED_CHALLENGER,CI,304849.7717048201,304849.7717048201,8348457.0,10072478.0,0.036515702447149224,0.036515702447149224
722777,SANTANDER BANK N A,baseline,Fed official,ar_mean,FORMAL_BASELINE,CI,58183.52047905748,58183.52047905748,13115216.0,7299086.0,0.004436337188732346,0.004436337188732346
722777,SANTANDER BANK N A,baseline,Fed official,ar_mean,FORMAL_BASELINE,CRE,52225.201835580236,52225.201835580236,13115216.0,17791992.0,0.003982031392817338,0.003982031392817338
722777,SANTANDER BANK N A,baseline,Fed official,dynamic_fe,LIMITED_CHALLENGER,CI,30029.582494335293,30029.582494335293,13115216.0,7299086.0,0.002289675022838762,0.002289675022838762
722777,SANTANDER BANK N A,researcher_cre_only,Researcher partial-shock sensitivity,ar_mean,FORMAL_BASELINE,CI,58183.52047905748,58183.52047905748,13115216.0,7299086.0,0.004436337188732346,0.004436337188732346
722777,SANTANDER BANK N A,researcher_cre_only,Researcher partial-shock sensitivity,ar_mean,FORMAL_BASELINE,CRE,52225.201835580236,52225.201835580236,13115216.0,17791992.0,0.003982031392817338,0.003982031392817338
722777,SANTANDER BANK N A,researcher_cre_only,Researcher partial-shock sensitivity,dynamic_fe,LIMITED_CHALLENGER,CI,30029.582494335293,30029.582494335293,13115216.0,7299086.0,0.002289675022838762,0.002289675022838762
722777,SANTANDER BANK N A,researcher_high_for_longer_rates,Researcher partial-shock sensitivity,ar_mean,FORMAL_BASELINE,CI,58183.52047905748,58183.52047905748,13115216.0,7299086.0,0.004436337188732346,0.004436337188732346
722777,SANTANDER BANK N A,researcher_high_for_longer_rates,Researcher partial-shock sensitivity,ar_mean,FORMAL_BASELINE,CRE,52225.201835580236,52225.201835580236,13115216.0,17791992.0,0.003982031392817338,0.003982031392817338
722777,SANTANDER BANK N A,researcher_high_for_longer_rates,Researcher partial-shock sensitivity,dynamic_fe,LIMITED_CHALLENGER,CI,37623.83937004429,37623.83937004429,13115216.0,7299086.0,0.002868716715763148,0.002868716715763148
722777,SANTANDER BANK N A,researcher_lambda_0.5,Researcher sensitivity scenario,ar_mean,FORMAL_BASELINE,CI,58183.52047905748,58183.52047905748,13115216.0,7299086.0,0.004436337188732346,0.004436337188732346
722777,SANTANDER BANK N A,researcher_lambda_0.5,Researcher sensitivity scenario,ar_mean,FORMAL_BASELINE,CRE,52225.201835580236,52225.201835580236,13115216.0,17791992.0,0.003982031392817338,0.003982031392817338
722777,SANTANDER BANK N A,researcher_lambda_0.5,Researcher sensitivity scenario,dynamic_fe,LIMITED_CHALLENGER,CI,113740.02513426208,113740.02513426208,13115216.0,7299086.0,0.008672371475564114,0.008672371475564114
722777,SANTANDER BANK N A,researcher_lambda_1,Researcher sensitivity scenario,ar_mean,FORMAL_BASELINE,CI,58183.52047905748,58183.52047905748,13115216.0,7299086.0,0.004436337188732346,0.004436337188732346
722777,SANTANDER BANK N A,researcher_lambda_1,Researcher sensitivity scenario,ar_mean,FORMAL_BASELINE,CRE,52225.201835580236,52225.201835580236,13115216.0,17791992.0,0.003982031392817338,0.003982031392817338
722777,SANTANDER BANK N A,researcher_lambda_1,Researcher sensitivity scenario,dynamic_fe,LIMITED_CHALLENGER,CI,197439.35798898872,197439.35798898872,13115216.0,7299086.0,0.01505422083700251,0.01505422083700251
722777,SANTANDER BANK N A,researcher_lambda_1.25,Researcher sensitivity scenario,ar_mean,FORMAL_BASELINE,CI,58183.52047905748,58183.52047905748,13115216.0,7299086.0,0.004436337188732346,0.004436337188732346
722777,SANTANDER BANK N A,researcher_lambda_1.25,Researcher sensitivity scenario,ar_mean,FORMAL_BASELINE,CRE,52225.201835580236,52225.201835580236,13115216.0,17791992.0,0.003982031392817338,0.003982031392817338
722777,SANTANDER BANK N A,researcher_lambda_1.25,Researcher sensitivity scenario,dynamic_fe,LIMITED_CHALLENGER,CI,239284.66476477642,239284.66476477642,13115216.0,7299086.0,0.01824481310599661,0.01824481310599661
722777,SANTANDER BANK N A,researcher_unemployment_only,Researcher partial-shock sensitivity,ar_mean,FORMAL_BASELINE,CI,58183.52047905748,58183.52047905748,13115216.0,7299086.0,0.004436337188732346,0.004436337188732346
722777,SANTANDER BANK N A,researcher_unemployment_only,Researcher partial-shock sensitivity,ar_mean,FORMAL_BASELINE,CRE,52225.201835580236,52225.201835580236,13115216.0,17791992.0,0.003982031392817338,0.003982031392817338
722777,SANTANDER BANK N A,researcher_unemployment_only,Researcher partial-shock sensitivity,dynamic_fe,LIMITED_CHALLENGER,CI,44760.23940263833,44760.23940263833,13115216.0,7299086.0,0.003412848053942713,0.003412848053942713
722777,SANTANDER BANK N A,severely_adverse,Fed official,ar_mean,FORMAL_BASELINE,CI,58183.52047905748,58183.52047905748,13115216.0,7299086.0,0.004436337188732346,0.004436337188732346
722777,SANTANDER BANK N A,severely_adverse,Fed official,ar_mean,FORMAL_BASELINE,CRE,52225.201835580236,52225.201835580236,13115216.0,17791992.0,0.003982031392817338,0.003982031392817338
722777,SANTANDER BANK N A,severely_adverse,Fed official,dynamic_fe,LIMITED_CHALLENGER,CI,197439.35798898872,197439.35798898872,13115216.0,7299086.0,0.01505422083700251,0.01505422083700251
723112,FIFTH THIRD BANK NA,baseline,Fed official,ar_mean,FORMAL_BASELINE,CI,570123.0701946219,570123.0701946219,21766000.0,41796000.0,0.02619328632705237,0.02619328632705237
723112,FIFTH THIRD BANK NA,baseline,Fed official,ar_mean,FORMAL_BASELINE,CRE,47560.876412390084,47560.876412390084,21766000.0,16511000.0,0.0021850995319484556,0.0021850995319484556
723112,FIFTH THIRD BANK NA,baseline,Fed official,dynamic_fe,LIMITED_CHALLENGER,CI,257332.37066943684,257332.37066943684,21766000.0,41796000.0,0.011822676222982489,0.011822676222982489
723112,FIFTH THIRD BANK NA,researcher_cre_only,Researcher partial-shock sensitivity,ar_mean,FORMAL_BASELINE,CI,570123.0701946219,570123.0701946219,21766000.0,41796000.0,0.02619328632705237,0.02619328632705237
723112,FIFTH THIRD BANK NA,researcher_cre_only,Researcher partial-shock sensitivity,ar_mean,FORMAL_BASELINE,CRE,47560.876412390084,47560.876412390084,21766000.0,16511000.0,0.0021850995319484556,0.0021850995319484556
723112,FIFTH THIRD BANK NA,researcher_cre_only,Researcher partial-shock sensitivity,dynamic_fe,LIMITED_CHALLENGER,CI,257332.37066943684,257332.37066943684,21766000.0,41796000.0,0.011822676222982489,0.011822676222982489
723112,FIFTH THIRD BANK NA,researcher_high_for_longer_rates,Researcher partial-shock sensitivity,ar_mean,FORMAL_BASELINE,CI,570123.0701946219,570123.0701946219,21766000.0,41796000.0,0.02619328632705237,0.02619328632705237
723112,FIFTH THIRD BANK NA,researcher_high_for_longer_rates,Researcher partial-shock sensitivity,ar_mean,FORMAL_BASELINE,CRE,47560.876412390084,47560.876412390084,21766000.0,16511000.0,0.0021850995319484556,0.0021850995319484556
723112,FIFTH THIRD BANK NA,researcher_high_for_longer_rates,Researcher partial-shock sensitivity,dynamic_fe,LIMITED_CHALLENGER,CI,300818.5770762572,300818.5770762572,21766000.0,41796000.0,0.013820572318122632,0.013820572318122632
723112,FIFTH THIRD BANK NA,researcher_lambda_0.5,Researcher sensitivity scenario,ar_mean,FORMAL_BASELINE,CI,570123.0701946219,570123.0701946219,21766000.0,41796000.0,0.02619328632705237,0.02619328632705237
723112,FIFTH THIRD BANK NA,researcher_lambda_0.5,Researcher sensitivity scenario,ar_mean,FORMAL_BASELINE,CRE,47560.876412390084,47560.876412390084,21766000.0,16511000.0,0.0021850995319484556,0.0021850995319484556
723112,FIFTH THIRD BANK NA,researcher_lambda_0.5,Researcher sensitivity scenario,dynamic_fe,LIMITED_CHALLENGER,CI,736674.8062262147,736674.8062262147,21766000.0,41796000.0,0.03384520840881258,0.03384520840881258
723112,FIFTH THIRD BANK NA,researcher_lambda_1,Researcher sensitivity scenario,ar_mean,FORMAL_BASELINE,CI,570123.0701946219,570123.0701946219,21766000.0,41796000.0,0.02619328632705237,0.02619328632705237
723112,FIFTH THIRD BANK NA,researcher_lambda_1,Researcher sensitivity scenario,ar_mean,FORMAL_BASELINE,CRE,47560.876412390084,47560.876412390084,21766000.0,16511000.0,0.0021850995319484556,0.0021850995319484556
723112,FIFTH THIRD BANK NA,researcher_lambda_1,Researcher sensitivity scenario,dynamic_fe,LIMITED_CHALLENGER,CI,1215953.624970939,1215953.624970939,21766000.0,41796000.0,0.05586481783382059,0.05586481783382059
723112,FIFTH THIRD BANK NA,researcher_lambda_1.25,Researcher sensitivity scenario,ar_mean,FORMAL_BASELINE,CI,570123.0701946219,570123.0701946219,21766000.0,41796000.0,0.02619328632705237,0.02619328632705237
723112,FIFTH THIRD BANK NA,researcher_lambda_1.25,Researcher sensitivity scenario,ar_mean,FORMAL_BASELINE,CRE,47560.876412390084,47560.876412390084,21766000.0,16511000.0,0.0021850995319484556,0.0021850995319484556
723112,FIFTH THIRD BANK NA,researcher_lambda_1.25,Researcher sensitivity scenario,dynamic_fe,LIMITED_CHALLENGER,CI,1455568.0701221297,1455568.0701221297,21766000.0,41796000.0,0.0668734756097643,0.0668734756097643
723112,FIFTH THIRD BANK NA,researcher_unemployment_only,Researcher partial-shock sensitivity,ar_mean,FORMAL_BASELINE,CI,570123.0701946219,570123.0701946219,21766000.0,41796000.0,0.02619328632705237,0.02619328632705237
723112,FIFTH THIRD BANK NA,researcher_unemployment_only,Researcher partial-shock sensitivity,ar_mean,FORMAL_BASELINE,CRE,47560.876412390084,47560.876412390084,21766000.0,16511000.0,0.0021850995319484556,0.0021850995319484556
723112,FIFTH THIRD BANK NA,researcher_unemployment_only,Researcher partial-shock sensitivity,dynamic_fe,LIMITED_CHALLENGER,CI,341683.0052748427,341683.0052748427,21766000.0,41796000.0,0.01569801549549034,0.01569801549549034
723112,FIFTH THIRD BANK NA,severely_adverse,Fed official,ar_mean,FORMAL_BASELINE,CI,570123.0701946219,570123.0701946219,21766000.0,41796000.0,0.02619328632705237,0.02619328632705237
723112,FIFTH THIRD BANK NA,severely_adverse,Fed official,ar_mean,FORMAL_BASELINE,CRE,47560.876412390084,47560.876412390084,21766000.0,16511000.0,0.0021850995319484556,0.0021850995319484556
723112,FIFTH THIRD BANK NA,severely_adverse,Fed official,dynamic_fe,LIMITED_CHALLENGER,CI,1215953.624970939,1215953.624970939,21766000.0,41796000.0,0.05586481783382059,0.05586481783382059
761806,WEBSTER BANK NATIONAL ASSN,baseline,Fed official,ar_mean,FORMAL_BASELINE,CI,152756.5522712786,152756.5522712786,7007352.0,9945487.0,0.021799468939376614,0.021799468939376614
761806,WEBSTER BANK NATIONAL ASSN,baseline,Fed official,ar_mean,FORMAL_BASELINE,CRE,76149.63026411444,76149.63026411444,7007352.0,22264907.0,0.010867105043975875,0.010867105043975875
761806,WEBSTER BANK NATIONAL ASSN,baseline,Fed official,dynamic_fe,LIMITED_CHALLENGER,CI,80281.06298916953,80281.06298916953,7007352.0,9945487.0,0.01145669048581683,0.01145669048581683
761806,WEBSTER BANK NATIONAL ASSN,researcher_cre_only,Researcher partial-shock sensitivity,ar_mean,FORMAL_BASELINE,CI,152756.5522712786,152756.5522712786,7007352.0,9945487.0,0.021799468939376614,0.021799468939376614
761806,WEBSTER BANK NATIONAL ASSN,researcher_cre_only,Researcher partial-shock sensitivity,ar_mean,FORMAL_BASELINE,CRE,76149.63026411444,76149.63026411444,7007352.0,22264907.0,0.010867105043975875,0.010867105043975875
761806,WEBSTER BANK NATIONAL ASSN,researcher_cre_only,Researcher partial-shock sensitivity,dynamic_fe,LIMITED_CHALLENGER,CI,80281.06298916953,80281.06298916953,7007352.0,9945487.0,0.01145669048581683,0.01145669048581683
761806,WEBSTER BANK NATIONAL ASSN,researcher_high_for_longer_rates,Researcher partial-shock sensitivity,ar_mean,FORMAL_BASELINE,CI,152756.5522712786,152756.5522712786,7007352.0,9945487.0,0.021799468939376614,0.021799468939376614
761806,WEBSTER BANK NATIONAL ASSN,researcher_high_for_longer_rates,Researcher partial-shock sensitivity,ar_mean,FORMAL_BASELINE,CRE,76149.63026411444,76149.63026411444,7007352.0,22264907.0,0.010867105043975875,0.010867105043975875
761806,WEBSTER BANK NATIONAL ASSN,researcher_high_for_longer_rates,Researcher partial-shock sensitivity,dynamic_fe,LIMITED_CHALLENGER,CI,90628.739812271,90628.739812271,7007352.0,9945487.0,0.012933379087031877,0.012933379087031877
761806,WEBSTER BANK NATIONAL ASSN,researcher_lambda_0.5,Researcher sensitivity scenario,ar_mean,FORMAL_BASELINE,CI,152756.5522712786,152756.5522712786,7007352.0,9945487.0,0.021799468939376614,0.021799468939376614
761806,WEBSTER BANK NATIONAL ASSN,researcher_lambda_0.5,Researcher sensitivity scenario,ar_mean,FORMAL_BASELINE,CRE,76149.63026411444,76149.63026411444,7007352.0,22264907.0,0.010867105043975875,0.010867105043975875
761806,WEBSTER BANK NATIONAL ASSN,researcher_lambda_0.5,Researcher sensitivity scenario,dynamic_fe,LIMITED_CHALLENGER,CI,194342.07268814245,194342.07268814245,7007352.0,9945487.0,0.02773402459133528,0.02773402459133528
761806,WEBSTER BANK NATIONAL ASSN,researcher_lambda_1,Researcher sensitivity scenario,ar_mean,FORMAL_BASELINE,CI,152756.5522712786,152756.5522712786,7007352.0,9945487.0,0.021799468939376614,0.021799468939376614
761806,WEBSTER BANK NATIONAL ASSN,researcher_lambda_1,Researcher sensitivity scenario,ar_mean,FORMAL_BASELINE,CRE,76149.63026411444,76149.63026411444,7007352.0,22264907.0,0.010867105043975875,0.010867105043975875
761806,WEBSTER BANK NATIONAL ASSN,researcher_lambda_1,Researcher sensitivity scenario,dynamic_fe,LIMITED_CHALLENGER,CI,308387.9445706435,308387.9445706435,7007352.0,9945487.0,0.044009198420550795,0.044009198420550795
761806,WEBSTER BANK NATIONAL ASSN,researcher_lambda_1.25,Researcher sensitivity scenario,ar_mean,FORMAL_BASELINE,CI,152756.5522712786,152756.5522712786,7007352.0,9945487.0,0.021799468939376614,0.021799468939376614
761806,WEBSTER BANK NATIONAL ASSN,researcher_lambda_1.25,Researcher sensitivity scenario,ar_mean,FORMAL_BASELINE,CRE,76149.63026411444,76149.63026411444,7007352.0,22264907.0,0.010867105043975875,0.010867105043975875
761806,WEBSTER BANK NATIONAL ASSN,researcher_lambda_1.25,Researcher sensitivity scenario,dynamic_fe,LIMITED_CHALLENGER,CI,365404.94019853557,365404.94019853557,7007352.0,9945487.0,0.052145937609318835,0.052145937609318835
761806,WEBSTER BANK NATIONAL ASSN,researcher_unemployment_only,Researcher partial-shock sensitivity,ar_mean,FORMAL_BASELINE,CI,152756.5522712786,152756.5522712786,7007352.0,9945487.0,0.021799468939376614,0.021799468939376614
761806,WEBSTER BANK NATIONAL ASSN,researcher_unemployment_only,Researcher partial-shock sensitivity,ar_mean,FORMAL_BASELINE,CRE,76149.63026411444,76149.63026411444,7007352.0,22264907.0,0.010867105043975875,0.010867105043975875
761806,WEBSTER BANK NATIONAL ASSN,researcher_unemployment_only,Researcher partial-shock sensitivity,dynamic_fe,LIMITED_CHALLENGER,CI,100352.55643136051,100352.55643136051,7007352.0,9945487.0,0.01432103830824547,0.01432103830824547
761806,WEBSTER BANK NATIONAL ASSN,severely_adverse,Fed official,ar_mean,FORMAL_BASELINE,CI,152756.5522712786,152756.5522712786,7007352.0,9945487.0,0.021799468939376614,0.021799468939376614
761806,WEBSTER BANK NATIONAL ASSN,severely_adverse,Fed official,ar_mean,FORMAL_BASELINE,CRE,76149.63026411444,76149.63026411444,7007352.0,22264907.0,0.010867105043975875,0.010867105043975875
761806,WEBSTER BANK NATIONAL ASSN,severely_adverse,Fed official,dynamic_fe,LIMITED_CHALLENGER,CI,308387.9445706435,308387.9445706435,7007352.0,9945487.0,0.044009198420550795,0.044009198420550795
936855,UMB BANK NATIONAL ASSN,baseline,Fed official,ar_mean,FORMAL_BASELINE,CI,84583.24347376065,84583.24347376065,5625218.0,14074122.0,0.015036438316481361,0.015036438316481361
936855,UMB BANK NATIONAL ASSN,baseline,Fed official,ar_mean,FORMAL_BASELINE,CRE,11122.721977493416,11122.721977493416,5625218.0,15514796.0,0.0019772961647874653,0.0019772961647874653
936855,UMB BANK NATIONAL ASSN,baseline,Fed official,dynamic_fe,LIMITED_CHALLENGER,CI,20152.162584556987,10066.601671667011,5625218.0,14074122.0,0.0035824678411675755,0.0017895487200081865
936855,UMB BANK NATIONAL ASSN,researcher_cre_only,Researcher partial-shock sensitivity,ar_mean,FORMAL_BASELINE,CI,84583.24347376065,84583.24347376065,5625218.0,14074122.0,0.015036438316481361,0.015036438316481361
936855,UMB BANK NATIONAL ASSN,researcher_cre_only,Researcher partial-shock sensitivity,ar_mean,FORMAL_BASELINE,CRE,11122.721977493416,11122.721977493416,5625218.0,15514796.0,0.0019772961647874653,0.0019772961647874653
936855,UMB BANK NATIONAL ASSN,researcher_cre_only,Researcher partial-shock sensitivity,dynamic_fe,LIMITED_CHALLENGER,CI,20152.162584556987,10066.601671667011,5625218.0,14074122.0,0.0035824678411675755,0.0017895487200081865
936855,UMB BANK NATIONAL ASSN,researcher_high_for_longer_rates,Researcher partial-shock sensitivity,ar_mean,FORMAL_BASELINE,CI,84583.24347376065,84583.24347376065,5625218.0,14074122.0,0.015036438316481361,0.015036438316481361
936855,UMB BANK NATIONAL ASSN,researcher_high_for_longer_rates,Researcher partial-shock sensitivity,ar_mean,FORMAL_BASELINE,CRE,11122.721977493416,11122.721977493416,5625218.0,15514796.0,0.0019772961647874653,0.0019772961647874653
936855,UMB BANK NATIONAL ASSN,researcher_high_for_longer_rates,Researcher partial-shock sensitivity,dynamic_fe,LIMITED_CHALLENGER,CI,25875.563027207645,24709.8731399121,5625218.0,14074122.0,0.004599921821200111,0.00439269609460684
936855,UMB BANK NATIONAL ASSN,researcher_lambda_0.5,Researcher sensitivity scenario,ar_mean,FORMAL_BASELINE,CI,84583.24347376065,84583.24347376065,5625218.0,14074122.0,0.015036438316481361,0.015036438316481361
936855,UMB BANK NATIONAL ASSN,researcher_lambda_0.5,Researcher sensitivity scenario,ar_mean,FORMAL_BASELINE,CRE,11122.721977493416,11122.721977493416,5625218.0,15514796.0,0.0019772961647874653,0.0019772961647874653
936855,UMB BANK NATIONAL ASSN,researcher_lambda_0.5,Researcher sensitivity scenario,dynamic_fe,LIMITED_CHALLENGER,CI,171477.35671528912,171477.35671528912,5625218.0,14074122.0,0.030483682004019953,0.030483682004019953
936855,UMB BANK NATIONAL ASSN,researcher_lambda_1,Researcher sensitivity scenario,ar_mean,FORMAL_BASELINE,CI,84583.24347376065,84583.24347376065,5625218.0,14074122.0,0.015036438316481361,0.015036438316481361
936855,UMB BANK NATIONAL ASSN,researcher_lambda_1,Researcher sensitivity scenario,ar_mean,FORMAL_BASELINE,CRE,11122.721977493416,11122.721977493416,5625218.0,15514796.0,0.0019772961647874653,0.0019772961647874653
936855,UMB BANK NATIONAL ASSN,researcher_lambda_1,Researcher sensitivity scenario,dynamic_fe,LIMITED_CHALLENGER,CI,332866.6898339879,332866.6898339879,5625218.0,14074122.0,0.05917400709341183,0.05917400709341183
936855,UMB BANK NATIONAL ASSN,researcher_lambda_1.25,Researcher sensitivity scenario,ar_mean,FORMAL_BASELINE,CI,84583.24347376065,84583.24347376065,5625218.0,14074122.0,0.015036438316481361,0.015036438316481361
936855,UMB BANK NATIONAL ASSN,researcher_lambda_1.25,Researcher sensitivity scenario,ar_mean,FORMAL_BASELINE,CRE,11122.721977493416,11122.721977493416,5625218.0,15514796.0,0.0019772961647874653,0.0019772961647874653
936855,UMB BANK NATIONAL ASSN,researcher_lambda_1.25,Researcher sensitivity scenario,dynamic_fe,LIMITED_CHALLENGER,CI,413552.9500986105,413552.9500986105,5625218.0,14074122.0,0.07351767524362798,0.07351767524362798
936855,UMB BANK NATIONAL ASSN,researcher_unemployment_only,Researcher partial-shock sensitivity,ar_mean,FORMAL_BASELINE,CI,84583.24347376065,84583.24347376065,5625218.0,14074122.0,0.015036438316481361,0.015036438316481361
936855,UMB BANK NATIONAL ASSN,researcher_unemployment_only,Researcher partial-shock sensitivity,ar_mean,FORMAL_BASELINE,CRE,11122.721977493416,11122.721977493416,5625218.0,15514796.0,0.0019772961647874653,0.0019772961647874653
936855,UMB BANK NATIONAL ASSN,researcher_unemployment_only,Researcher partial-shock sensitivity,dynamic_fe,LIMITED_CHALLENGER,CI,38470.30351428125,38470.30351428125,5625218.0,14074122.0,0.0068389000238357435,0.0068389000238357435
936855,UMB BANK NATIONAL ASSN,severely_adverse,Fed official,ar_mean,FORMAL_BASELINE,CI,84583.24347376065,84583.24347376065,5625218.0,14074122.0,0.015036438316481361,0.015036438316481361
936855,UMB BANK NATIONAL ASSN,severely_adverse,Fed official,ar_mean,FORMAL_BASELINE,CRE,11122.721977493416,11122.721977493416,5625218.0,15514796.0,0.0019772961647874653,0.0019772961647874653
936855,UMB BANK NATIONAL ASSN,severely_adverse,Fed official,dynamic_fe,LIMITED_CHALLENGER,CI,332866.6898339879,332866.6898339879,5625218.0,14074122.0,0.05917400709341183,0.05917400709341183
940311,BANCO POPULAR DE PUERTO RICO,baseline,Fed official,ar_mean,FORMAL_BASELINE,CI,108934.84330907879,108934.84330907879,4484000.0,4139000.0,0.024294122058224527,0.024294122058224527
940311,BANCO POPULAR DE PUERTO RICO,baseline,Fed official,ar_mean,FORMAL_BASELINE,CRE,45928.234427830364,45928.234427830364,4484000.0,5233000.0,0.010242692780515246,0.010242692780515246
940311,BANCO POPULAR DE PUERTO RICO,baseline,Fed official,dynamic_fe,LIMITED_CHALLENGER,CI,30821.95599385073,30821.95599385073,4484000.0,4139000.0,0.006873763602553686,0.006873763602553686
940311,BANCO POPULAR DE PUERTO RICO,researcher_cre_only,Researcher partial-shock sensitivity,ar_mean,FORMAL_BASELINE,CI,108934.84330907879,108934.84330907879,4484000.0,4139000.0,0.024294122058224527,0.024294122058224527
940311,BANCO POPULAR DE PUERTO RICO,researcher_cre_only,Researcher partial-shock sensitivity,ar_mean,FORMAL_BASELINE,CRE,45928.234427830364,45928.234427830364,4484000.0,5233000.0,0.010242692780515246,0.010242692780515246
940311,BANCO POPULAR DE PUERTO RICO,researcher_cre_only,Researcher partial-shock sensitivity,dynamic_fe,LIMITED_CHALLENGER,CI,30821.95599385073,30821.95599385073,4484000.0,4139000.0,0.006873763602553686,0.006873763602553686
940311,BANCO POPULAR DE PUERTO RICO,researcher_high_for_longer_rates,Researcher partial-shock sensitivity,ar_mean,FORMAL_BASELINE,CI,108934.84330907879,108934.84330907879,4484000.0,4139000.0,0.024294122058224527,0.024294122058224527
940311,BANCO POPULAR DE PUERTO RICO,researcher_high_for_longer_rates,Researcher partial-shock sensitivity,ar_mean,FORMAL_BASELINE,CRE,45928.234427830364,45928.234427830364,4484000.0,5233000.0,0.010242692780515246,0.010242692780515246
940311,BANCO POPULAR DE PUERTO RICO,researcher_high_for_longer_rates,Researcher partial-shock sensitivity,dynamic_fe,LIMITED_CHALLENGER,CI,35128.33479368396,35128.33479368396,4484000.0,4139000.0,0.00783415138128545,0.00783415138128545
940311,BANCO POPULAR DE PUERTO RICO,researcher_lambda_0.5,Researcher sensitivity scenario,ar_mean,FORMAL_BASELINE,CI,108934.84330907879,108934.84330907879,4484000.0,4139000.0,0.024294122058224527,0.024294122058224527
940311,BANCO POPULAR DE PUERTO RICO,researcher_lambda_0.5,Researcher sensitivity scenario,ar_mean,FORMAL_BASELINE,CRE,45928.234427830364,45928.234427830364,4484000.0,5233000.0,0.010242692780515246,0.010242692780515246
940311,BANCO POPULAR DE PUERTO RICO,researcher_lambda_0.5,Researcher sensitivity scenario,dynamic_fe,LIMITED_CHALLENGER,CI,78290.57358332111,78290.57358332111,4484000.0,4139000.0,0.017459985188073394,0.017459985188073394
940311,BANCO POPULAR DE PUERTO RICO,researcher_lambda_1,Researcher sensitivity scenario,ar_mean,FORMAL_BASELINE,CI,108934.84330907879,108934.84330907879,4484000.0,4139000.0,0.024294122058224527,0.024294122058224527
940311,BANCO POPULAR DE PUERTO RICO,researcher_lambda_1,Researcher sensitivity scenario,ar_mean,FORMAL_BASELINE,CRE,45928.234427830364,45928.234427830364,4484000.0,5233000.0,0.010242692780515246,0.010242692780515246
940311,BANCO POPULAR DE PUERTO RICO,researcher_lambda_1,Researcher sensitivity scenario,dynamic_fe,LIMITED_CHALLENGER,CI,125752.89128799172,125752.89128799172,4484000.0,4139000.0,0.028044801803744808,0.028044801803744808
940311,BANCO POPULAR DE PUERTO RICO,researcher_lambda_1.25,Researcher sensitivity scenario,ar_mean,FORMAL_BASELINE,CI,108934.84330907879,108934.84330907879,4484000.0,4139000.0,0.024294122058224527,0.024294122058224527
940311,BANCO POPULAR DE PUERTO RICO,researcher_lambda_1.25,Researcher sensitivity scenario,ar_mean,FORMAL_BASELINE,CRE,45928.234427830364,45928.234427830364,4484000.0,5233000.0,0.010242692780515246,0.010242692780515246
940311,BANCO POPULAR DE PUERTO RICO,researcher_lambda_1.25,Researcher sensitivity scenario,dynamic_fe,LIMITED_CHALLENGER,CI,149481.5779680754,149481.5779680754,4484000.0,4139000.0,0.033336658779677834,0.033336658779677834
940311,BANCO POPULAR DE PUERTO RICO,researcher_unemployment_only,Researcher partial-shock sensitivity,ar_mean,FORMAL_BASELINE,CI,108934.84330907879,108934.84330907879,4484000.0,4139000.0,0.024294122058224527,0.024294122058224527
940311,BANCO POPULAR DE PUERTO RICO,researcher_unemployment_only,Researcher partial-shock sensitivity,ar_mean,FORMAL_BASELINE,CRE,45928.234427830364,45928.234427830364,4484000.0,5233000.0,0.010242692780515246,0.010242692780515246
940311,BANCO POPULAR DE PUERTO RICO,researcher_unemployment_only,Researcher partial-shock sensitivity,dynamic_fe,LIMITED_CHALLENGER,CI,39175.082528250554,39175.082528250554,4484000.0,4139000.0,0.008736637495149543,0.008736637495149543
940311,BANCO POPULAR DE PUERTO RICO,severely_adverse,Fed official,ar_mean,FORMAL_BASELINE,CI,108934.84330907879,108934.84330907879,4484000.0,4139000.0,0.024294122058224527,0.024294122058224527
940311,BANCO POPULAR DE PUERTO RICO,severely_adverse,Fed official,ar_mean,FORMAL_BASELINE,CRE,45928.234427830364,45928.234427830364,4484000.0,5233000.0,0.010242692780515246,0.010242692780515246
940311,BANCO POPULAR DE PUERTO RICO,severely_adverse,Fed official,dynamic_fe,LIMITED_CHALLENGER,CI,125752.89128799172,125752.89128799172,4484000.0,4139000.0,0.028044801803744808,0.028044801803744808
962966,SOFI BANK NATIONAL ASSN,baseline,Fed official,ar_mean,FORMAL_BASELINE,CI,37.78417393762099,37.78417393762099,5789629.0,4163.0,6.526182236827436e-06,6.526182236827436e-06
962966,SOFI BANK NATIONAL ASSN,baseline,Fed official,ar_mean,FORMAL_BASELINE,CRE,1639.7179533169892,1639.7179533169892,5789629.0,159361.0,0.0002832164121944583,0.0002832164121944583
962966,SOFI BANK NATIONAL ASSN,baseline,Fed official,dynamic_fe,LIMITED_CHALLENGER,CI,0.0,-29.702676769600046,5789629.0,4163.0,0.0,-5.130324718492333e-06
962966,SOFI BANK NATIONAL ASSN,researcher_cre_only,Researcher partial-shock sensitivity,ar_mean,FORMAL_BASELINE,CI,37.78417393762099,37.78417393762099,5789629.0,4163.0,6.526182236827436e-06,6.526182236827436e-06
962966,SOFI BANK NATIONAL ASSN,researcher_cre_only,Researcher partial-shock sensitivity,ar_mean,FORMAL_BASELINE,CRE,1639.7179533169892,1639.7179533169892,5789629.0,159361.0,0.0002832164121944583,0.0002832164121944583
962966,SOFI BANK NATIONAL ASSN,researcher_cre_only,Researcher partial-shock sensitivity,dynamic_fe,LIMITED_CHALLENGER,CI,0.0,-29.702676769600046,5789629.0,4163.0,0.0,-5.130324718492333e-06
962966,SOFI BANK NATIONAL ASSN,researcher_high_for_longer_rates,Researcher partial-shock sensitivity,ar_mean,FORMAL_BASELINE,CI,37.78417393762099,37.78417393762099,5789629.0,4163.0,6.526182236827436e-06,6.526182236827436e-06
962966,SOFI BANK NATIONAL ASSN,researcher_high_for_longer_rates,Researcher partial-shock sensitivity,ar_mean,FORMAL_BASELINE,CRE,1639.7179533169892,1639.7179533169892,5789629.0,159361.0,0.0002832164121944583,0.0002832164121944583
962966,SOFI BANK NATIONAL ASSN,researcher_high_for_longer_rates,Researcher partial-shock sensitivity,dynamic_fe,LIMITED_CHALLENGER,CI,0.0,-25.37132742345225,5789629.0,4163.0,0.0,-4.382202628778502e-06
962966,SOFI BANK NATIONAL ASSN,researcher_lambda_0.5,Researcher sensitivity scenario,ar_mean,FORMAL_BASELINE,CI,37.78417393762099,37.78417393762099,5789629.0,4163.0,6.526182236827436e-06,6.526182236827436e-06
962966,SOFI BANK NATIONAL ASSN,researcher_lambda_0.5,Researcher sensitivity scenario,ar_mean,FORMAL_BASELINE,CRE,1639.7179533169892,1639.7179533169892,5789629.0,159361.0,0.0002832164121944583,0.0002832164121944583
962966,SOFI BANK NATIONAL ASSN,researcher_lambda_0.5,Researcher sensitivity scenario,dynamic_fe,LIMITED_CHALLENGER,CI,19.16565944655822,18.04118769644614,5789629.0,4163.0,3.3103432787417327e-06,3.1161215505252826e-06
962966,SOFI BANK NATIONAL ASSN,researcher_lambda_1,Researcher sensitivity scenario,ar_mean,FORMAL_BASELINE,CI,37.78417393762099,37.78417393762099,5789629.0,4163.0,6.526182236827436e-06,6.526182236827436e-06
962966,SOFI BANK NATIONAL ASSN,researcher_lambda_1,Researcher sensitivity scenario,ar_mean,FORMAL_BASELINE,CRE,1639.7179533169892,1639.7179533169892,5789629.0,159361.0,0.0002832164121944583,0.0002832164121944583
962966,SOFI BANK NATIONAL ASSN,researcher_lambda_1,Researcher sensitivity scenario,dynamic_fe,LIMITED_CHALLENGER,CI,66.82199365824597,65.77871574779763,5789629.0,4163.0,1.1541671091229849e-05,1.1361473377274715e-05
962966,SOFI BANK NATIONAL ASSN,researcher_lambda_1.25,Researcher sensitivity scenario,ar_mean,FORMAL_BASELINE,CI,37.78417393762099,37.78417393762099,5789629.0,4163.0,6.526182236827436e-06,6.526182236827436e-06
962966,SOFI BANK NATIONAL ASSN,researcher_lambda_1.25,Researcher sensitivity scenario,ar_mean,FORMAL_BASELINE,CRE,1639.7179533169892,1639.7179533169892,5789629.0,159361.0,0.0002832164121944583,0.0002832164121944583
962966,SOFI BANK NATIONAL ASSN,researcher_lambda_1.25,Researcher sensitivity scenario,dynamic_fe,LIMITED_CHALLENGER,CI,90.64832956067622,89.64499326632587,5789629.0,4163.0,1.5657018707187664e-05,1.5483719814572897e-05
962966,SOFI BANK NATIONAL ASSN,researcher_unemployment_only,Researcher partial-shock sensitivity,ar_mean,FORMAL_BASELINE,CI,37.78417393762099,37.78417393762099,5789629.0,4163.0,6.526182236827436e-06,6.526182236827436e-06
962966,SOFI BANK NATIONAL ASSN,researcher_unemployment_only,Researcher partial-shock sensitivity,ar_mean,FORMAL_BASELINE,CRE,1639.7179533169892,1639.7179533169892,5789629.0,159361.0,0.0002832164121944583,0.0002832164121944583
962966,SOFI BANK NATIONAL ASSN,researcher_unemployment_only,Researcher partial-shock sensitivity,dynamic_fe,LIMITED_CHALLENGER,CI,0.0,-21.301114613836223,5789629.0,4163.0,0.0,-3.6791847308067965e-06
962966,SOFI BANK NATIONAL ASSN,severely_adverse,Fed official,ar_mean,FORMAL_BASELINE,CI,37.78417393762099,37.78417393762099,5789629.0,4163.0,6.526182236827436e-06,6.526182236827436e-06
962966,SOFI BANK NATIONAL ASSN,severely_adverse,Fed official,ar_mean,FORMAL_BASELINE,CRE,1639.7179533169892,1639.7179533169892,5789629.0,159361.0,0.0002832164121944583,0.0002832164121944583
962966,SOFI BANK NATIONAL ASSN,severely_adverse,Fed official,dynamic_fe,LIMITED_CHALLENGER,CI,66.82199365824597,65.77871574779763,5789629.0,4163.0,1.1541671091229849e-05,1.1361473377274715e-05
